2.08 0.000000 0.000000 0.000000 0.000000 0.000000 0.00
2.08 0.000000 0.000000 0.000000 0.000000 0.000000 0.00
2.09 0.000000 0.000000 0.000000 0.000000 0.000000 0.00
2.09 0.000000 0.000000 0.000000 0.000000 0.000000 0.00
2.09 0.000000 0.000000 0.000000 0.000000 0.000000 0.00
2.10 0.000000 0.000000 0.000000 0.000000 0.000000 0.00
2.10 0.000000 0.000000 0.000000 0.000000 0.000000 0.00
2.10 0.000000 0.000000 0.000000 0.000000 0.000000 0.00
2.12 0.000000 0.000000 0.000000 0.000000 0.000000 0.00
2.12 0.000000 0.000000 0.000000 0.000000 0.000000 0.00
2.12 0.000000 0.000000 0.000000 0.000000 0.000000 0.00
2.13 0.000000 0.000000 0.000000 0.000000 0.000000 0.00
2.13 0.000000 0.000000 0.000000 0.000000 0.000000 0.00
2.14 0.000000 0.000000 0.000000 0.000000 0.000000 0.00
2.14 0.000000 0.000000 0.000000 0.000000 0.000000 0.00
2.14 0.000000 0.000000 0.000000 0.000000 0.000000 0.00
2.15 0.000000 0.000000 0.000000 0.000000 0.000000 0.00
2.16 0.000000 0.000000 0.000000 0.000000 0.000000 0.00
2.16 0.000000 0.000000 0.000000 0.000000 0.000000 0.00
2.17 0.000000 0.000000 0.000000 0.000000 0.000000 0.00
2.17 0.000000 0.000000 0.000000 0.000000 0.000000 0.00
2.17 0.000000 0.000000 0.000000 0.000000 0.000000 0.00
2.18 0.000000 0.000000 0.000000 0.000000 0.000000 0.00
2.18 0.000000 0.000000 0.000000 0.000000 0.000000 0.00
2.19 0.000000 0.000000 0.000000 0.000000 0.000000 0.00
2.20 0.000000 0.000000 0.000000 0.000000 0.000000 0.00
2.20 0.000000 0.000000 0.000000 0.000000 0.000000 0.00
2.21 0.000000 0.000000 0.000000 0.000000 0.000000 0.00
2.21 0.000000 0.000000 0.000000 0.000000 0.000000 0.00
2.21 0.000000 0.000000 0.000000 0.000000 0.000000 0.00
2.22 0.000000 0.000000 0.000000 0.000000 0.000000 0.00
2.22 0.000000 0.000000 0.000000 0.000000 0.000000 0.00
2.22 0.000000 0.000000 0.000000 0.000000 0.000000 0.00
2.24 0.000000 0.000000 0.000000 0.000000 0.000000 0.00
2.24 0.000000 0.000000 0.000000 0.000000 0.000000 0.00
2.25 0.000000 0.000000 0.000000 0.000000 0.000000 0.00
2.25 0.000000 0.000000 0.000000 0.000000 0.000000 0.00
2.25 0.000000 0.000000 0.000000 0.000000 0.000000 0.00
2.26 0.000000 0.000000 0.000000 0.000000 0.000000 0.00
2.26 0.000000 0.000000 0.000000 0.000000 0.000000 0.00
2.26 0.000000 0.000000 0.000000 0.000000 0.000000 0.00
2.27 0.000000 0.000000 0.000000 0.000000 0.000000 0.00
2.28 0.000000 0.000000 0.000000 0.000000 0.000000 0.00
2.29 0.000000 0.000000 0.000000 0.000000 0.000000 0.00
2.29 0.000000 0.000000 0.000000 0.000000 0.000000 0.00
2.29 0.000000 0.000000 0.000000 0.000000 0.000000 0.00
2.30 0.000000 0.000000 0.000000 0.000000 0.000000 0.00
2.30 0.000000 0.000000 0.000000 0.000000 0.000000 0.00
2.30 0.000000 0.000000 0.000000 0.000000 0.000000 0.00
2.31 0.000000 0.000000 0.000000 0.000000 0.000000 0.00
2.32 0.000000 0.000000 0.000000 0.000000 0.000000 0.00
2.32 0.000000 0.000000 0.000000 0.000000 0.000000 0.00
2.33 0.000000 0.000000 0.000000 0.000000 0.000000 0.00
2.33 0.000000 0.000000 0.000000 0.000000 0.000000 0.00
2.34 0.000000 0.000000 0.000000 0.000000 0.000000 0.00
2.34 0.000000 0.000000 0.000000 0.000000 0.000000 0.00
2.34 0.000000 0.000000 0.000000 0.000000 0.000000 0.00
2.35 0.000000 0.000000 0.000000 0.000000 0.000000 0.00
2.36 0.000000 0.000000 0.000000 0.000000 0.000000 0.00
2.36 0.000000 0.000000 0.000000 0.000000 0.000000 0.00
2.37 0.000000 0.000000 0.000000 0.000000 0.000000 0.00
2.37 0.000000 0.000000 0.000000 0.000000 0.000000 0.00
2.37 0.000000 0.000000 0.000000 0.000000 0.000000 0.00
2.38 0.000000 0.000000 0.000000 0.000000 0.000000 0.00
2.38 0.000000 0.000000 0.000000 0.000000 0.000000 0.00
2.39 0.000000 0.000000 0.000000 0.000000 0.000000 0.00
2.39 0.000000 0.000000 0.000000 0.000000 0.000000 0.00
2.40 0.000000 0.000000 0.000000 0.000000 0.000000 0.00
2.41 0.000000 0.000000 0.000000 0.000000 0.000000 0.00
2.41 0.000000 0.000000 0.000000 0.000000 0.000000 0.00
2.41 0.000000 0.000000 0.000000 0.000000 0.000000 0.00
2.42 0.000000 0.000000 0.000000 0.000000 0.000000 0.00
2.42 0.000000 0.000000 0.000000 0.000000 0.000000 0.00
2.43 0.000000 0.000000 0.000000 0.000000 0.000000 0.00
2.43 0.000000 0.000000 0.000000 0.000000 0.000000 0.00
2.44 0.000000 0.000000 0.000000 0.000000 0.000000 0.00
2.45 0.000000 0.000000 0.000000 0.000000 0.000000 0.00
2.45 0.000000 0.000000 0.000000 0.000000 0.000000 0.00
2.45 0.000000 0.000000 0.000000 0.000000 0.000000 0.00
2.46 0.000000 0.000000 0.000000 0.000000 0.000000 0.00
2.46 0.000000 0.000000 0.000000 0.000000 0.000000 0.00
2.46 0.000000 0.000000 0.000000 0.000000 0.000000 0.00
2.47 0.000000 0.000000 0.000000 0.000000 0.000000 0.00
2.48 0.000000 0.000000 0.000000 0.000000 0.000000 0.00
2.49 0.000000 0.000000 0.000000 0.000000 0.000000 0.00
2.49 0.000000 0.000000 0.000000 0.000000 0.000000 0.00
2.49 0.000000 0.000000 0.000000 0.000000 0.000000 0.00
2.50 0.000000 0.000000 0.000000 0.000000 0.000000 0.00
2.50 0.000000 0.000000 0.000000 0.000000 0.000000 0.00
2.50 0.000000 0.000000 0.000000 0.000000 0.000000 0.00
2.51 0.000000 0.000000 0.000000 0.000000 0.000000 0.00
2.51 0.000000 0.000000 0.000000 0.000000 0.000000 0.00
2.52 0.000000 0.000000 0.000000 0.000000 0.000000 0.00
2.53 0.000000 0.000000 0.000000 0.000000 0.000000 0.00
2.53 0.000000 0.000000 0.000000 0.000000 0.000000 0.00
2.54 0.000000 0.000000 0.000000 0.000000 0.000000 0.00
2.54 0.000000 0.000000 0.000000 0.000000 0.000000 0.00
2.54 0.000000 0.000000 0.000000 0.000000 0.000000 0.00
2.55 0.000000 0.000000 0.000000 0.000000 0.000000 0.00
2.55 0.000000 0.000000 0.000000 0.000000 0.000000 0.00
2.56 0.000000 0.000000 0.000000 0.000000 0.000000 0.00
2.57 0.000000 0.000000 0.000000 0.000000 0.000000 0.00
2.57 0.000000 0.000000 0.000000 0.000000 0.000000 0.00
2.57 0.000000 0.000000 0.000000 0.000000 0.000000 0.00
2.58 0.000000 0.000000 0.000000 0.000000 0.000000 0.00
2.58 0.000000 0.000000 0.000000 0.000000 0.000000 0.00
2.59 0.000000 0.000000 0.000000 0.000000 0.000000 0.00
2.59 0.000000 0.000000 0.000000 0.000000 0.000000 0.00
2.60 0.000000 0.000000 0.000000 0.000000 0.000000 0.00
2.61 0.000000 0.000000 0.000000 0.000000 0.000000 0.00
2.61 0.000000 0.000000 0.000000 0.000000 0.000000 0.00
2.61 0.000000 0.000000 0.000000 0.000000 0.000000 0.00
2.62 0.000000 0.000000 0.000000 0.000000 0.000000 0.00
2.62 0.000000 0.000000 0.000000 0.000000 0.000000 0.00
2.63 0.000000 0.000000 0.000000 0.000000 0.000000 0.00
2.63 0.000000 0.000000 0.000000 0.000000 0.000000 0.00
2.63 0.000000 0.000000 0.000000 0.000000 0.000000 0.00
2.65 0.000000 0.000000 0.000000 0.000000 0.000000 0.00
2.65 0.000000 0.000000 0.000000 0.000000 0.000000 0.00
2.65 0.000000 0.000000 0.000000 0.000000 0.000000 0.00
2.66 0.000000 0.000000 0.000000 0.000000 0.000000 0.00
2.66 0.000000 0.000000 0.000000 0.000000 0.000000 0.00
2.66 0.000000 0.000000 0.000000 0.000000 0.000000 0.00
2.67 0.000000 0.000000 0.000000 0.000000 0.000000 0.00
2.67 0.000000 0.000000 0.000000 0.000000 0.000000 0.00
2.69 0.000000 0.000000 0.000000 0.000000 0.000000 0.00
2.69 0.000000 0.000000 0.000000 0.000000 0.000000 0.00
2.69 0.000000 0.000000 0.000000 0.000000 0.000000 0.00
2.70 0.000000 0.000000 0.000000 0.000000 0.000000 0.00
2.70 0.000000 0.000000 0.000000 0.000000 0.000000 0.00
2.70 0.000000 0.000000 0.000000 0.000000 0.000000 0.00
2.71 0.000000 0.000000 0.000000 0.000000 0.000000 0.00
2.71 0.000000 0.000000 0.000000 0.000000 0.000000 0.00
2.72 0.000000 0.000000 0.000000 0.000000 0.000000 0.00
2.73 0.000000 0.000000 0.000000 0.000000 0.000000 0.00
2.73 0.000000 0.000000 0.000000 0.000000 0.000000 0.00
2.74 0.000000 0.000000 0.000000 0.000000 0.000000 0.00
2.74 0.000000 0.000000 0.000000 0.000000 0.000000 0.00
2.74 0.000000 0.000000 0.000000 0.000000 0.000000 0.00
2.75 0.000000 0.000000 0.000000 0.000000 0.000000 0.00
2.75 0.000000 0.000000 0.000000 0.000000 0.000000 0.00
2.75 0.000000 0.000000 0.000000 0.000000 0.000000 0.00
2.77 0.000000 0.000000 0.000000 0.000000 0.000000 0.00
2.77 0.000000 0.000000 0.000000 0.000000 0.000000 0.00
2.77 0.000000 0.000000 0.000000 0.000000 0.000000 0.00
2.78 0.000000 0.000000 0.000000 0.000000 0.000000 0.00
2.78 0.000000 0.000000 0.000000 0.000000 0.000000 0.00
2.79 0.000000 0.000000 0.000000 0.000000 0.000000 0.00
2.79 0.000000 0.000000 0.000000 0.000000 0.000000 0.00
2.79 0.000000 0.000000 0.000000 0.000000 0.000000 0.00
2.81 0.000000 0.000000 0.000000 0.000000 0.000000 0.00
2.81 0.000000 0.000000 0.000000 0.000000 0.000000 0.00
2.81 0.000000 0.000000 0.000000 0.000000 0.000000 0.00
2.82 0.000000 0.000000 0.000000 0.000000 0.000000 0.00
2.82 0.000000 0.000000 0.000000 0.000000 0.000000 0.00
2.83 0.000000 0.000000 0.000000 0.000000 0.000000 0.00
2.83 0.000000 0.000000 0.000000 0.000000 0.000000 0.00
2.83 0.000000 0.000000 0.000000 0.000000 0.000000 0.00
2.85 0.000000 0.000000 0.000000 0.000000 0.000000 0.00
2.85 0.000000 0.000000 0.000000 0.000000 0.000000 0.00
2.85 0.000000 0.000000 0.000000 0.000000 0.000000 0.00
2.86 0.000000 0.000000 0.000000 0.000000 0.000000 0.00
2.86 0.000000 0.000000 0.000000 0.000000 0.000000 0.00
2.86 0.000000 0.000000 0.000000 0.000000 0.000000 0.00
2.87 0.000000 0.000000 0.000000 0.000000 0.000000 0.00
2.87 0.000000 0.000000 0.000000 0.000000 0.000000 0.00
2.88 0.000000 0.000000 0.000000 0.000000 0.000000 0.00
2.89 0.000000 0.000000 0.000000 0.000000 0.000000 0.00
2.89 0.000000 0.000000 0.000000 0.000000 0.000000 0.00
2.90 0.000000 0.000000 0.000000 0.000000 0.000000 0.00
2.90 0.000000 0.000000 0.000000 0.000000 0.000000 0.00
2.90 0.000000 0.000000 0.000000 0.000000 0.000000 0.00
2.91 0.000000 0.000000 0.000000 0.000000 0.000000 0.00
2.91 0.000000 0.000000 0.000000 0.000000 0.000000 0.00
2.91 0.000000 0.000000 0.000000 0.000000 0.000000 0.00
2.93 0.000000 0.000000 0.000000 0.000000 0.000000 0.00
2.93 0.000000 0.000000 0.000000 0.000000 0.000000 0.00
2.94 0.000000 0.000000 0.000000 0.000000 0.000000 0.00
2.94 0.000000 0.000000 0.000000 0.000000 0.000000 0.00
2.94 0.000000 0.000000 0.000000 0.000000 0.000000 0.00
2.95 0.000000 0.000000 0.000000 0.000000 0.000000 0.00
2.95 0.000000 0.000000 0.000000 0.000000 0.000000 0.00
2.95 0.000000 0.000000 0.000000 0.000000 0.000000 0.00
2.97 0.000000 0.000000 0.000000 0.000000 0.000000 0.00
2.97 0.000000 0.000000 0.000000 0.000000 0.000000 0.00
2.98 0.000000 0.000000 0.000000 0.000000 0.000000 0.00
2.98 0.000000 0.000000 0.000000 0.000000 0.000000 0.00
2.98 0.000000 0.000000 0.000000 0.000000 0.000000 0.00
2.99 0.000000 0.000000 0.000000 0.000000 0.000000 0.00
2.99 0.000000 0.000000 0.000000 0.000000 0.000000 0.00
2.99 0.000000 0.000000 0.000000 0.000000 0.000000 0.00
3.00 0.000000 0.000000 0.000000 0.000000 0.000000 0.00
3.01 0.000000 0.000000 0.000000 0.000000 0.000000 0.00
3.01 0.000000 0.000000 0.000000 0.000000 0.000000 0.00
3.02 0.000000 0.000000 0.000000 0.000000 0.000000 0.00
3.02 0.000000 0.000000 0.000000 0.000000 0.000000 0.00
3.03 0.000000 0.000000 0.000000 0.000000 0.000000 0.00
3.03 0.000000 0.000000 0.000000 0.000000 0.000000 0.00
3.03 0.000000 0.000000 0.000000 0.000000 0.000000 0.00
3.04 0.000000 0.000000 0.000000 0.000000 0.000000 0.00
3.05 0.000000 0.000000 0.000000 0.000000 0.000000 0.00
3.05 0.000000 0.000000 0.000000 0.000000 0.000000 0.00
3.06 0.000000 0.000000 0.000000 0.000000 0.000000 0.00
3.06 0.000000 0.000000 0.000000 0.000000 0.000000 0.00
3.06 0.000000 0.000000 0.000000 0.000000 0.000000 0.00
3.07 0.000000 0.000000 0.000000 0.000000 0.000000 0.00
3.07 0.000000 0.000000 0.000000 0.000000 0.000000 0.00
3.08 0.000000 0.000000 0.000000 0.000000 0.000000 0.00
3.09 0.000000 0.000000 0.000000 0.000000 0.000000 0.00
3.09 0.000000 0.000000 0.000000 0.000000 0.000000 0.00
3.10 0.000000 0.000000 0.000000 0.000000 0.000000 0.00
3.10 0.000000 0.000000 0.000000 0.000000 0.000000 0.00
3.10 0.000000 0.000000 0.000000 0.000000 0.000000 0.00
3.11 0.000000 0.000000 0.000000 0.000000 0.000000 0.00
3.11 0.000000 0.000000 0.000000 0.000000 0.000000 0.00
3.11 0.000000 0.000000 0.000000 0.000000 0.000000 0.00
3.12 0.000000 0.000000 0.000000 0.000000 0.000000 0.00
3.13 0.000000 0.000000 0.000000 0.000000 0.000000 0.00
3.14 0.000000 0.000000 0.000000 0.000000 0.000000 0.00
3.14 0.000000 0.000000 0.000000 0.000000 0.000000 0.00
3.14 0.000000 0.000000 0.000000 0.000000 0.000000 0.00
3.15 0.000000 0.000000 0.000000 0.000000 0.000000 0.00
3.15 0.000000 0.000000 0.000000 0.000000 0.000000 0.00
3.15 0.000000 0.000000 0.000000 0.000000 0.000000 0.00
3.16 0.000000 0.000000 0.000000 0.000000 0.000000 0.00
3.17 0.000000 0.000000 0.000000 0.000000 0.000000 0.00
3.18 0.000000 0.000000 0.000000 0.000000 0.000000 0.00
3.18 0.000000 0.000000 0.000000 0.000000 0.000000 0.00
3.18 0.000000 0.000000 0.000000 0.000000 0.000000 0.00
3.19 0.000000 0.000000 0.000000 0.000000 0.000000 0.00
3.19 0.000000 0.000000 0.000000 0.000000 0.000000 0.00
3.19 0.000000 0.000000 0.000000 0.000000 0.000000 0.00
3.20 0.000000 0.000000 0.000000 0.000000 0.000000 0.00
3.21 0.000000 0.000000 0.000000 0.000000 0.000000 0.00
3.21 0.000000 0.000000 0.000000 0.000000 0.000000 0.00
3.22 0.000000 0.000000 0.000000 0.000000 0.000000 0.00
3.22 0.000000 0.000000 0.000000 0.000000 0.000000 0.00
3.23 0.000000 0.000000 0.000000 0.000000 0.000000 0.00
3.23 0.000000 0.000000 0.000000 0.000000 0.000000 0.00
3.23 0.000000 0.000000 0.000000 0.000000 0.000000 0.00
3.24 0.000000 0.000000 0.000000 0.000000 0.000000 0.00
3.24 0.000000 0.000000 0.000000 0.000000 0.000000 0.00
3.25 0.000000 0.000000 0.000000 0.000000 0.000000 0.00
3.26 0.000000 0.000000 0.000000 0.000000 0.000000 0.00
3.26 0.000000 0.000000 0.000000 0.000000 0.000000 0.00
3.26 0.000000 0.000000 0.000000 0.000000 0.000000 0.00
3.27 0.000000 0.000000 0.000000 0.000000 0.000000 0.00
3.27 0.000000 0.000000 0.000000 0.000000 0.000000 0.00
3.28 0.000000 0.000000 0.000000 0.000000 0.000000 0.00
3.28 0.000000 0.000000 0.000000 0.000000 0.000000 0.00
3.29 0.000000 0.000000 0.000000 0.000000 0.000000 0.00
3.30 0.000000 0.000000 0.000000 0.000000 0.000000 0.00
3.30 0.000000 0.000000 0.000000 0.000000 0.000000 0.00
3.30 0.000000 0.000000 0.000000 0.000000 0.000000 0.00
3.31 0.000000 0.000000 0.000000 0.000000 0.000000 0.00
3.31 0.000000 0.000000 0.000000 0.000000 0.000000 0.00
3.31 0.000000 0.000000 0.000000 0.000000 0.000000 0.00
3.32 0.000000 0.000000 0.000000 0.000000 0.000000 0.00
3.33 0.000000 0.000000 0.000000 0.000000 0.000000 0.00
3.34 0.000000 0.000000 0.000000 0.000000 0.000000 0.00
3.34 0.000000 0.000000 0.000000 0.000000 0.000000 0.00
3.34 0.000000 0.000000 0.000000 0.000000 0.000000 0.00
3.35 0.000000 0.000000 0.000000 0.000000 0.000000 0.00
3.35 0.000000 0.000000 0.000000 0.000000 0.000000 0.00
3.35 0.000000 0.000000 0.000000 0.000000 0.000000 0.00
3.36 0.000000 0.000000 0.000000 0.000000 0.000000 0.00
3.36 0.000000 0.000000 0.000000 0.000000 0.000000 0.00
3.38 0.000000 0.000000 0.000000 0.000000 0.000000 0.00
3.38 0.000000 0.000000 0.000000 0.000000 0.000000 0.00
3.38 0.000000 0.000000 0.000000 0.000000 0.000000 0.00
3.39 0.000000 0.000000 0.000000 0.000000 0.000000 0.00
3.39 0.000000 0.000000 0.000000 0.000000 0.000000 0.00
3.39 0.000000 0.000000 0.000000 0.000000 0.000000 0.00
3.40 0.000000 0.000000 0.000000 0.000000 0.000000 0.00
3.40 0.000000 0.000000 0.000000 0.000000 0.000000 0.00
3.41 0.000000 0.000000 0.000000 0.000000 0.000000 0.00
3.42 0.000000 0.000000 0.000000 0.000000 0.000000 0.00
3.42 0.000000 0.000000 0.000000 0.000000 0.000000 0.00
3.43 0.000000 0.000000 0.000000 0.000000 0.000000 0.00
3.43 0.000000 0.000000 0.000000 0.000000 0.000000 0.00
3.43 0.000000 0.000000 0.000000 0.000000 0.000000 0.00
3.44 0.000000 0.000000 0.000000 0.000000 0.000000 0.00
3.44 0.000000 0.000000 0.000000 0.000000 0.000000 0.00
3.45 0.000000 0.000000 0.000000 0.000000 0.000000 0.00
3.46 0.000000 0.000000 0.000000 0.000000 0.000000 0.00
3.46 0.000000 0.000000 0.000000 0.000000 0.000000 0.00
3.46 0.000000 0.000000 0.000000 0.000000 0.000000 0.00
3.47 0.000000 0.000000 0.000000 0.000000 0.000000 0.00
3.47 0.000000 0.000000 0.000000 0.000000 0.000000 0.00
3.48 0.000000 0.000000 0.000000 0.000000 0.000000 0.00
3.48 0.000000 0.000000 0.000000 0.000000 0.000000 0.00
3.48 0.000000 0.000000 0.000000 0.000000 0.000000 0.00
3.50 0.000000 0.000000 0.000000 0.000000 0.000000 0.00
3.50 0.000000 0.000000 0.000000 0.000000 0.000000 0.00
3.50 0.000000 0.000000 0.000000 0.000000 0.000000 0.00
3.51 0.000000 0.000000 0.000000 0.000000 0.000000 0.00
3.51 0.000000 0.000000 0.000000 0.000000 0.000000 0.00
3.52 0.000000 0.000000 0.000000 0.000000 0.000000 0.00
3.52 0.000000 0.000000 0.000000 0.000000 0.000000 0.00
3.52 0.000000 0.000000 0.000000 0.000000 0.000000 0.00
3.54 0.000000 0.000000 0.000000 0.000000 0.000000 0.00
3.54 0.000000 0.000000 0.000000 0.000000 0.000000 0.00
3.54 0.000000 0.000000 0.000000 0.000000 0.000000 0.00
3.55 0.000000 0.000000 0.000000 0.000000 0.000000 0.00
3.55 0.000000 0.000000 0.000000 0.000000 0.000000 0.00
3.55 0.000000 0.000000 0.000000 0.000000 0.000000 0.00
3.56 0.000000 0.000000 0.000000 0.000000 0.000000 0.00
3.56 0.000000 0.000000 0.000000 0.000000 0.000000 0.00
3.58 0.000000 0.000000 0.000000 0.000000 0.000000 0.00
3.58 0.000000 0.000000 0.000000 0.000000 0.000000 0.00
3.58 0.000000 0.000000 0.000000 0.000000 0.000000 0.00
3.59 0.000000 0.000000 0.000000 0.000000 0.000000 0.00
3.59 0.000000 0.000000 0.000000 0.000000 0.000000 0.00
3.59 0.000000 0.000000 0.000000 0.000000 0.000000 0.00
3.60 0.000000 0.000000 0.000000 0.000000 0.000000 0.00
3.60 0.000000 0.000000 0.000000 0.000000 0.000000 0.00
3.60 0.000000 0.000000 0.000000 0.000000 0.000000 0.00
3.62 0.000000 0.000000 0.000000 0.000000 0.000000 0.00
3.62 0.000000 0.000000 0.000000 0.000000 0.000000 0.00
3.63 0.000000 0.000000 0.000000 0.000000 0.000000 0.00
3.63 0.000000 0.000000 0.000000 0.000000 0.000000 0.00
3.63 0.000000 0.000000 0.000000 0.000000 0.000000 0.00
3.64 0.000000 0.000000 0.000000 0.000000 0.000000 0.00
3.64 0.000000 0.000000 0.000000 0.000000 0.000000 0.00
3.64 0.000000 0.000000 0.000000 0.000000 0.000000 0.00
3.66 0.000000 0.000000 0.000000 0.000000 0.000000 0.00
3.66 0.000000 0.000000 0.000000 0.000000 0.000000 0.00
3.66 0.000000 0.000000 0.000000 0.000000 0.000000 0.00
3.67 0.000000 0.000000 0.000000 0.000000 0.000000 0.00
3.67 0.000000 0.000000 0.000000 0.000000 0.000000 0.00
3.68 0.000000 0.000000 0.000000 0.000000 0.000000 0.00
3.68 0.000000 0.000000 0.000000 0.000000 0.000000 0.00
3.68 0.000000 0.000000 0.000000 0.000000 0.000000 0.00
3.70 0.000000 0.000000 0.000000 0.000000 0.000000 0.00
3.70 0.000000 0.000000 0.000000 0.000000 0.000000 0.00
3.70 0.000000 0.000000 0.000000 0.000000 0.000000 0.00
3.71 0.000000 0.000000 0.000000 0.000000 0.000000 0.00
3.71 0.000000 0.000000 0.000000 0.000000 0.000000 0.00
3.72 0.000000 0.000000 0.000000 0.000000 0.000000 0.00
3.72 0.000000 0.000000 0.000000 0.000000 0.000000 0.00
3.72 0.000000 0.000000 0.000000 0.000000 0.000000 0.00
3.74 0.000000 0.000000 0.000000 0.000000 0.000000 0.00
3.74 0.000000 0.000000 0.000000 0.000000 0.000000 0.00
3.74 0.000000 0.000000 0.000000 0.000000 0.000000 0.00
3.75 0.000000 0.000000 0.000000 0.000000 0.000000 0.00
3.75 0.000000 0.000000 0.000000 0.000000 0.000000 0.00
3.75 0.000000 0.000000 0.000000 0.000000 0.000000 0.00
3.76 0.000000 0.000000 0.000000 0.000000 0.000000 0.00
3.76 0.000000 0.000000 0.000000 0.000000 0.000000 0.00
3.77 0.000000 0.000000 0.000000 0.000000 0.000000 0.00
3.78 0.000000 0.000000 0.000000 0.000000 0.000000 0.00
3.78 0.000000 0.000000 0.000000 0.000000 0.000000 0.00
3.79 0.000000 0.000000 0.000000 0.000000 0.000000 0.00
3.79 0.000000 0.000000 0.000000 0.000000 0.000000 0.00
3.79 0.000000 0.000000 0.000000 0.000000 0.000000 0.00
3.80 0.000000 0.000000 0.000000 0.000000 0.000000 0.00
3.80 0.000000 0.000000 0.000000 0.000000 0.000000 0.00
3.80 0.000000 0.000000 0.000000 0.000000 0.000000 0.00
3.82 0.000000 0.000000 0.000000 0.000000 0.000000 0.00
3.82 0.000000 0.000000 0.000000 0.000000 0.000000 0.00
3.83 0.000000 0.000000 0.000000 0.000000 0.000000 0.00
3.83 0.000000 0.000000 0.000000 0.000000 0.000000 0.00
3.83 0.000000 0.000000 0.000000 0.000000 0.000000 0.00
3.84 0.000000 0.000000 0.000000 0.000000 0.000000 0.00
3.84 0.000000 0.000000 0.000000 0.000000 0.000000 0.00
3.84 0.000000 0.000000 0.000000 0.000000 0.000000 0.00
3.85 0.000000 0.000000 0.000000 0.000000 0.000000 0.00
3.86 0.000000 0.000000 0.000000 0.000000 0.000000 0.00
3.86 0.000000 0.000000 0.000000 0.000000 0.000000 0.00
3.87 0.000000 0.000000 0.000000 0.000000 0.000000 0.00
3.87 0.000000 0.000000 0.000000 0.000000 0.000000 0.00
3.88 0.000000 0.000000 0.000000 0.000000 0.000000 0.00
3.88 0.000000 0.000000 0.000000 0.000000 0.000000 0.00
3.88 0.000000 0.000000 0.000000 0.000000 0.000000 0.00
3.89 0.000000 0.000000 0.000000 0.000000 0.000000 0.00
3.90 0.000000 0.000000 0.000000 0.000000 0.000000 0.00
3.90 0.000000 0.000000 0.000000 0.000000 0.000000 0.00
3.91 0.000000 0.000000 0.000000 0.000000 0.000000 0.00
3.91 0.000000 0.000000 0.000000 0.000000 0.000000 0.00
3.92 0.000000 0.000000 0.000000 0.000000 0.000000 0.00
3.92 0.000000 0.000000 0.000000 0.000000 0.000000 0.00
3.92 0.000000 0.000000 0.000000 0.000000 0.000000 0.00
3.93 0.000000 0.000000 0.000000 0.000000 0.000000 0.00
3.94 0.000000 0.000000 0.000000 0.000000 0.000000 0.00
3.94 0.000000 0.000000 0.000000 0.000000 0.000000 0.00
3.95 0.000000 0.000000 0.000000 0.000000 0.000000 0.00
3.95 0.000000 0.000000 0.000000 0.000000 0.000000 0.00
3.95 0.000000 0.000000 0.000000 0.000000 0.000000 0.00
3.96 0.000000 0.000000 0.000000 0.000000 0.000000 0.00
3.96 0.000000 0.000000 0.000000 0.000000 0.000000 0.00
3.97 0.000000 0.000000 0.000000 0.000000 0.000000 0.00
3.98 0.000000 0.000000 0.000000 0.000000 0.000000 0.00
3.98 0.000000 0.000000 0.000000 0.000000 0.000000 0.00
3.99 0.000000 0.000000 0.000000 0.000000 0.000000 0.00
3.99 0.000000 0.000000 0.000000 0.000000 0.000000 0.00
3.99 0.000000 0.000000 0.000000 0.000000 0.000000 0.00
4.00 0.000000 0.000000 0.000000 0.000000 0.000000 0.00
4.00 0.000000 0.000000 0.000000 0.000000 0.000000 0.00
4.00 0.000000 0.000000 0.000000 0.000000 0.000000 0.00
4.01 0.000000 0.000000 0.000000 0.000000 0.000000 0.00
4.02 0.000000 0.000000 0.000000 0.000000 0.000000 0.00
4.03 0.000000 0.000000 0.000000 0.000000 0.000000 0.00
4.03 0.000000 0.000000 0.000000 0.000000 0.000000 0.00
4.03 0.000000 0.000000 0.000000 0.000000 0.000000 0.00
4.04 0.000000 0.000000 0.000000 0.000000 0.000000 0.00
4.04 0.000000 0.000000 0.000000 0.000000 0.000000 0.00
4.04 0.000000 0.000000 0.000000 0.000000 0.000000 0.00
4.05 0.000000 0.000000 0.000000 0.000000 0.000000 0.00
4.06 0.000000 0.000000 0.000000 0.000000 0.000000 0.00
4.07 0.000000 0.000000 0.000000 0.000000 0.000000 0.00
4.07 0.000000 0.000000 0.000000 0.000000 0.000000 0.00
4.07 0.000000 0.000000 0.000000 0.000000 0.000000 0.00
4.08 0.000000 0.000000 0.000000 0.000000 0.000000 0.00
4.08 0.000000 0.000000 0.000000 0.000000 0.000000 0.00
4.08 0.000000 0.000000 0.000000 0.000000 0.000000 0.00
4.09 0.000000 0.000000 0.000000 0.000000 0.000000 0.00
4.09 0.000000 0.000000 0.000000 0.000000 0.000000 0.00
4.10 0.000000 0.000000 0.000000 0.000000 0.000000 0.00
4.11 0.000000 0.000000 0.000000 0.000000 0.000000 0.00
4.11 0.000000 0.000000 0.000000 0.000000 0.000000 0.00
4.12 0.000000 0.000000 0.000000 0.000000 0.000000 0.00
4.12 0.000000 0.000000 0.000000 0.000000 0.000000 0.00
4.12 0.000000 0.000000 0.000000 0.000000 0.000000 0.00
4.13 0.000000 0.000000 0.000000 0.000000 0.000000 0.00
4.13 0.000000 0.000000 0.000000 0.000000 0.000000 0.00
4.14 0.000000 0.000000 0.000000 0.000000 0.000000 0.00
4.15 0.000000 0.000000 0.000000 0.000000 0.000000 0.00
4.15 0.000000 0.000000 0.000000 0.000000 0.000000 0.00
4.15 0.000000 0.000000 0.000000 0.000000 0.000000 0.00
4.16 0.000000 0.000000 0.000000 0.000000 0.000000 0.00
4.16 0.000000 0.000000 0.000000 0.000000 0.000000 0.00
4.17 0.000000 0.000000 0.000000 0.000000 0.000000 0.00
4.17 0.000000 0.000000 0.000000 0.000000 0.000000 0.00
4.18 0.000000 0.000000 0.000000 0.000000 0.000000 0.00
4.19 0.000000 0.000000 0.000000 0.000000 0.000000 0.00
4.19 0.000000 0.000000 0.000000 0.000000 0.000000 0.00
4.19 0.000000 0.000000 0.000000 0.000000 0.000000 0.00
4.20 0.000000 0.000000 0.000000 0.000000 0.000000 0.00
4.20 0.000000 0.000000 0.000000 0.000000 0.000000 0.00
4.20 0.000000 0.000000 0.000000 0.000000 0.000000 0.00
4.21 0.000000 0.000000 0.000000 0.000000 0.000000 0.00
4.21 0.000000 0.000000 0.000000 0.000000 0.000000 0.00
4.23 0.000000 0.000000 0.000000 0.000000 0.000000 0.00
4.23 0.000000 0.000000 0.000000 0.000000 0.000000 0.00
4.23 0.000000 0.000000 0.000000 0.000000 0.000000 0.00
4.24 0.000000 0.000000 0.000000 0.000000 0.000000 0.00
4.24 0.000000 0.000000 0.000000 0.000000 0.000000 0.00
4.24 0.000000 0.000000 0.000000 0.000000 0.000000 0.00
4.25 0.000000 0.000000 0.000000 0.000000 0.000000 0.00
4.25 0.000000 0.000000 0.000000 0.000000 0.000000 0.00
4.27 0.000000 0.000000 0.000000 0.000000 0.000000 0.00
4.27 0.000000 0.000000 0.000000 0.000000 0.000000 0.00
4.27 0.000000 0.000000 0.000000 0.000000 0.000000 0.00
4.28 0.000000 0.000000 0.000000 0.000000 0.000000 0.00
4.28 0.000000 0.000000 0.000000 0.000000 0.000000 0.00
4.28 0.000000 0.000000 0.000000 0.000000 0.000000 0.00
4.29 0.000000 0.000000 0.000000 0.000000 0.000000 0.00
4.29 0.000000 0.000000 0.000000 0.000000 0.000000 0.00
4.30 0.000000 0.000000 0.000000 0.000000 0.000000 0.00
4.31 0.000000 0.000000 0.000000 0.000000 0.000000 0.00
4.31 0.000000 0.000000 0.000000 0.000000 0.000000 0.00
4.32 0.000000 0.000000 0.000000 0.000000 0.000000 0.00
4.32 0.000000 0.000000 0.000000 0.000000 0.000000 0.00
4.32 0.000000 0.000000 0.000000 0.000000 0.000000 0.00
4.33 0.000000 0.000000 0.000000 0.000000 0.000000 0.00
4.33 0.000000 0.000000 0.000000 0.000000 0.000000 0.00
4.33 0.000000 0.000000 0.000000 0.000000 0.000000 0.00
4.35 0.000000 0.000000 0.000000 0.000000 0.000000 0.00
4.35 0.000000 0.000000 0.000000 0.000000 0.000000 0.00
4.35 0.000000 0.000000 0.000000 0.000000 0.000000 0.00
4.36 0.000000 0.000000 0.000000 0.000000 0.000000 0.00
4.36 0.000000 0.000000 0.000000 0.000000 0.000000 0.00
4.37 0.000000 0.000000 0.000000 0.000000 0.000000 0.00
4.37 0.000000 0.000000 0.000000 0.000000 0.000000 0.00
4.37 0.000000 0.000000 0.000000 0.000000 0.000000 0.00
4.39 0.000000 0.000000 0.000000 0.000000 0.000000 0.00
4.39 0.000000 0.000000 0.000000 0.000000 0.000000 0.00
4.39 0.000000 0.000000 0.000000 0.000000 0.000000 0.00
4.40 0.000000 0.000000 0.000000 0.000000 0.000000 0.00
4.40 0.000000 0.000000 0.000000 0.000000 0.000000 0.00
4.40 0.000000 0.000000 0.000000 0.000000 0.000000 0.00
4.41 0.000000 0.000000 0.000000 0.000000 0.000000 0.00
4.41 0.000000 0.000000 0.000000 0.000000 0.000000 0.00
4.43 0.000000 0.000000 0.000000 0.000000 0.000000 0.00
4.43 0.000000 0.000000 0.000000 0.000000 0.000000 0.00
4.43 0.000000 0.000000 0.000000 0.000000 0.000000 0.00
4.44 0.000000 0.000000 0.000000 0.000000 0.000000 0.00
4.44 0.000000 0.000000 0.000000 0.000000 0.000000 0.00
4.44 0.000000 0.000000 0.000000 0.000000 0.000000 0.00
4.45 0.000000 0.000000 0.000000 0.000000 0.000000 0.00
4.45 0.000000 0.000000 0.000000 0.000000 0.000000 0.00
4.47 0.000000 0.000000 0.000000 0.000000 0.000000 0.00
4.47 0.000000 0.000000 0.000000 0.000000 0.000000 0.00
4.47 0.000000 0.000000 0.000000 0.000000 0.000000 0.00
4.48 0.000000 0.000000 0.000000 0.000000 0.000000 0.00
4.48 0.000000 0.000000 0.000000 0.000000 0.000000 0.00
4.48 0.000000 0.000000 0.000000 0.000000 0.000000 0.00
4.49 0.000000 0.000000 0.000000 0.000000 0.000000 0.00
4.49 0.000000 0.000000 0.000000 0.000000 0.000000 0.00
4.49 0.000000 0.000000 0.000000 0.000000 0.000000 0.00
4.51 0.000000 0.000000 0.000000 0.000000 0.000000 0.00
4.51 0.000000 0.000000 0.000000 0.000000 0.000000 0.00
4.52 0.000000 0.000000 0.000000 0.000000 0.000000 0.00
4.52 0.000000 0.000000 0.000000 0.000000 0.000000 0.00
4.52 0.000000 0.000000 0.000000 0.000000 0.000000 0.00
4.53 0.000000 0.000000 0.000000 0.000000 0.000000 0.00
4.53 0.000000 0.000000 0.000000 0.000000 0.000000 0.00
4.53 0.000000 0.000000 0.000000 0.000000 0.000000 0.00
4.55 0.000000 0.000000 0.000000 0.000000 0.000000 0.00
4.55 0.000000 0.000000 0.000000 0.000000 0.000000 0.00
4.55 0.000000 0.000000 0.000000 0.000000 0.000000 0.00
4.56 0.000000 0.000000 0.000000 0.000000 0.000000 0.00
4.56 0.000000 0.000000 0.000000 0.000000 0.000000 0.00
4.57 0.000000 0.000000 0.000000 0.000000 0.000000 0.00
4.57 0.000000 0.000000 0.000000 0.000000 0.000000 0.00
4.57 0.000000 0.000000 0.000000 0.000000 0.000000 0.00
4.59 0.000000 0.000000 0.000000 0.000000 0.000000 0.00
4.59 0.000000 0.000000 0.000000 0.000000 0.000000 0.00
4.59 0.000000 0.000000 0.000000 0.000000 0.000000 0.00
4.60 0.000000 0.000000 0.000000 0.000000 0.000000 0.00
4.60 0.000000 0.000000 0.000000 0.000000 0.000000 0.00
4.61 0.000000 0.000000 0.000000 0.000000 0.000000 0.00
4.61 0.000000 0.000000 0.000000 0.000000 0.000000 0.00
4.61 0.000000 0.000000 0.000000 0.000000 0.000000 0.00
4.62 0.000000 0.000000 0.000000 0.000000 0.000000 0.00
4.63 0.000000 0.000000 0.000000 0.000000 0.000000 0.00
4.63 0.000000 0.000000 0.000000 0.000000 0.000000 0.00
4.64 0.000000 0.000000 0.000000 0.000000 0.000000 0.00
4.64 0.000000 0.000000 0.000000 0.000000 0.000000 0.00
4.64 0.000000 0.000000 0.000000 0.000000 0.000000 0.00
4.65 0.000000 0.000000 0.000000 0.000000 0.000000 0.00
4.65 0.000000 0.000000 0.000000 0.000000 0.000000 0.00
4.66 0.000000 0.000000 0.000000 0.000000 0.000000 0.00
4.67 0.000000 0.000000 0.000000 0.000000 0.000000 0.00
4.67 0.000000 0.000000 0.000000 0.000000 0.000000 0.00
4.68 0.000000 0.000000 0.000000 0.000000 0.000000 0.00
4.68 0.000000 0.000000 0.000000 0.000000 0.000000 0.00
4.68 0.000000 0.000000 0.000000 0.000000 0.000000 0.00
4.69 0.000000 0.000000 0.000000 0.000000 0.000000 0.00
4.69 0.000000 0.000000 0.000000 0.000000 0.000000 0.00
4.69 0.000000 0.000000 0.000000 0.000000 0.000000 0.00
4.71 0.000000 0.000000 0.000000 0.000000 0.000000 0.00
4.71 0.000000 0.000000 0.000000 0.000000 0.000000 0.00
4.72 0.000000 0.000000 0.000000 0.000000 0.000000 0.00
4.72 0.000000 0.000000 0.000000 0.000000 0.000000 0.00
4.72 0.000000 0.000000 0.000000 0.000000 0.000000 0.00
4.73 0.000000 0.000000 0.000000 0.000000 0.000000 0.00
4.73 0.000000 0.000000 0.000000 0.000000 0.000000 0.00
4.73 0.000000 0.000000 0.000000 0.000000 0.000000 0.00
4.74 0.000000 0.000000 0.000000 0.000000 0.000000 0.00
4.75 0.000000 0.000000 0.000000 0.000000 0.000000 0.00
4.75 0.000000 0.000000 0.000000 0.000000 0.000000 0.00
4.76 0.000000 0.000000 0.000000 0.000000 0.000000 0.00
4.76 0.000000 0.000000 0.000000 0.000000 0.000000 0.00
4.77 0.000000 0.000000 0.000000 0.000000 0.000000 0.00
4.77 0.000000 0.000000 0.000000 0.000000 0.000000 0.00
4.77 0.000000 0.000000 0.000000 0.000000 0.000000 0.00
4.78 0.000000 0.000000 0.000000 0.000000 0.000000 0.00
4.79 0.000000 0.000000 0.000000 0.000000 0.000000 0.00
4.79 0.000000 0.000000 0.000000 0.000000 0.000000 0.00
4.80 0.000000 0.000000 0.000000 0.000000 0.000000 0.00
4.80 0.000000 0.000000 0.000000 0.000000 0.000000 0.00
4.81 0.000000 0.000000 0.000000 0.000000 0.000000 0.00
4.81 0.000000 0.000000 0.000000 0.000000 0.000000 0.00
4.81 0.000000 0.000000 0.000000 0.000000 0.000000 0.00
4.82 0.000000 0.000000 0.000000 0.000000 0.000000 0.00
4.83 0.000000 0.000000 0.000000 0.000000 0.000000 0.00
4.83 0.000000 0.000000 0.000000 0.000000 0.000000 0.00
4.84 0.000000 0.000000 0.000000 0.000000 0.000000 0.00
4.84 0.000000 0.000000 0.000000 0.000000 0.000000 0.00
4.84 0.000000 0.000000 0.000000 0.000000 0.000000 0.00
4.85 0.000000 0.000000 0.000000 0.000000 0.000000 0.00
4.85 0.000000 0.000000 0.000000 0.000000 0.000000 0.00
4.86 0.000000 0.000000 0.000000 0.000000 0.000000 0.00
4.86 0.000000 0.000000 0.000000 0.000000 0.000000 0.00
4.87 0.000000 0.000000 0.000000 0.000000 0.000000 0.00
4.88 0.000000 0.000000 0.000000 0.000000 0.000000 0.00
4.88 0.000000 0.000000 0.000000 0.000000 0.000000 0.00
4.88 0.000000 0.000000 0.000000 0.000000 0.000000 0.00
4.89 0.000000 0.000000 0.000000 0.000000 0.000000 0.00
4.89 0.000000 0.000000 0.000000 0.000000 0.000000 0.00
4.89 0.000000 0.000000 0.000000 0.000000 0.000000 0.00
4.90 0.000000 0.000000 0.000000 0.000000 0.000000 0.00
4.91 0.000000 0.000000 0.000000 0.000000 0.000000 0.00
4.92 0.000000 0.000000 0.000000 0.000000 0.000000 0.00
4.92 0.000000 0.000000 0.000000 0.000000 0.000000 0.00
4.92 0.000000 0.000000 0.000000 0.000000 0.000000 0.00
4.93 0.000000 0.000000 0.000000 0.000000 0.000000 0.00
4.93 0.000000 0.000000 0.000000 0.000000 0.000000 0.00
4.93 0.000000 0.000000 0.000000 0.000000 0.000000 0.00
4.94 0.000000 0.000000 0.000000 0.000000 0.000000 0.00
4.95 0.000000 0.000000 0.000000 0.000000 0.000000 0.00
4.95 0.000000 0.000000 0.000000 0.000000 0.000000 0.00
4.96 0.000000 0.000000 0.000000 0.000000 0.000000 0.00
4.96 0.000000 0.000000 0.000000 0.000000 0.000000 0.00
4.97 0.000000 0.000000 0.000000 0.000000 0.000000 0.00
4.97 0.000000 0.000000 0.000000 0.000000 0.000000 0.00
4.97 0.000000 0.000000 0.000000 0.000000 0.000000 0.00
4.98 0.000000 0.000000 0.000000 0.000000 0.000000 0.00
4.98 0.000000 0.000000 0.000000 0.000000 0.000000 0.00
4.99 0.000000 0.000000 0.000000 0.000000 0.000000 0.00
5.00 0.000000 0.000000 0.000000 0.000000 0.000000 0.00
5.00 0.000000 0.000000 0.000000 0.000000 0.000000 0.00
5.01 0.000000 0.000000 0.000000 0.000000 0.000000 0.00
5.01 0.000000 0.000000 0.000000 0.000000 0.000000 0.00
5.01 0.000000 0.000000 0.000000 0.000000 0.000000 0.00
5.02 0.000000 0.000000 0.000000 0.000000 0.000000 0.00
5.02 0.000000 0.000000 0.000000 0.000000 0.000000 0.00
5.03 0.000000 0.000000 0.000000 0.000000 0.000000 0.00
5.04 0.000000 0.000000 0.000000 0.000000 0.000000 0.00
5.04 0.000000 0.000000 0.000000 0.000000 0.000000 0.00
5.04 0.000000 0.000000 0.000000 0.000000 0.000000 0.00
5.05 0.000000 0.000000 0.000000 0.000000 0.000000 0.00
5.05 0.000000 0.000000 0.000000 0.000000 0.000000 0.00
5.06 0.000000 0.000000 0.000000 0.000000 0.000000 0.00
5.06 0.000000 0.000000 0.000000 0.000000 0.000000 0.00
5.07 0.000000 0.000000 0.000000 0.000000 0.000000 0.00
5.08 0.000000 0.000000 0.000000 0.000000 0.000000 0.00
5.08 0.000000 0.000000 0.000000 0.000000 0.000000 0.00
5.08 0.000000 0.000000 0.000000 0.000000 0.000000 0.00
5.09 0.000000 0.000000 0.000000 0.000000 0.000000 0.00
5.09 0.000000 0.000000 0.000000 0.000000 0.000000 0.00
5.09 0.000000 0.000000 0.000000 0.000000 0.000000 0.00
5.10 0.000000 0.000000 0.000000 0.000000 0.000000 0.00
5.10 0.000000 0.000000 0.000000 0.000000 0.000000 0.00
5.12 0.000000 0.000000 0.000000 0.000000 0.000000 0.00
5.12 0.000000 0.000000 0.000000 0.000000 0.000000 0.00
5.12 0.000000 0.000000 0.000000 0.000000 0.000000 0.00
5.13 0.000000 0.000000 0.000000 0.000000 0.000000 0.00
5.13 0.000000 0.000000 0.000000 0.000000 0.000000 0.00
5.13 0.000000 0.000000 0.000000 0.000000 0.000000 0.00
5.14 0.000000 0.000000 0.000000 0.000000 0.000000 0.00
5.14 0.000000 0.000000 0.000000 0.000000 0.000000 0.00
5.16 0.000000 0.000000 0.000000 0.000000 0.000000 0.00
5.16 0.000000 0.000000 0.000000 0.000000 0.000000 0.00
5.16 0.000000 0.000000 0.000000 0.000000 0.000000 0.00
5.17 0.000000 0.000000 0.000000 0.000000 0.000000 0.00
5.17 0.000000 0.000000 0.000000 0.000000 0.000000 0.00
5.17 0.000000 0.000000 0.000000 0.000000 0.000000 0.00
5.18 0.000000 0.000000 0.000000 0.000000 0.000000 0.00
5.18 0.000000 0.000000 0.000000 0.000000 0.000000 0.00
5.18 0.000000 0.000000 0.000000 0.000000 0.000000 0.00
5.20 0.000000 0.000000 0.000000 0.000000 0.000000 0.00
5.20 0.000000 0.000000 0.000000 0.000000 0.000000 0.00
5.21 0.000000 0.000000 0.000000 0.000000 0.000000 0.00
5.21 0.000000 0.000000 0.000000 0.000000 0.000000 0.00
5.21 0.000000 0.000000 0.000000 0.000000 0.000000 0.00
5.22 0.000000 0.000000 0.000000 0.000000 0.000000 0.00
5.22 0.000000 0.000000 0.000000 0.000000 0.000000 0.00
5.22 0.000000 0.000000 0.000000 0.000000 0.000000 0.00
5.24 0.000000 0.000000 0.000000 0.000000 0.000000 0.00
5.24 0.000000 0.000000 0.000000 0.000000 0.000000 0.00
5.24 0.000000 0.000000 0.000000 0.000000 0.000000 0.00
5.25 0.000000 0.000000 0.000000 0.000000 0.000000 0.00
5.25 0.000000 0.000000 0.000000 0.000000 0.000000 0.00
5.26 0.000000 0.000000 0.000000 0.000000 0.000000 0.00
5.26 0.000000 0.000000 0.000000 0.000000 0.000000 0.00
5.26 0.000000 0.000000 0.000000 0.000000 0.000000 0.00
5.28 0.000000 0.000000 0.000000 0.000000 0.000000 0.00
5.28 0.000000 0.000000 0.000000 0.000000 0.000000 0.00
5.28 0.000000 0.000000 0.000000 0.000000 0.000000 0.00
5.29 0.000000 0.000000 0.000000 0.000000 0.000000 0.00
5.29 0.000000 0.000000 0.000000 0.000000 0.000000 0.00
5.29 0.000000 0.000000 0.000000 0.000000 0.000000 0.00
5.30 0.000000 0.000000 0.000000 0.000000 0.000000 0.00
5.30 0.000000 0.000000 0.000000 0.000000 0.000000 0.00
5.32 0.000000 0.000000 0.000000 0.000000 0.000000 0.00
5.32 0.000000 0.000000 0.000000 0.000000 0.000000 0.00
5.32 0.000000 0.000000 0.000000 0.000000 0.000000 0.00
5.33 0.000000 0.000000 0.000000 0.000000 0.000000 0.00
5.33 0.000000 0.000000 0.000000 0.000000 0.000000 0.00
5.33 0.000000 0.000000 0.000000 0.000000 0.000000 0.00
5.34 0.000000 0.000000 0.000000 0.000000 0.000000 0.00
5.34 0.000000 0.000000 0.000000 0.000000 0.000000 0.00
5.35 0.000000 0.000000 0.000000 0.000000 0.000000 0.00
5.36 0.000000 0.000000 0.000000 0.000000 0.000000 0.00
5.36 0.000000 0.000000 0.000000 0.000000 0.000000 0.00
5.37 0.000000 0.000000 0.000000 0.000000 0.000000 0.00
5.37 0.000000 0.000000 0.000000 0.000000 0.000000 0.00
5.37 0.000000 0.000000 0.000000 0.000000 0.000000 0.00
5.38 0.000000 0.000000 0.000000 0.000000 0.000000 0.00
5.38 0.000000 0.000000 0.000000 0.000000 0.000000 0.00
5.38 0.000000 0.000000 0.000000 0.000000 0.000000 0.00
5.40 0.000000 0.000000 0.000000 0.000000 0.000000 0.00
5.40 0.000000 0.000000 0.000000 0.000000 0.000000 0.00
5.41 0.000000 0.000000 0.000000 0.000000 0.000000 0.00
5.41 0.000000 0.000000 0.000000 0.000000 0.000000 0.00
5.41 0.000000 0.000000 0.000000 0.000000 0.000000 0.00
5.42 0.000000 0.000000 0.000000 0.000000 0.000000 0.00
5.42 0.000000 0.000000 0.000000 0.000000 0.000000 0.00
5.42 0.000000 0.000000 0.000000 0.000000 0.000000 0.00
5.44 0.000000 0.000000 0.000000 0.000000 0.000000 0.00
5.44 0.000000 0.000000 0.000000 0.000000 0.000000 0.00
5.44 0.000000 0.000000 0.000000 0.000000 0.000000 0.00
5.45 0.000000 0.000000 0.000000 0.000000 0.000000 0.00
5.45 0.000000 0.000000 0.000000 0.000000 0.000000 0.00
5.46 0.000000 0.000000 0.000000 0.000000 0.000000 0.00
5.46 0.000000 0.000000 0.000000 0.000000 0.000000 0.00
5.46 0.000000 0.000000 0.000000 0.000000 0.000000 0.00
5.47 0.000000 0.000000 0.000000 0.000000 0.000000 0.00
5.48 0.000000 0.000000 0.000000 0.000000 0.000000 0.00
5.48 0.000000 0.000000 0.000000 0.000000 0.000000 0.00
5.49 0.000000 0.000000 0.000000 0.000000 0.000000 0.00
5.49 0.000000 0.000000 0.000000 0.000000 0.000000 0.00
5.49 0.000000 0.000000 0.000000 0.000000 0.000000 0.00
5.50 0.000000 0.000000 0.000000 0.000000 0.000000 0.00
5.50 0.000000 0.000000 0.000000 0.000000 0.000000 0.00
5.51 0.000000 0.000000 0.000000 0.000000 0.000000 0.00
5.52 0.000000 0.000000 0.000000 0.000000 0.000000 0.00
5.52 0.000000 0.000000 0.000000 0.000000 0.000000 0.00
5.53 0.000000 0.000000 0.000000 0.000000 0.000000 0.00
5.53 0.000000 0.000000 0.000000 0.000000 0.000000 0.00
5.53 0.000000 0.000000 0.000000 0.000000 0.000000 0.00
5.54 0.000000 0.000000 0.000000 0.000000 0.000000 0.00
5.54 0.000000 0.000000 0.000000 0.000000 0.000000 0.00
5.55 0.000000 0.000000 0.000000 0.000000 0.000000 0.00
5.56 0.000000 0.000000 0.000000 0.000000 0.000000 0.00
5.56 0.000000 0.000000 0.000000 0.000000 0.000000 0.00
5.57 0.000000 0.000000 0.000000 0.000000 0.000000 0.00
5.57 0.000000 0.000000 0.000000 0.000000 0.000000 0.00
5.57 0.000000 0.000000 0.000000 0.000000 0.000000 0.00
5.58 0.000000 0.000000 0.000000 0.000000 0.000000 0.00
5.58 0.000000 0.000000 0.000000 0.000000 0.000000 0.00
5.58 0.000000 0.000000 0.000000 0.000000 0.000000 0.00
5.59 0.000000 0.000000 0.000000 0.000000 0.000000 0.00
5.60 0.000000 0.000000 0.000000 0.000000 0.000000 0.00
5.61 0.000000 0.000000 0.000000 0.000000 0.000000 0.00
5.61 0.000000 0.000000 0.000000 0.000000 0.000000 0.00
5.61 0.000000 0.000000 0.000000 0.000000 0.000000 0.00
5.62 0.000000 0.000000 0.000000 0.000000 0.000000 0.00
5.62 0.000000 0.000000 0.000000 0.000000 0.000000 0.00
5.62 0.000000 0.000000 0.000000 0.000000 0.000000 0.00
5.63 0.000000 0.000000 0.000000 0.000000 0.000000 0.00
5.64 0.000000 0.000000 0.000000 0.000000 0.000000 0.00
5.64 0.000000 0.000000 0.000000 0.000000 0.000000 0.00
5.65 0.000000 0.000000 0.000000 0.000000 0.000000 0.00
5.65 0.000000 0.000000 0.000000 0.000000 0.000000 0.00
5.66 0.000000 0.000000 0.000000 0.000000 0.000000 0.00
5.66 0.000000 0.000000 0.000000 0.000000 0.000000 0.00
5.66 0.000000 0.000000 0.000000 0.000000 0.000000 0.00
5.67 0.000000 0.000000 0.000000 0.000000 0.000000 0.00
5.68 0.000000 0.000000 0.000000 0.000000 0.000000 0.00
5.68 0.000000 0.000000 0.000000 0.000000 0.000000 0.00
5.69 0.000000 0.000000 0.000000 0.000000 0.000000 0.00
5.69 0.000000 0.000000 0.000000 0.000000 0.000000 0.00
5.70 0.000000 0.000000 0.000000 0.000000 0.000000 0.00
5.70 0.000000 0.000000 0.000000 0.000000 0.000000 0.00
5.70 0.000000 0.000000 0.000000 0.000000 0.000000 0.00
5.71 0.000000 0.000000 0.000000 0.000000 0.000000 0.00
5.71 0.000000 0.000000 0.000000 0.000000 0.000000 0.00
5.72 0.000000 0.000000 0.000000 0.000000 0.000000 0.00
5.73 0.000000 0.000000 0.000000 0.000000 0.000000 0.00
5.73 0.000000 0.000000 0.000000 0.000000 0.000000 0.00
5.73 0.000000 0.000000 0.000000 0.000000 0.000000 0.00
5.74 0.000000 0.000000 0.000000 0.000000 0.000000 0.00
5.74 0.000000 0.000000 0.000000 0.000000 0.000000 0.00
5.75 0.000000 0.000000 0.000000 0.000000 0.000000 0.00
5.75 0.000000 0.000000 0.000000 0.000000 0.000000 0.00
5.76 0.000000 0.000000 0.000000 0.000000 0.000000 0.00
5.77 0.000000 0.000000 0.000000 0.000000 0.000000 0.00
5.77 0.000000 0.000000 0.000000 0.000000 0.000000 0.00
5.77 0.000000 0.000000 0.000000 0.000000 0.000000 0.00
5.78 0.000000 0.000000 0.000000 0.000000 0.000000 0.00
5.78 0.000000 0.000000 0.000000 0.000000 0.000000 0.00
5.78 0.000000 0.000000 0.000000 0.000000 0.000000 0.00
5.79 0.000000 0.000000 0.000000 0.000000 0.000000 0.00
5.80 0.000000 0.000000 0.000000 0.000000 0.000000 0.00
5.81 0.000000 0.000000 0.000000 0.000000 0.000000 0.00
5.81 0.000000 0.000000 0.000000 0.000000 0.000000 0.00
5.81 0.000000 0.000000 0.000000 0.000000 0.000000 0.00
5.82 0.000000 0.000000 0.000000 0.000000 0.000000 0.00
5.82 0.000000 0.000000 0.000000 0.000000 0.000000 0.00
5.82 0.000000 0.000000 0.000000 0.000000 0.000000 0.00
5.83 0.000000 0.000000 0.000000 0.000000 0.000000 0.00
5.83 0.000000 0.000000 0.000000 0.000000 0.000000 0.00
5.84 0.000000 0.000000 0.000000 0.000000 0.000000 0.00
5.85 0.000000 0.000000 0.000000 0.000000 0.000000 0.00
5.85 0.000000 0.000000 0.000000 0.000000 0.000000 0.00
5.86 0.000000 0.000000 0.000000 0.000000 0.000000 0.00
5.86 0.000000 0.000000 0.000000 0.000000 0.000000 0.00
5.86 0.000000 0.000000 0.000000 0.000000 0.000000 0.00
5.87 0.000000 0.000000 0.000000 0.000000 0.000000 0.00
5.87 0.000000 0.000000 0.000000 0.000000 0.000000 0.00
5.88 0.000000 0.000000 0.000000 0.000000 0.000000 0.00
5.89 0.000000 0.000000 0.000000 0.000000 0.000000 0.00
5.89 0.000000 0.000000 0.000000 0.000000 0.000000 0.00
5.90 0.000000 0.000000 0.000000 0.000000 0.000000 0.00
5.90 0.000000 0.000000 0.000000 0.000000 0.000000 0.00
5.90 0.000000 0.000000 0.000000 0.000000 0.000000 0.00
5.91 0.000000 0.000000 0.000000 0.000000 0.000000 0.00
5.91 0.000000 0.000000 0.000000 0.000000 0.000000 0.00
5.92 0.000000 0.000000 0.000000 0.000000 0.000000 0.00
5.93 0.000000 0.000000 0.000000 0.000000 0.000000 0.00
5.93 0.000000 0.000000 0.000000 0.000000 0.000000 0.00
5.93 0.000000 0.000000 0.000000 0.000000 0.000000 0.00
5.94 0.000000 0.000000 0.000000 0.000000 0.000000 0.00
5.94 0.000000 0.000000 0.000000 0.000000 0.000000 0.00
5.95 0.000000 0.000000 0.000000 0.000000 0.000000 0.00
5.95 0.000000 0.000000 0.000000 0.000000 0.000000 0.00
5.95 0.000000 0.000000 0.000000 0.000000 0.000000 0.00
5.97 0.000000 0.000000 0.000000 0.000000 0.000000 0.00
5.97 0.000000 0.000000 0.000000 0.000000 0.000000 0.00
5.97 0.000000 0.000000 0.000000 0.000000 0.000000 0.00
5.98 0.000000 0.000000 0.000000 0.000000 0.000000 0.00
5.98 0.000000 0.000000 0.000000 0.000000 0.000000 0.00
5.98 0.000000 0.000000 0.000000 0.000000 0.000000 0.00
5.99 0.000000 0.000000 0.000000 0.000000 0.000000 0.00
5.99 0.000000 0.000000 0.000000 0.000000 0.000000 0.00
6.01 0.000000 0.000000 0.000000 0.000000 0.000000 0.00
6.01 0.000000 0.000000 0.000000 0.000000 0.000000 0.00
6.01 0.000000 0.000000 0.000000 0.000000 0.000000 0.00
6.02 0.000000 0.000000 0.000000 0.000000 0.000000 0.00
6.02 0.000000 0.000000 0.000000 0.000000 0.000000 0.00
6.02 0.000000 0.000000 0.000000 0.000000 0.000000 0.00
6.03 0.000000 0.000000 0.000000 0.000000 0.000000 0.00
6.03 0.000000 0.000000 0.000000 0.000000 0.000000 0.00
6.04 0.000000 0.000000 0.000000 0.000000 0.000000 0.00
6.05 0.000000 0.000000 0.000000 0.000000 0.000000 0.00
6.05 0.000000 0.000000 0.000000 0.000000 0.000000 0.00
6.06 0.000000 0.000000 0.000000 0.000000 0.000000 0.00
6.06 0.000000 0.000000 0.000000 0.000000 0.000000 0.00
6.06 0.000000 0.000000 0.000000 0.000000 0.000000 0.00
6.07 0.000000 0.000000 0.000000 0.000000 0.000000 0.00
6.07 0.000000 0.000000 0.000000 0.000000 0.000000 0.00
6.07 0.000000 0.000000 0.000000 0.000000 0.000000 0.00
6.09 0.000000 0.000000 0.000000 0.000000 0.000000 0.00
6.09 0.000000 0.000000 0.000000 0.000000 0.000000 0.00
6.10 0.000000 0.000000 0.000000 0.000000 0.000000 0.00
6.10 0.000000 0.000000 0.000000 0.000000 0.000000 0.00
6.10 0.000000 0.000000 0.000000 0.000000 0.000000 0.00
6.11 0.000000 0.000000 0.000000 0.000000 0.000000 0.00
6.11 0.000000 0.000000 0.000000 0.000000 0.000000 0.00
6.11 0.000000 0.000000 0.000000 0.000000 0.000000 0.00
6.13 0.000000 0.000000 0.000000 0.000000 0.000000 0.00
6.13 0.000000 0.000000 0.000000 0.000000 0.000000 0.00
6.13 0.000000 0.000000 0.000000 0.000000 0.000000 0.00
6.14 0.000000 0.000000 0.000000 0.000000 0.000000 0.00
6.14 0.000000 0.000000 0.000000 0.000000 0.000000 0.00
6.15 0.000000 0.000000 0.000000 0.000000 0.000000 0.00
6.15 0.000000 0.000000 0.000000 0.000000 0.000000 0.00
6.15 0.000000 0.000000 0.000000 0.000000 0.000000 0.00
6.17 0.000000 0.000000 0.000000 0.000000 0.000000 0.00
6.17 0.000000 0.000000 0.000000 0.000000 0.000000 0.00
6.17 0.000000 0.000000 0.000000 0.000000 0.000000 0.00
6.18 0.000000 0.000000 0.000000 0.000000 0.000000 0.00
6.18 0.000000 0.000000 0.000000 0.000000 0.000000 0.00
6.18 0.000000 0.000000 0.000000 0.000000 0.000000 0.00
6.19 0.000000 0.000000 0.000000 0.000000 0.000000 0.00
6.19 0.000000 0.000000 0.000000 0.000000 0.000000 0.00
6.20 0.000000 0.000000 0.000000 0.000000 0.000000 0.00
6.21 0.000000 0.000000 0.000000 0.000000 0.000000 0.00
6.21 0.000000 0.000000 0.000000 0.000000 0.000000 0.00
6.22 0.000000 0.000000 0.000000 0.000000 0.000000 0.00
6.22 0.000000 0.000000 0.000000 0.000000 0.000000 0.00
6.22 0.000000 0.000000 0.000000 0.000000 0.000000 0.00
6.23 0.000000 0.000000 0.000000 0.000000 0.000000 0.00
6.23 0.000000 0.000000 0.000000 0.000000 0.000000 0.00
6.24 0.000000 0.000000 0.000000 0.000000 0.000000 0.00
6.25 0.000000 0.000000 0.000000 0.000000 0.000000 0.00
6.25 0.000000 0.000000 0.000000 0.000000 0.000000 0.00
6.26 0.000000 0.000000 0.000000 0.000000 0.000000 0.00
6.26 0.000000 0.000000 0.000000 0.000000 0.000000 0.00
6.26 0.000000 0.000000 0.000000 0.000000 0.000000 0.00
6.27 0.000000 0.000000 0.000000 0.000000 0.000000 0.00
6.27 0.000000 0.000000 0.000000 0.000000 0.000000 0.00
6.27 0.000000 0.000000 0.000000 0.000000 0.000000 0.00
6.29 0.000000 0.000000 0.000000 0.000000 0.000000 0.00
6.29 0.000000 0.000000 0.000000 0.000000 0.000000 0.00
6.30 0.000000 0.000000 0.000000 0.000000 0.000000 0.00
6.30 0.000000 0.000000 0.000000 0.000000 0.000000 0.00
6.30 0.000000 0.000000 0.000000 0.000000 0.000000 0.00
6.31 0.000000 0.000000 0.000000 0.000000 0.000000 0.00
6.31 0.000000 0.000000 0.000000 0.000000 0.000000 0.00
6.31 0.000000 0.000000 0.000000 0.000000 0.000000 0.00
6.32 0.000000 0.000000 0.000000 0.000000 0.000000 0.00
6.33 0.000000 0.000000 0.000000 0.000000 0.000000 0.00
6.33 0.000000 0.000000 0.000000 0.000000 0.000000 0.00
6.34 0.000000 0.000000 0.000000 0.000000 0.000000 0.00
6.34 0.000000 0.000000 0.000000 0.000000 0.000000 0.00
6.35 0.000000 0.000000 0.000000 0.000000 0.000000 0.00
6.35 0.000000 0.000000 0.000000 0.000000 0.000000 0.00
6.35 0.000000 0.000000 0.000000 0.000000 0.000000 0.00
6.36 0.000000 0.000000 0.000000 0.000000 0.000000 0.00
6.37 0.000000 0.000000 0.000000 0.000000 0.000000 0.00
6.37 0.000000 0.000000 0.000000 0.000000 0.000000 0.00
6.38 0.000000 0.000000 0.000000 0.000000 0.000000 0.00
6.38 0.000000 0.000000 0.000000 0.000000 0.000000 0.00
6.38 0.000000 0.000000 0.000000 0.000000 0.000000 0.00
6.39 0.000000 0.000000 0.000000 0.000000 0.000000 0.00
6.39 0.000000 0.000000 0.000000 0.000000 0.000000 0.00
6.40 0.000000 0.000000 0.000000 0.000000 0.000000 0.00
6.41 0.000000 0.000000 0.000000 0.000000 0.000000 0.00
6.41 0.000000 0.000000 0.000000 0.000000 0.000000 0.00
6.42 0.000000 0.000000 0.000000 0.000000 0.000000 0.00
6.42 0.000000 0.000000 0.000000 0.000000 0.000000 0.00
6.42 0.000000 0.000000 0.000000 0.000000 0.000000 0.00
6.43 0.000000 0.000000 0.000000 0.000000 0.000000 0.00
6.43 0.000000 0.000000 0.000000 0.000000 0.000000 0.00
6.44 0.000000 0.000000 0.000000 0.000000 0.000000 0.00
6.44 0.000000 0.000000 0.000000 0.000000 0.000000 0.00
6.45 0.000000 0.000000 0.000000 0.000000 0.000000 0.00
6.46 0.000000 0.000000 0.000000 0.000000 0.000000 0.00
6.46 0.000000 0.000000 0.000000 0.000000 0.000000 0.00
6.46 0.000000 0.000000 0.000000 0.000000 0.000000 0.00
6.47 0.000000 0.000000 0.000000 0.000000 0.000000 0.00
6.47 0.000000 0.000000 0.000000 0.000000 0.000000 0.00
6.47 0.000000 0.000000 0.000000 0.000000 0.000000 0.00
6.48 0.000000 0.000000 0.000000 0.000000 0.000000 0.00
6.49 0.000000 0.000000 0.000000 0.000000 0.000000 0.00
6.50 0.000000 0.000000 0.000000 0.000000 0.000000 0.00
6.50 0.000000 0.000000 0.000000 0.000000 0.000000 0.00
6.50 0.000000 0.000000 0.000000 0.000000 0.000000 0.00
6.51 0.000000 0.000000 0.000000 0.000000 0.000000 0.00
6.51 0.000000 0.000000 0.000000 0.000000 0.000000 0.00
6.51 0.000000 0.000000 0.000000 0.000000 0.000000 0.00
6.52 0.000000 0.000000 0.000000 0.000000 0.000000 0.00
6.53 0.000000 0.000000 0.000000 0.000000 0.000000 0.00
6.53 0.000000 0.000000 0.000000 0.000000 0.000000 0.00
6.54 0.000000 0.000000 0.000000 0.000000 0.000000 0.00
6.54 0.000000 0.000000 0.000000 0.000000 0.000000 0.00
6.55 0.000000 0.000000 0.000000 0.000000 0.000000 0.00
6.55 0.000000 0.000000 0.000000 0.000000 0.000000 0.00
6.55 0.000000 0.000000 0.000000 0.000000 0.000000 0.00
6.56 0.000000 0.000000 0.000000 0.000000 0.000000 0.00
6.56 0.000000 0.000000 0.000000 0.000000 0.000000 0.00
6.57 0.000000 0.000000 0.000000 0.000000 0.000000 0.00
6.58 0.000000 0.000000 0.000000 0.000000 0.000000 0.00
6.58 0.000000 0.000000 0.000000 0.000000 0.000000 0.00
6.58 0.000000 0.000000 0.000000 0.000000 0.000000 0.00
6.59 0.000000 0.000000 0.000000 0.000000 0.000000 0.00
6.59 0.000000 0.000000 0.000000 0.000000 0.000000 0.00
6.60 0.000000 0.000000 0.000000 0.000000 0.000000 0.00
6.60 0.000000 0.000000 0.000000 0.000000 0.000000 0.00
6.61 0.000000 0.000000 0.000000 0.000000 0.000000 0.00
6.62 0.000000 0.000000 0.000000 0.000000 0.000000 0.00
6.62 0.000000 0.000000 0.000000 0.000000 0.000000 0.00
6.62 0.000000 0.000000 0.000000 0.000000 0.000000 0.00
6.63 0.000000 0.000000 0.000000 0.000000 0.000000 0.00
6.63 0.000000 0.000000 0.000000 0.000000 0.000000 0.00
6.64 0.000000 0.000000 0.000000 0.000000 0.000000 0.00
6.64 0.000000 0.000000 0.000000 0.000000 0.000000 0.00
6.65 0.000000 0.000000 0.000000 0.000000 0.000000 0.00
6.66 0.000000 0.000000 0.000000 0.000000 0.000000 0.00
6.66 0.000000 0.000000 0.000000 0.000000 0.000000 0.00
6.66 0.000000 0.000000 0.000000 0.000000 0.000000 0.00
6.67 0.000000 0.000000 0.000000 0.000000 0.000000 0.00
6.67 0.000000 0.000000 0.000000 0.000000 0.000000 0.00
6.67 0.000000 0.000000 0.000000 0.000000 0.000000 0.00
6.68 0.000000 0.000000 0.000000 0.000000 0.000000 0.00
6.68 0.000000 0.000000 0.000000 0.000000 0.000000 0.00
6.70 0.000000 0.000000 0.000000 0.000000 0.000000 0.00
6.70 0.000000 0.000000 0.000000 0.000000 0.000000 0.00
6.70 0.000000 0.000000 0.000000 0.000000 0.000000 0.00
6.71 0.000000 0.000000 0.000000 0.000000 0.000000 0.00
6.71 0.000000 0.000000 0.000000 0.000000 0.000000 0.00
6.71 0.000000 0.000000 0.000000 0.000000 0.000000 0.00
6.72 0.000000 0.000000 0.000000 0.000000 0.000000 0.00
6.72 0.000000 0.000000 0.000000 0.000000 0.000000 0.00
6.73 0.000000 0.000000 0.000000 0.000000 0.000000 0.00
6.74 0.000000 0.000000 0.000000 0.000000 0.000000 0.00
6.74 0.000000 0.000000 0.000000 0.000000 0.000000 0.00
6.75 0.000000 0.000000 0.000000 0.000000 0.000000 0.00
6.75 0.000000 0.000000 0.000000 0.000000 0.000000 0.00
6.75 0.000000 0.000000 0.000000 0.000000 0.000000 0.00
6.76 0.000000 0.000000 0.000000 0.000000 0.000000 0.00
6.76 0.000000 0.000000 0.000000 0.000000 0.000000 0.00
6.77 0.000000 0.000000 0.000000 0.000000 0.000000 0.00
6.78 0.000000 0.000000 0.000000 0.000000 0.000000 0.00
6.78 0.000000 0.000000 0.000000 0.000000 0.000000 0.00
6.79 0.000000 0.000000 0.000000 0.000000 0.000000 0.00
6.79 0.000000 0.000000 0.000000 0.000000 0.000000 0.00
6.79 0.000000 0.000000 0.000000 0.000000 0.000000 0.00
6.80 0.000000 0.000000 0.000000 0.000000 0.000000 0.00
6.80 0.000000 0.000000 0.000000 0.000000 0.000000 0.00
6.80 0.000000 0.000000 0.000000 0.000000 0.000000 0.00
6.82 0.000000 0.000000 0.000000 0.000000 0.000000 0.00
6.82 0.000000 0.000000 0.000000 0.000000 0.000000 0.00
6.82 0.000000 0.000000 0.000000 0.000000 0.000000 0.00
6.83 0.000000 0.000000 0.000000 0.000000 0.000000 0.00
6.83 0.000000 0.000000 0.000000 0.000000 0.000000 0.00
6.84 0.000000 0.000000 0.000000 0.000000 0.000000 0.00
6.84 0.000000 0.000000 0.000000 0.000000 0.000000 0.00
6.84 0.000000 0.000000 0.000000 0.000000 0.000000 0.00
6.86 0.000000 0.000000 0.000000 0.000000 0.000000 0.00
6.86 0.000000 0.000000 0.000000 0.000000 0.000000 0.00
6.86 0.000000 0.000000 0.000000 0.000000 0.000000 0.00
6.87 0.000000 0.000000 0.000000 0.000000 0.000000 0.00
6.87 0.000000 0.000000 0.000000 0.000000 0.000000 0.00
6.87 0.000000 0.000000 0.000000 0.000000 0.000000 0.00
6.88 0.000000 0.000000 0.000000 0.000000 0.000000 0.00
6.88 0.000000 0.000000 0.000000 0.000000 0.000000 0.00
6.90 0.000000 0.000000 0.000000 0.000000 0.000000 0.00
6.90 0.000000 0.000000 0.000000 0.000000 0.000000 0.00
6.90 0.000000 0.000000 0.000000 0.000000 0.000000 0.00
6.91 0.000000 0.000000 0.000000 0.000000 0.000000 0.00
6.91 0.000000 0.000000 0.000000 0.000000 0.000000 0.00
6.91 0.000000 0.000000 0.000000 0.000000 0.000000 0.00
6.92 0.000000 0.000000 0.000000 0.000000 0.000000 0.00
6.92 0.000000 0.000000 0.000000 0.000000 0.000000 0.00
6.92 0.000000 0.000000 0.000000 0.000000 0.000000 0.00
6.94 0.000000 0.000000 0.000000 0.000000 0.000000 0.00
6.94 0.000000 0.000000 0.000000 0.000000 0.000000 0.00
6.95 0.000000 0.000000 0.000000 0.000000 0.000000 0.00
6.95 0.000000 0.000000 0.000000 0.000000 0.000000 0.00
6.95 0.000000 0.000000 0.000000 0.000000 0.000000 0.00
6.96 0.000000 0.000000 0.000000 0.000000 0.000000 0.00
6.96 0.000000 0.000000 0.000000 0.000000 0.000000 0.00
6.96 0.000000 0.000000 0.000000 0.000000 0.000000 0.00
6.98 0.000000 0.000000 0.000000 0.000000 0.000000 0.00
6.98 0.000000 0.000000 0.000000 0.000000 0.000000 0.00
6.99 0.000000 0.000000 0.000000 0.000000 0.000000 0.00
6.99 0.000000 0.000000 0.000000 0.000000 0.000000 0.00
6.99 0.000000 0.000000 0.000000 0.000000 0.000000 0.00
7.00 0.000000 0.000000 0.000000 0.000000 0.000000 0.00
7.00 0.000000 0.000000 0.000000 0.000000 0.000000 0.00
7.00 0.000000 0.000000 0.000000 0.000000 0.000000 0.00
7.02 0.000000 0.000000 0.000000 0.000000 0.000000 0.00
7.02 0.000000 0.000000 0.000000 0.000000 0.000000 0.00
7.02 0.000000 0.000000 0.000000 0.000000 0.000000 0.00
7.03 0.000000 0.000000 0.000000 0.000000 0.000000 0.00
7.03 0.000000 0.000000 0.000000 0.000000 0.000000 0.00
7.04 0.000000 0.000000 0.000000 0.000000 0.000000 0.00
7.04 0.000000 0.000000 0.000000 0.000000 0.000000 0.00
7.04 0.000000 0.000000 0.000000 0.000000 0.000000 0.00
7.05 0.000000 0.000000 0.000000 0.000000 0.000000 0.00
7.06 0.000000 0.000000 0.000000 0.000000 0.000000 0.00
7.06 0.000000 0.000000 0.000000 0.000000 0.000000 0.00
7.07 0.000000 0.000000 0.000000 0.000000 0.000000 0.00
7.07 0.000000 0.000000 0.000000 0.000000 0.000000 0.00
7.07 0.000000 0.000000 0.000000 0.000000 0.000000 0.00
7.08 0.000000 0.000000 0.000000 0.000000 0.000000 0.00
7.08 0.000000 0.000000 0.000000 0.000000 0.000000 0.00
7.09 0.000000 0.000000 0.000000 0.000000 0.000000 0.00
7.10 0.000000 0.000000 0.000000 0.000000 0.000000 0.00
7.10 0.000000 0.000000 0.000000 0.000000 0.000000 0.00
7.11 0.000000 0.000000 0.000000 0.000000 0.000000 0.00
7.11 0.000000 0.000000 0.000000 0.000000 0.000000 0.00
7.11 0.000000 0.000000 0.000000 0.000000 0.000000 0.00
7.12 0.000000 0.000000 0.000000 0.000000 0.000000 0.00
7.12 0.000000 0.000000 0.000000 0.000000 0.000000 0.00
7.12 0.000000 0.000000 0.000000 0.000000 0.000000 0.00
7.14 0.000000 0.000000 0.000000 0.000000 0.000000 0.00
7.14 0.000000 0.000000 0.000000 0.000000 0.000000 0.00
7.15 0.000000 0.000000 0.000000 0.000000 0.000000 0.00
7.15 0.000000 0.000000 0.000000 0.000000 0.000000 0.00
7.15 0.000000 0.000000 0.000000 0.000000 0.000000 0.00
7.16 0.000000 0.000000 0.000000 0.000000 0.000000 0.00
7.16 0.000000 0.000000 0.000000 0.000000 0.000000 0.00
7.16 0.000000 0.000000 0.000000 0.000000 0.000000 0.00
7.17 0.000000 0.000000 0.000000 0.000000 0.000000 0.00
7.18 0.000000 0.000000 0.000000 0.000000 0.000000 0.00
7.19 0.000000 0.000000 0.000000 0.000000 0.000000 0.00
7.19 0.000000 0.000000 0.000000 0.000000 0.000000 0.00
7.19 0.000000 0.000000 0.000000 0.000000 0.000000 0.00
7.20 0.000000 0.000000 0.000000 0.000000 0.000000 0.00
7.20 0.000000 0.000000 0.000000 0.000000 0.000000 0.00
7.20 0.000000 0.000000 0.000000 0.000000 0.000000 0.00
7.21 0.000000 0.000000 0.000000 0.000000 0.000000 0.00
7.22 0.000000 0.000000 0.000000 0.000000 0.000000 0.00
7.22 0.000000 0.000000 0.000000 0.000000 0.000000 0.00
7.23 0.000000 0.000000 0.000000 0.000000 0.000000 0.00
7.23 0.000000 0.000000 0.000000 0.000000 0.000000 0.00
7.24 0.000000 0.000000 0.000000 0.000000 0.000000 0.00
7.24 0.000000 0.000000 0.000000 0.000000 0.000000 0.00
7.24 0.000000 0.000000 0.000000 0.000000 0.000000 0.00
7.25 0.000000 0.000000 0.000000 0.000000 0.000000 0.00
7.26 0.000000 0.000000 0.000000 0.000000 0.000000 0.00
7.26 0.000000 0.000000 0.000000 0.000000 0.000000 0.00
7.27 0.000000 0.000000 0.000000 0.000000 0.000000 0.00
7.27 0.000000 0.000000 0.000000 0.000000 0.000000 0.00
7.27 0.000000 0.000000 0.000000 0.000000 0.000000 0.00
7.28 0.000000 0.000000 0.000000 0.000000 0.000000 0.00
7.28 0.000000 0.000000 0.000000 0.000000 0.000000 0.00
7.29 0.000000 0.000000 0.000000 0.000000 0.000000 0.00
7.29 0.000000 0.000000 0.000000 0.000000 0.000000 0.00
7.30 0.000000 0.000000 0.000000 0.000000 0.000000 0.00
7.31 0.000000 0.000000 0.000000 0.000000 0.000000 0.00
7.31 0.000000 0.000000 0.000000 0.000000 0.000000 0.00
7.31 0.000000 0.000000 0.000000 0.000000 0.000000 0.00
7.32 0.000000 0.000000 0.000000 0.000000 0.000000 0.00
7.32 0.000000 0.000000 0.000000 0.000000 0.000000 0.00
7.33 0.000000 0.000000 0.000000 0.000000 0.000000 0.00
7.33 0.000000 0.000000 0.000000 0.000000 0.000000 0.00
7.34 0.000000 0.000000 0.000000 0.000000 0.000000 0.00
7.35 0.000000 0.000000 0.000000 0.000000 0.000000 0.00
7.35 0.000000 0.000000 0.000000 0.000000 0.000000 0.00
7.35 0.000000 0.000000 0.000000 0.000000 0.000000 0.00
7.36 0.000000 0.000000 0.000000 0.000000 0.000000 0.00
7.36 0.000000 0.000000 0.000000 0.000000 0.000000 0.00
7.36 0.000000 0.000000 0.000000 0.000000 0.000000 0.00
7.37 0.000000 0.000000 0.000000 0.000000 0.000000 0.00
7.38 0.000000 0.000000 0.000000 0.000000 0.000000 0.00
7.39 0.000000 0.000000 0.000000 0.000000 0.000000 0.00
7.39 0.000000 0.000000 0.000000 0.000000 0.000000 0.00
7.39 0.000000 0.000000 0.000000 0.000000 0.000000 0.00
7.40 0.000000 0.000000 0.000000 0.000000 0.000000 0.00
7.40 0.000000 0.000000 0.000000 0.000000 0.000000 0.00
7.40 0.000000 0.000000 0.000000 0.000000 0.000000 0.00
7.41 0.000000 0.000000 0.000000 0.000000 0.000000 0.00
7.41 0.000000 0.000000 0.000000 0.000000 0.000000 0.00
7.42 0.000000 0.000000 0.000000 0.000000 0.000000 0.00
7.43 0.000000 0.000000 0.000000 0.000000 0.000000 0.00
7.43 0.000000 0.000000 0.000000 0.000000 0.000000 0.00
7.44 0.000000 0.000000 0.000000 0.000000 0.000000 0.00
7.44 0.000000 0.000000 0.000000 0.000000 0.000000 0.00
7.44 0.000000 0.000000 0.000000 0.000000 0.000000 0.00
7.45 0.000000 0.000000 0.000000 0.000000 0.000000 0.00
7.45 0.000000 0.000000 0.000000 0.000000 0.000000 0.00
7.46 0.000000 0.000000 0.000000 0.000000 0.000000 0.00
7.47 0.000000 0.000000 0.000000 0.000000 0.000000 0.00
7.47 0.000000 0.000000 0.000000 0.000000 0.000000 0.00
7.47 0.000000 0.000000 0.000000 0.000000 0.000000 0.00
7.48 0.000000 0.000000 0.000000 0.000000 0.000000 0.00
7.48 0.000000 0.000000 0.000000 0.000000 0.000000 0.00
7.49 0.000000 0.000000 0.000000 0.000000 0.000000 0.00
7.49 0.000000 0.000000 0.000000 0.000000 0.000000 0.00
7.50 0.000000 0.000000 0.000000 0.000000 0.000000 0.00
7.51 0.000000 0.000000 0.000000 0.000000 0.000000 0.00
7.51 0.000000 0.000000 0.000000 0.000000 0.000000 0.00
7.51 0.000000 0.000000 0.000000 0.000000 0.000000 0.00
7.52 0.000000 0.000000 0.000000 0.000000 0.000000 0.00
7.52 0.000000 0.000000 0.000000 0.000000 0.000000 0.00
7.53 0.000000 0.000000 0.000000 0.000000 0.000000 0.00
7.53 0.000000 0.000000 0.000000 0.000000 0.000000 0.00
7.53 0.000000 0.000000 0.000000 0.000000 0.000000 0.00
7.55 0.000000 0.000000 0.000000 0.000000 0.000000 0.00
7.55 0.000000 0.000000 0.000000 0.000000 0.000000 0.00
7.55 0.000000 0.000000 0.000000 0.000000 0.000000 0.00
7.56 0.000000 0.000000 0.000000 0.000000 0.000000 0.00
7.56 0.000000 0.000000 0.000000 0.000000 0.000000 0.00
7.56 0.000000 0.000000 0.000000 0.000000 0.000000 0.00
7.57 0.000000 0.000000 0.000000 0.000000 0.000000 0.00
7.57 0.000000 0.000000 0.000000 0.000000 0.000000 0.00
7.59 0.000000 0.000000 0.000000 0.000000 0.000000 0.00
7.59 0.000000 0.000000 0.000000 0.000000 0.000000 0.00
7.59 0.000000 0.000000 0.000000 0.000000 0.000000 0.00
7.60 0.000000 0.000000 0.000000 0.000000 0.000000 0.00
7.60 0.000000 0.000000 0.000000 0.000000 0.000000 0.00
7.60 0.000000 0.000000 0.000000 0.000000 0.000000 0.00
7.61 0.000000 0.000000 0.000000 0.000000 0.000000 0.00
7.61 0.000000 0.000000 0.000000 0.000000 0.000000 0.00
7.62 0.000000 0.000000 0.000000 0.000000 0.000000 0.00
7.63 0.000000 0.000000 0.000000 0.000000 0.000000 0.00
7.63 0.000000 0.000000 0.000000 0.000000 0.000000 0.00
7.64 0.000000 0.000000 0.000000 0.000000 0.000000 0.00
7.64 0.000000 0.000000 0.000000 0.000000 0.000000 0.00
7.64 0.000000 0.000000 0.000000 0.000000 0.000000 0.00
7.65 0.000000 0.000000 0.000000 0.000000 0.000000 0.00
7.65 0.000000 0.000000 0.000000 0.000000 0.000000 0.00
7.65 0.000000 0.000000 0.000000 0.000000 0.000000 0.00
7.67 0.000000 0.000000 0.000000 0.000000 0.000000 0.00
7.67 0.000000 0.000000 0.000000 0.000000 0.000000 0.00
7.67 0.000000 0.000000 0.000000 0.000000 0.000000 0.00
7.68 0.000000 0.000000 0.000000 0.000000 0.000000 0.00
7.68 0.000000 0.000000 0.000000 0.000000 0.000000 0.00
7.69 0.000000 0.000000 0.000000 0.000000 0.000000 0.00
7.69 0.000000 0.000000 0.000000 0.000000 0.000000 0.00
7.69 0.000000 0.000000 0.000000 0.000000 0.000000 0.00
7.71 0.000000 0.000000 0.000000 0.000000 0.000000 0.00
7.71 0.000000 0.000000 0.000000 0.000000 0.000000 0.00
7.71 0.000000 0.000000 0.000000 0.000000 0.000000 0.00
7.72 0.000000 0.000000 0.000000 0.000000 0.000000 0.00
7.72 0.000000 0.000000 0.000000 0.000000 0.000000 0.00
7.73 0.000000 0.000000 0.000000 0.000000 0.000000 0.00
7.73 0.000000 0.000000 0.000000 0.000000 0.000000 0.00
7.73 0.000000 0.000000 0.000000 0.000000 0.000000 0.00
7.75 0.000000 0.000000 0.000000 0.000000 0.000000 0.00
7.75 0.000000 0.000000 0.000000 0.000000 0.000000 0.00
7.75 0.000000 0.000000 0.000000 0.000000 0.000000 0.00
7.76 0.000000 0.000000 0.000000 0.000000 0.000000 0.00
7.76 0.000000 0.000000 0.000000 0.000000 0.000000 0.00
7.76 0.000000 0.000000 0.000000 0.000000 0.000000 0.00
7.77 0.000000 0.000000 0.000000 0.000000 0.000000 0.00
7.77 0.000000 0.000000 0.000000 0.000000 0.000000 0.00
7.78 0.000000 0.000000 0.000000 0.000000 0.000000 0.00
7.79 0.000000 0.000000 0.000000 0.000000 0.000000 0.00
7.79 0.000000 0.000000 0.000000 0.000000 0.000000 0.00
7.80 0.000000 0.000000 0.000000 0.000000 0.000000 0.00
7.80 0.000000 0.000000 0.000000 0.000000 0.000000 0.00
7.80 0.000000 0.000000 0.000000 0.000000 0.000000 0.00
7.81 0.000000 0.000000 0.000000 0.000000 0.000000 0.00
7.81 0.000000 0.000000 0.000000 0.000000 0.000000 0.00
7.81 0.000000 0.000000 0.000000 0.000000 0.000000 0.00
7.83 0.000000 0.000000 0.000000 0.000000 0.000000 0.00
7.83 0.000000 0.000000 0.000000 0.000000 0.000000 0.00
7.84 0.000000 0.000000 0.000000 0.000000 0.000000 0.00
7.84 0.000000 0.000000 0.000000 0.000000 0.000000 0.00
7.84 0.000000 0.000000 0.000000 0.000000 0.000000 0.00
7.85 0.000000 0.000000 0.000000 0.000000 0.000000 0.00
7.85 0.000000 0.000000 0.000000 0.000000 0.000000 0.00
7.85 0.000000 0.000000 0.000000 0.000000 0.000000 0.00
7.87 0.000000 0.000000 0.000000 0.000000 0.000000 0.00
7.87 0.000000 0.000000 0.000000 0.000000 0.000000 0.00
7.88 0.000000 0.000000 0.000000 0.000000 0.000000 0.00
7.88 0.000000 0.000000 0.000000 0.000000 0.000000 0.00
7.88 0.000000 0.000000 0.000000 0.000000 0.000000 0.00
7.89 0.000000 0.000000 0.000000 0.000000 0.000000 0.00
7.89 0.000000 0.000000 0.000000 0.000000 0.000000 0.00
7.89 0.000000 0.000000 0.000000 0.000000 0.000000 0.00
7.90 0.000000 0.000000 0.000000 0.000000 0.000000 0.00
7.91 0.000000 0.000000 0.000000 0.000000 0.000000 0.00
7.91 0.000000 0.000000 0.000000 0.000000 0.000000 0.00
7.92 0.000000 0.000000 0.000000 0.000000 0.000000 0.00
7.92 0.000000 0.000000 0.000000 0.000000 0.000000 0.00
7.93 0.000000 0.000000 0.000000 0.000000 0.000000 0.00
7.93 0.000000 0.000000 0.000000 0.000000 0.000000 0.00
7.93 0.000000 0.000000 0.000000 0.000000 0.000000 0.00
7.94 0.000000 0.000000 0.000000 0.000000 0.000000 0.00
7.95 0.000000 0.000000 0.000000 0.000000 0.000000 0.00
7.95 0.000000 0.000000 0.000000 0.000000 0.000000 0.00
7.96 0.000000 0.000000 0.000000 0.000000 0.000000 0.00
7.96 0.000000 0.000000 0.000000 0.000000 0.000000 0.00
7.96 0.000000 0.000000 0.000000 0.000000 0.000000 0.00
7.97 0.000000 0.000000 0.000000 0.000000 0.000000 0.00
7.97 0.000000 0.000000 0.000000 0.000000 0.000000 0.00
7.98 0.000000 0.000000 0.000000 0.000000 0.000000 0.00
7.99 0.000000 0.000000 0.000000 0.000000 0.000000 0.00
7.99 0.000000 0.000000 0.000000 0.000000 0.000000 0.00
8.00 0.000000 0.000000 0.000000 0.000000 0.000000 0.00
8.00 0.000000 0.000000 0.000000 0.000000 0.000000 0.00
8.00 0.000000 0.000000 0.000000 0.000000 0.000000 0.00
8.01 0.000000 0.000000 0.000000 0.000000 0.000000 0.00
8.01 0.000000 0.000000 0.000000 0.000000 0.000000 0.00
8.01 0.000000 0.000000 0.000000 0.000000 0.000000 0.00
8.02 0.000000 0.000000 0.000000 0.000000 0.000000 0.00
8.03 0.000000 0.000000 0.000000 0.000000 0.000000 0.00
8.04 0.000000 0.000000 0.000000 0.000000 0.000000 0.00
8.04 0.000000 0.000000 0.000000 0.000000 0.000000 0.00
8.04 0.000000 0.000000 0.000000 0.000000 0.000000 0.00
8.05 0.000000 0.000000 0.000000 0.000000 0.000000 0.00
8.05 0.000000 0.000000 0.000000 0.000000 0.000000 0.00
8.05 0.000000 0.000000 0.000000 0.000000 0.000000 0.00
8.06 0.000000 0.000000 0.000000 0.000000 0.000000 0.00
8.07 0.000000 0.000000 0.000000 0.000000 0.000000 0.00
8.08 0.000000 0.000000 0.000000 0.000000 0.000000 0.00
8.08 0.000000 0.000000 0.000000 0.000000 0.000000 0.00
8.08 0.000000 0.000000 0.000000 0.000000 0.000000 0.00
8.09 0.000000 0.000000 0.000000 0.000000 0.000000 0.00
8.09 0.000000 0.000000 0.000000 0.000000 0.000000 0.00
8.09 0.000000 0.000000 0.000000 0.000000 0.000000 0.00
8.10 0.000000 0.000000 0.000000 0.000000 0.000000 0.00
8.11 0.000000 0.000000 0.000000 0.000000 0.000000 0.00
8.11 0.000000 0.000000 0.000000 0.000000 0.000000 0.00
8.12 0.000000 0.000000 0.000000 0.000000 0.000000 0.00
8.12 0.000000 0.000000 0.000000 0.000000 0.000000 0.00
8.13 0.000000 0.000000 0.000000 0.000000 0.000000 0.00
8.13 0.000000 0.000000 0.000000 0.000000 0.000000 0.00
8.13 0.000000 0.000000 0.000000 0.000000 0.000000 0.00
8.14 0.000000 0.000000 0.000000 0.000000 0.000000 0.00
8.14 0.000000 0.000000 0.000000 0.000000 0.000000 0.00
8.15 0.000000 0.000000 0.000000 0.000000 0.000000 0.00
8.16 0.000000 0.000000 0.000000 0.000000 0.000000 0.00
8.16 0.000000 0.000000 0.000000 0.000000 0.000000 0.00
8.16 0.000000 0.000000 0.000000 0.000000 0.000000 0.00
8.17 0.000000 0.000000 0.000000 0.000000 0.000000 0.00
8.17 0.000000 0.000000 0.000000 0.000000 0.000000 0.00
8.18 0.000000 0.000000 0.000000 0.000000 0.000000 0.00
8.18 0.000000 0.000000 0.000000 0.000000 0.000000 0.00
8.19 0.000000 0.000000 0.000000 0.000000 0.000000 0.00
8.20 0.000000 0.000000 0.000000 0.000000 0.000000 0.00
8.20 0.000000 0.000000 0.000000 0.000000 0.000000 0.00
8.20 0.000000 0.000000 0.000000 0.000000 0.000000 0.00
8.21 0.000000 0.000000 0.000000 0.000000 0.000000 0.00
8.21 0.000000 0.000000 0.000000 0.000000 0.000000 0.00
8.21 0.000000 0.000000 0.000000 0.000000 0.000000 0.00
8.22 0.000000 0.000000 0.000000 0.000000 0.000000 0.00
8.23 0.000000 0.000000 0.000000 0.000000 0.000000 0.00
8.24 0.000000 0.000000 0.000000 0.000000 0.000000 0.00
8.24 0.000000 0.000000 0.000000 0.000000 0.000000 0.00
8.24 0.000000 0.000000 0.000000 0.000000 0.000000 0.00
8.25 0.000000 0.000000 0.000000 0.000000 0.000000 0.00
8.25 0.000000 0.000000 0.000000 0.000000 0.000000 0.00
8.25 0.000000 0.000000 0.000000 0.000000 0.000000 0.00
8.26 0.000000 0.000000 0.000000 0.000000 0.000000 0.00
8.26 0.000000 0.000000 0.000000 0.000000 0.000000 0.00
8.28 0.000000 0.000000 0.000000 0.000000 0.000000 0.00
8.28 0.000000 0.000000 0.000000 0.000000 0.000000 0.00
8.28 0.000000 0.000000 0.000000 0.000000 0.000000 0.00
8.29 0.000000 0.000000 0.000000 0.000000 0.000000 0.00
8.29 0.000000 0.000000 0.000000 0.000000 0.000000 0.00
8.29 0.000000 0.000000 0.000000 0.000000 0.000000 0.00
8.30 0.000000 0.000000 0.000000 0.000000 0.000000 0.00
8.30 0.000000 0.000000 0.000000 0.000000 0.000000 0.00
8.31 0.000000 0.000000 0.000000 0.000000 0.000000 0.00
8.32 0.000000 0.000000 0.000000 0.000000 0.000000 0.00
8.32 0.000000 0.000000 0.000000 0.000000 0.000000 0.00
8.33 0.000000 0.000000 0.000000 0.000000 0.000000 0.00
8.33 0.000000 0.000000 0.000000 0.000000 0.000000 0.00
8.33 0.000000 0.000000 0.000000 0.000000 0.000000 0.00
8.34 0.000000 0.000000 0.000000 0.000000 0.000000 0.00
8.34 0.000000 0.000000 0.000000 0.000000 0.000000 0.00
8.35 0.000000 0.000000 0.000000 0.000000 0.000000 0.00
8.36 0.000000 0.000000 0.000000 0.000000 0.000000 0.00
8.36 0.000000 0.000000 0.000000 0.000000 0.000000 0.00
8.36 0.000000 0.000000 0.000000 0.000000 0.000000 0.00
8.37 0.000000 0.000000 0.000000 0.000000 0.000000 0.00
8.37 0.000000 0.000000 0.000000 0.000000 0.000000 0.00
8.38 0.000000 0.000000 0.000000 0.000000 0.000000 0.00
8.38 0.000000 0.000000 0.000000 0.000000 0.000000 0.00
8.38 0.000000 0.000000 0.000000 0.000000 0.000000 0.00
8.40 0.000000 0.000000 0.000000 0.000000 0.000000 0.00
8.40 0.000000 0.000000 0.000000 0.000000 0.000000 0.00
8.40 0.000000 0.000000 0.000000 0.000000 0.000000 0.00
8.41 0.000000 0.000000 0.000000 0.000000 0.000000 0.00
8.41 0.000000 0.000000 0.000000 0.000000 0.000000 0.00
8.42 0.000000 0.000000 0.000000 0.000000 0.000000 0.00
8.42 0.000000 0.000000 0.000000 0.000000 0.000000 0.00
8.42 0.000000 0.000000 0.000000 0.000000 0.000000 0.00
8.44 0.000000 0.000000 0.000000 0.000000 0.000000 0.00
8.44 0.000000 0.000000 0.000000 0.000000 0.000000 0.00
8.44 0.000000 0.000000 0.000000 0.000000 0.000000 0.00
8.45 0.000000 0.000000 0.000000 0.000000 0.000000 0.00
8.45 0.000000 0.000000 0.000000 0.000000 0.000000 0.00
8.45 0.000000 0.000000 0.000000 0.000000 0.000000 0.00
8.46 0.000000 0.000000 0.000000 0.000000 0.000000 0.00
8.46 0.000000 0.000000 0.000000 0.000000 0.000000 0.00
8.48 0.000000 0.000000 0.000000 0.000000 0.000000 0.00
8.48 0.000000 0.000000 0.000000 0.000000 0.000000 0.00
8.48 0.000000 0.000000 0.000000 0.000000 0.000000 0.00
8.49 0.000000 0.000000 0.000000 0.000000 0.000000 0.00
8.49 0.000000 0.000000 0.000000 0.000000 0.000000 0.00
8.49 0.000000 0.000000 0.000000 0.000000 0.000000 0.00
8.50 0.000000 0.000000 0.000000 0.000000 0.000000 0.00
8.50 0.000000 0.000000 0.000000 0.000000 0.000000 0.00
8.50 0.000000 0.000000 0.000000 0.000000 0.000000 0.00
8.52 0.000000 0.000000 0.000000 0.000000 0.000000 0.00
8.52 0.000000 0.000000 0.000000 0.000000 0.000000 0.00
8.53 0.000000 0.000000 0.000000 0.000000 0.000000 0.00
8.53 0.000000 0.000000 0.000000 0.000000 0.000000 0.00
8.53 0.000000 0.000000 0.000000 0.000000 0.000000 0.00
8.54 0.000000 0.000000 0.000000 0.000000 0.000000 0.00
8.54 0.000000 0.000000 0.000000 0.000000 0.000000 0.00
8.54 0.000000 0.000000 0.000000 0.000000 0.000000 0.00
8.56 0.000000 0.000000 0.000000 0.000000 0.000000 0.00
8.56 0.000000 0.000000 0.000000 0.000000 0.000000 0.00
8.56 0.000000 0.000000 0.000000 0.000000 0.000000 0.00
8.57 0.000000 0.000000 0.000000 0.000000 0.000000 0.00
8.57 0.000000 0.000000 0.000000 0.000000 0.000000 0.00
8.58 0.000000 0.000000 0.000000 0.000000 0.000000 0.00
8.58 0.000000 0.000000 0.000000 0.000000 0.000000 0.00
8.58 0.000000 0.000000 0.000000 0.000000 0.000000 0.00
8.60 0.000000 0.000000 0.000000 0.000000 0.000000 0.00
8.60 0.000000 0.000000 0.000000 0.000000 0.000000 0.00
8.60 0.000000 0.000000 0.000000 0.000000 0.000000 0.00
8.61 0.000000 0.000000 0.000000 0.000000 0.000000 0.00
8.61 0.000000 0.000000 0.000000 0.000000 0.000000 0.00
8.62 0.000000 0.000000 0.000000 0.000000 0.000000 0.00
8.62 0.000000 0.000000 0.000000 0.000000 0.000000 0.00
8.62 0.000000 0.000000 0.000000 0.000000 0.000000 0.00
8.63 0.000000 0.000000 0.000000 0.000000 0.000000 0.00
8.64 0.000000 0.000000 0.000000 0.000000 0.000000 0.00
8.64 0.000000 0.000000 0.000000 0.000000 0.000000 0.00
8.65 0.000000 0.000000 0.000000 0.000000 0.000000 0.00
8.65 0.000000 0.000000 0.000000 0.000000 0.000000 0.00
8.65 0.000000 0.000000 0.000000 0.000000 0.000000 0.00
8.66 0.000000 0.000000 0.000000 0.000000 0.000000 0.00
8.66 0.000000 0.000000 0.000000 0.000000 0.000000 0.00
8.67 0.000000 0.000000 0.000000 0.000000 0.000000 0.00
8.68 0.000000 0.000000 0.000000 0.000000 0.000000 0.00
8.68 0.000000 0.000000 0.000000 0.000000 0.000000 0.00
8.69 0.000000 0.000000 0.000000 0.000000 0.000000 0.00
8.69 0.000000 0.000000 0.000000 0.000000 0.000000 0.00
8.69 0.000000 0.000000 0.000000 0.000000 0.000000 0.00
8.70 0.000000 0.000000 0.000000 0.000000 0.000000 0.00
8.70 0.000000 0.000000 0.000000 0.000000 0.000000 0.00
8.70 0.000000 0.000000 0.000000 0.000000 0.000000 0.00
8.72 0.000000 0.000000 0.000000 0.000000 0.000000 0.00
8.72 0.000000 0.000000 0.000000 0.000000 0.000000 0.00
8.73 0.000000 0.000000 0.000000 0.000000 0.000000 0.00
8.73 0.000000 0.000000 0.000000 0.000000 0.000000 0.00
8.73 0.000000 0.000000 0.000000 0.000000 0.000000 0.00
8.74 0.000000 0.000000 0.000000 0.000000 0.000000 0.00
8.74 0.000000 0.000000 0.000000 0.000000 0.000000 0.00
8.74 0.000000 0.000000 0.000000 0.000000 0.000000 0.00
8.75 0.000000 0.000000 0.000000 0.000000 0.000000 0.00
8.76 0.000000 0.000000 0.000000 0.000000 0.000000 0.00
8.76 0.000000 0.000000 0.000000 0.000000 0.000000 0.00
8.77 0.000000 0.000000 0.000000 0.000000 0.000000 0.00
8.77 0.000000 0.000000 0.000000 0.000000 0.000000 0.00
8.78 0.000000 0.000000 0.000000 0.000000 0.000000 0.00
8.78 0.000000 0.000000 0.000000 0.000000 0.000000 0.00
8.78 0.000000 0.000000 0.000000 0.000000 0.000000 0.00
8.79 0.000000 0.000000 0.000000 0.000000 0.000000 0.00
8.80 0.000000 0.000000 0.000000 0.000000 0.000000 0.00
8.80 0.000000 0.000000 0.000000 0.000000 0.000000 0.00
8.81 0.000000 0.000000 0.000000 0.000000 0.000000 0.00
8.81 0.000000 0.000000 0.000000 0.000000 0.000000 0.00
8.82 0.000000 0.000000 0.000000 0.000000 0.000000 0.00
8.82 0.000000 0.000000 0.000000 0.000000 0.000000 0.00
8.82 0.000000 0.000000 0.000000 0.000000 0.000000 0.00
8.83 0.000000 0.000000 0.000000 0.000000 0.000000 0.00
8.84 0.000000 0.000000 0.000000 0.000000 0.000000 0.00
8.84 0.000000 0.000000 0.000000 0.000000 0.000000 0.00
8.85 0.000000 0.000000 0.000000 0.000000 0.000000 0.00
8.85 0.000000 0.000000 0.000000 0.000000 0.000000 0.00
8.85 0.000000 0.000000 0.000000 0.000000 0.000000 0.00
8.86 0.000000 0.000000 0.000000 0.000000 0.000000 0.00
8.86 0.000000 0.000000 0.000000 0.000000 0.000000 0.00
8.87 0.000000 0.000000 0.000000 0.000000 0.000000 0.00
8.87 0.000000 0.000000 0.000000 0.000000 0.000000 0.00
8.88 0.000000 0.000000 0.000000 0.000000 0.000000 0.00
8.89 0.000000 0.000000 0.000000 0.000000 0.000000 0.00
8.89 0.000000 0.000000 0.000000 0.000000 0.000000 0.00
8.89 0.000000 0.000000 0.000000 0.000000 0.000000 0.00
8.90 0.000000 0.000000 0.000000 0.000000 0.000000 0.00
8.90 0.000000 0.000000 0.000000 0.000000 0.000000 0.00
8.90 0.000000 0.000000 0.000000 0.000000 0.000000 0.00
8.91 0.000000 0.000000 0.000000 0.000000 0.000000 0.00
8.92 0.000000 0.000000 0.000000 0.000000 0.000000 0.00
8.93 0.000000 0.000000 0.000000 0.000000 0.000000 0.00
8.93 0.000000 0.000000 0.000000 0.000000 0.000000 0.00
8.93 0.000000 0.000000 0.000000 0.000000 0.000000 0.00
8.94 0.000000 0.000000 0.000000 0.000000 0.000000 0.00
8.94 0.000000 0.000000 0.000000 0.000000 0.000000 0.00
8.94 0.000000 0.000000 0.000000 0.000000 0.000000 0.00
8.95 0.000000 0.000000 0.000000 0.000000 0.000000 0.00
8.96 0.000000 0.000000 0.000000 0.000000 0.000000 0.00
8.97 0.000000 0.000000 0.000000 0.000000 0.000000 0.00
8.97 0.000000 0.000000 0.000000 0.000000 0.000000 0.00
8.97 0.000000 0.000000 0.000000 0.000000 0.000000 0.00
8.98 0.000000 0.000000 0.000000 0.000000 0.000000 0.00
8.98 0.000000 0.000000 0.000000 0.000000 0.000000 0.00
8.98 0.000000 0.000000 0.000000 0.000000 0.000000 0.00
8.99 0.000000 0.000000 0.000000 0.000000 0.000000 0.00
8.99 0.000000 0.000000 0.000000 0.000000 0.000000 0.00
9.00 0.000000 0.000000 0.000000 0.000000 0.000000 0.00
9.01 0.000000 0.000000 0.000000 0.000000 0.000000 0.00
9.01 0.000000 0.000000 0.000000 0.000000 0.000000 0.00
9.02 0.000000 0.000000 0.000000 0.000000 0.000000 0.00
9.02 0.000000 0.000000 0.000000 0.000000 0.000000 0.00
9.02 0.000000 0.000000 0.000000 0.000000 0.000000 0.00
9.03 0.000000 0.000000 0.000000 0.000000 0.000000 0.00
9.03 0.000000 0.000000 0.000000 0.000000 0.000000 0.00
9.04 0.000000 0.000000 0.000000 0.000000 0.000000 0.00
9.05 0.000000 0.000000 0.000000 0.000000 0.000000 0.00
9.05 0.000000 0.000000 0.000000 0.000000 0.000000 0.00
9.05 0.000000 0.000000 0.000000 0.000000 0.000000 0.00
9.06 0.000000 0.000000 0.000000 0.000000 0.000000 0.00
9.06 0.000000 0.000000 0.000000 0.000000 0.000000 0.00
9.07 0.000000 0.000000 0.000000 0.000000 0.000000 0.00
9.07 0.000000 0.000000 0.000000 0.000000 0.000000 0.00
9.08 0.000000 0.000000 0.000000 0.000000 0.000000 0.00
9.09 0.000000 0.000000 0.000000 0.000000 0.000000 0.00
9.09 0.000000 0.000000 0.000000 0.000000 0.000000 0.00
9.09 0.000000 0.000000 0.000000 0.000000 0.000000 0.00
9.10 0.000000 0.000000 0.000000 0.000000 0.000000 0.00
9.10 0.000000 0.000000 0.000000 0.000000 0.000000 0.00
9.10 0.000000 0.000000 0.000000 0.000000 0.000000 0.00
9.11 0.000000 0.000000 0.000000 0.000000 0.000000 0.00
9.11 0.000000 0.000000 0.000000 0.000000 0.000000 0.00
9.13 0.000000 0.000000 0.000000 0.000000 0.000000 0.00
9.13 0.000000 0.000000 0.000000 0.000000 0.000000 0.00
9.13 0.000000 0.000000 0.000000 0.000000 0.000000 0.00
9.14 0.000000 0.000000 0.000000 0.000000 0.000000 0.00
9.14 0.000000 0.000000 0.000000 0.000000 0.000000 0.00
9.14 0.000000 0.000000 0.000000 0.000000 0.000000 0.00
9.15 0.000000 0.000000 0.000000 0.000000 0.000000 0.00
9.15 0.000000 0.000000 0.000000 0.000000 0.000000 0.00
9.17 0.000000 0.000000 0.000000 0.000000 0.000000 0.00
9.17 0.000000 0.000000 0.000000 0.000000 0.000000 0.00
9.17 0.000000 0.000000 0.000000 0.000000 0.000000 0.00
9.18 0.000000 0.000000 0.000000 0.000000 0.000000 0.00
9.18 0.000000 0.000000 0.000000 0.000000 0.000000 0.00
9.18 0.000000 0.000000 0.000000 0.000000 0.000000 0.00
9.19 0.000000 0.000000 0.000000 0.000000 0.000000 0.00
9.19 0.000000 0.000000 0.000000 0.000000 0.000000 0.00
9.20 0.000000 0.000000 0.000000 0.000000 0.000000 0.00
9.21 0.000000 0.000000 0.000000 0.000000 0.000000 0.00
9.21 0.000000 0.000000 0.000000 0.000000 0.000000 0.00
9.22 0.000000 0.000000 0.000000 0.000000 0.000000 0.00
9.22 0.000000 0.000000 0.000000 0.000000 0.000000 0.00
9.22 0.000000 0.000000 0.000000 0.000000 0.000000 0.00
9.23 0.000000 0.000000 0.000000 0.000000 0.000000 0.00
9.23 0.000000 0.000000 0.000000 0.000000 0.000000 0.00
9.23 0.000000 0.000000 0.000000 0.000000 0.000000 0.00
9.25 0.000000 0.000000 0.000000 0.000000 0.000000 0.00
9.25 0.000000 0.000000 0.000000 0.000000 0.000000 0.00
9.25 0.000000 0.000000 0.000000 0.000000 0.000000 0.00
9.26 0.000000 0.000000 0.000000 0.000000 0.000000 0.00
9.26 0.000000 0.000000 0.000000 0.000000 0.000000 0.00
9.27 0.000000 0.000000 0.000000 0.000000 0.000000 0.00
9.27 0.000000 0.000000 0.000000 0.000000 0.000000 0.00
9.27 0.000000 0.000000 0.000000 0.000000 0.000000 0.00
9.29 0.000000 0.000000 0.000000 0.000000 0.000000 0.00
9.29 0.000000 0.000000 0.000000 0.000000 0.000000 0.00
9.29 0.000000 0.000000 0.000000 0.000000 0.000000 0.00
9.30 0.000000 0.000000 0.000000 0.000000 0.000000 0.00
9.30 0.000000 0.000000 0.000000 0.000000 0.000000 0.00
9.30 0.000000 0.000000 0.000000 0.000000 0.000000 0.00
9.31 0.000000 0.000000 0.000000 0.000000 0.000000 0.00
9.31 0.000000 0.000000 0.000000 0.000000 0.000000 0.00
9.33 0.000000 0.000000 0.000000 0.000000 0.000000 0.00
9.33 0.000000 0.000000 0.000000 0.000000 0.000000 0.00
9.33 0.000000 0.000000 0.000000 0.000000 0.000000 0.00
9.34 0.000000 0.000000 0.000000 0.000000 0.000000 0.00
9.34 0.000000 0.000000 0.000000 0.000000 0.000000 0.00
9.34 0.000000 0.000000 0.000000 0.000000 0.000000 0.00
9.35 0.000000 0.000000 0.000000 0.000000 0.000000 0.00
9.35 0.000000 0.000000 0.000000 0.000000 0.000000 0.00
9.37 0.000000 0.000000 0.000000 0.000000 0.000000 0.00
9.37 0.000000 0.000000 0.000000 0.000000 0.000000 0.00
9.37 0.000000 0.000000 0.000000 0.000000 0.000000 0.00
9.38 0.000000 0.000000 0.000000 0.000000 0.000000 0.00
9.38 0.000000 0.000000 0.000000 0.000000 0.000000 0.00
9.38 0.000000 0.000000 0.000000 0.000000 0.000000 0.00
9.39 0.000000 0.000000 0.000000 0.000000 0.000000 0.00
9.39 0.000000 0.000000 0.000000 0.000000 0.000000 0.00
9.39 0.000000 0.000000 0.000000 0.000000 0.000000 0.00
9.41 0.000000 0.000000 0.000000 0.000000 0.000000 0.00
9.41 0.000000 0.000000 0.000000 0.000000 0.000000 0.00
9.42 0.000000 0.000000 0.000000 0.000000 0.000000 0.00
9.42 0.000000 0.000000 0.000000 0.000000 0.000000 0.00
9.42 0.000000 0.000000 0.000000 0.000000 0.000000 0.00
9.43 0.000000 0.000000 0.000000 0.000000 0.000000 0.00
9.43 0.000000 0.000000 0.000000 0.000000 0.000000 0.00
9.43 0.000000 0.000000 0.000000 0.000000 0.000000 0.00
9.45 0.000000 0.000000 0.000000 0.000000 0.000000 0.00
9.45 0.000000 0.000000 0.000000 0.000000 0.000000 0.00
9.45 0.000000 0.000000 0.000000 0.000000 0.000000 0.00
9.46 0.000000 0.000000 0.000000 0.000000 0.000000 0.00
9.46 0.000000 0.000000 0.000000 0.000000 0.000000 0.00
9.47 0.000000 0.000000 0.000000 0.000000 0.000000 0.00
9.47 0.000000 0.000000 0.000000 0.000000 0.000000 0.00
9.47 0.000000 0.000000 0.000000 0.000000 0.000000 0.00
9.49 0.000000 0.000000 0.000000 0.000000 0.000000 0.00
9.49 0.000000 0.000000 0.000000 0.000000 0.000000 0.00
9.49 0.000000 0.000000 0.000000 0.000000 0.000000 0.00
9.50 0.000000 0.000000 0.000000 0.000000 0.000000 0.00
9.50 0.000000 0.000000 0.000000 0.000000 0.000000 0.00
9.51 0.000000 0.000000 0.000000 0.000000 0.000000 0.00
9.51 0.000000 0.000000 0.000000 0.000000 0.000000 0.00
9.51 0.000000 0.000000 0.000000 0.000000 0.000000 0.00
9.52 0.000000 0.000000 0.000000 0.000000 0.000000 0.00
9.53 0.000000 0.000000 0.000000 0.000000 0.000000 0.00
9.53 0.000000 0.000000 0.000000 0.000000 0.000000 0.00
9.54 0.000000 0.000000 0.000000 0.000000 0.000000 0.00
9.54 0.000000 0.000000 0.000000 0.000000 0.000000 0.00
9.54 0.000000 0.000000 0.000000 0.000000 0.000000 0.00
9.55 0.000000 0.000000 0.000000 0.000000 0.000000 0.00
9.55 0.000000 0.000000 0.000000 0.000000 0.000000 0.00
9.56 0.000000 0.000000 0.000000 0.000000 0.000000 0.00
9.57 0.000000 0.000000 0.000000 0.000000 0.000000 0.00
9.57 0.000000 0.000000 0.000000 0.000000 0.000000 0.00
9.58 0.000000 0.000000 0.000000 0.000000 0.000000 0.00
9.58 0.000000 0.000000 0.000000 0.000000 0.000000 0.00
9.58 0.000000 0.000000 0.000000 0.000000 0.000000 0.00
9.59 0.000000 0.000000 0.000000 0.000000 0.000000 0.00
9.59 0.000000 0.000000 0.000000 0.000000 0.000000 0.00
9.59 0.000000 0.000000 0.000000 0.000000 0.000000 0.00
9.60 0.000000 0.000000 0.000000 0.000000 0.000000 0.00
9.61 0.000000 0.000000 0.000000 0.000000 0.000000 0.00
9.62 0.000000 0.000000 0.000000 0.000000 0.000000 0.00
9.62 0.000000 0.000000 0.000000 0.000000 0.000000 0.00
9.62 0.000000 0.000000 0.000000 0.000000 0.000000 0.00
9.63 0.000000 0.000000 0.000000 0.000000 0.000000 0.00
9.63 0.000000 0.000000 0.000000 0.000000 0.000000 0.00
9.63 0.000000 0.000000 0.000000 0.000000 0.000000 0.00
9.64 0.000000 0.000000 0.000000 0.000000 0.000000 0.00
9.65 0.000000 0.000000 0.000000 0.000000 0.000000 0.00
9.65 0.000000 0.000000 0.000000 0.000000 0.000000 0.00
9.66 0.000000 0.000000 0.000000 0.000000 0.000000 0.00
9.66 0.000000 0.000000 0.000000 0.000000 0.000000 0.00
9.67 0.000000 0.000000 0.000000 0.000000 0.000000 0.00
9.67 0.000000 0.000000 0.000000 0.000000 0.000000 0.00
9.67 0.000000 0.000000 0.000000 0.000000 0.000000 0.00
9.68 0.000000 0.000000 0.000000 0.000000 0.000000 0.00
9.69 0.000000 0.000000 0.000000 0.000000 0.000000 0.00
9.69 0.000000 0.000000 0.000000 0.000000 0.000000 0.00
9.70 0.000000 0.000000 0.000000 0.000000 0.000000 0.00
9.70 0.000000 0.000000 0.000000 0.000000 0.000000 0.00
9.71 0.000000 0.000000 0.000000 0.000000 0.000000 0.00
9.71 0.000000 0.000000 0.000000 0.000000 0.000000 0.00
9.71 0.000000 0.000000 0.000000 0.000000 0.000000 0.00
9.72 0.000000 0.000000 0.000000 0.000000 0.000000 0.00
9.72 0.000000 0.000000 0.000000 0.000000 0.000000 0.00
9.73 0.000000 0.000000 0.000000 0.000000 0.000000 0.00
9.74 0.000000 0.000000 0.000000 0.000000 0.000000 0.00
9.74 0.000000 0.000000 0.000000 0.000000 0.000000 0.00
9.74 0.000000 0.000000 0.000000 0.000000 0.000000 0.00
9.75 0.000000 0.000000 0.000000 0.000000 0.000000 0.00
9.75 0.000000 0.000000 0.000000 0.000000 0.000000 0.00
9.76 0.000000 0.000000 0.000000 0.000000 0.000000 0.00
9.76 0.000000 0.000000 0.000000 0.000000 0.000000 0.00
9.77 0.000000 0.000000 0.000000 0.000000 0.000000 0.00
9.78 0.000000 0.000000 0.000000 0.000000 0.000000 0.00
9.78 0.000000 0.000000 0.000000 0.000000 0.000000 0.00
9.78 0.000000 0.000000 0.000000 0.000000 0.000000 0.00
9.79 0.000000 0.000000 0.000000 0.000000 0.000000 0.00
9.79 0.000000 0.000000 0.000000 0.000000 0.000000 0.00
9.79 0.000000 0.000000 0.000000 0.000000 0.000000 0.00
9.80 0.000000 0.000000 0.000000 0.000000 0.000000 0.00
9.81 0.000000 0.000000 0.000000 0.000000 0.000000 0.00
9.82 0.000000 0.000000 0.000000 0.000000 0.000000 0.00
9.82 0.000000 0.000000 0.000000 0.000000 0.000000 0.00
9.82 0.000000 0.000000 0.000000 0.000000 0.000000 0.00
9.83 0.000000 0.000000 0.000000 0.000000 0.000000 0.00
9.83 0.000000 0.000000 0.000000 0.000000 0.000000 0.00
9.83 0.000000 0.000000 0.000000 0.000000 0.000000 0.00
9.84 0.000000 0.000000 0.000000 0.000000 0.000000 0.00
9.84 0.000000 0.000000 0.000000 0.000000 0.000000 0.00
9.85 0.000000 0.000000 0.000000 0.000000 0.000000 0.00
9.86 0.000000 0.000000 0.000000 0.000000 0.000000 0.00
9.86 0.000000 0.000000 0.000000 0.000000 0.000000 0.00
9.87 0.000000 0.000000 0.000000 0.000000 0.000000 0.00
9.87 0.000000 0.000000 0.000000 0.000000 0.000000 0.00
9.87 0.000000 0.000000 0.000000 0.000000 0.000000 0.00
9.88 0.000000 0.000000 0.000000 0.000000 0.000000 0.00
9.88 0.000000 0.000000 0.000000 0.000000 0.000000 0.00
9.89 0.000000 0.000000 0.000000 0.000000 0.000000 0.00
9.90 0.000000 0.000000 0.000000 0.000000 0.000000 0.00
9.90 0.000000 0.000000 0.000000 0.000000 0.000000 0.00
9.91 0.000000 0.000000 0.000000 0.000000 0.000000 0.00
9.91 0.000000 0.000000 0.000000 0.000000 0.000000 0.00
9.91 0.000000 0.000000 0.000000 0.000000 0.000000 0.00
9.92 0.000000 0.000000 0.000000 0.000000 0.000000 0.00
9.92 0.000000 0.000000 0.000000 0.000000 0.000000 0.00
9.93 0.000000 0.000000 0.000000 0.000000 0.000000 0.00
9.94 0.000000 0.000000 0.000000 0.000000 0.000000 0.00
9.94 0.000000 0.000000 0.000000 0.000000 0.000000 0.00
9.94 0.000000 0.000000 0.000000 0.000000 0.000000 0.00
9.95 0.000000 0.000000 0.000000 0.000000 0.000000 0.00
9.95 0.000000 0.000000 0.000000 0.000000 0.000000 0.00
9.96 0.000000 0.000000 0.000000 0.000000 0.000000 0.00
9.96 0.000000 0.000000 0.000000 0.000000 0.000000 0.00
9.96 0.000000 0.000000 0.000000 0.000000 0.000000 0.00
9.98 0.000000 0.000000 0.000000 0.000000 0.000000 0.00
9.98 0.000000 0.000000 0.000000 0.000000 0.000000 0.00
9.98 0.000000 0.000000 0.000000 0.000000 0.000000 0.00
9.99 0.000000 0.000000 0.000000 0.000000 0.000000 0.00
9.99 0.000000 0.000000 0.000000 0.000000 0.000000 0.00
9.99 0.000000 0.000000 0.000000 0.000000 0.000000 0.00
10.00 0.000000 0.000000 0.000000 0.000000 0.000000 1.00
10.00 0.000000 0.000000 0.000000 0.000000 0.000000 1.00
10.02 0.010245 -0.005415 0.897651 -0.508179 -0.231423 1.00
10.02 0.010245 -0.005415 0.897651 -0.508179 -0.231423 1.00
10.02 0.010245 -0.005415 0.897651 -0.508179 -0.231423 1.00
10.03 0.027058 -0.014706 1.546127 -0.869720 -0.423108 1.00
10.03 0.027058 -0.014706 1.546127 -0.869720 -0.423108 1.00
10.04 0.054524 -0.027302 2.191364 -1.130378 -0.619603 1.00
10.04 0.054524 -0.027302 2.191364 -1.130378 -0.619603 1.00
10.04 0.054524 -0.027302 2.191364 -1.130378 -0.619603 1.00
10.06 0.086635 -0.045900 2.628304 -1.420166 -0.812090 1.00
10.06 0.086635 -0.045900 2.628304 -1.420166 -0.812090 1.00
10.07 0.119946 -0.062604 2.825215 -1.438273 -0.925837 1.00
10.07 0.119946 -0.062604 2.825215 -1.438273 -0.925837 1.00
10.07 0.119946 -0.062604 2.825215 -1.438273 -0.925837 1.00
10.08 0.144090 -0.075204 2.574889 -1.238109 -0.921260 1.00
10.08 0.144090 -0.075204 2.574889 -1.238109 -0.921260 1.00
10.09 0.171214 -0.084574 2.510632 -0.983892 -0.928614 1.00
10.10 0.171214 -0.084574 2.510632 -0.983892 -0.928614 1.00
10.10 0.171214 -0.084574 2.510632 -0.983892 -0.928614 1.00
10.11 0.191677 -0.087830 2.243782 -0.588387 -0.859824 1.00
10.11 0.191677 -0.087830 2.243782 -0.588387 -0.859824 1.00
10.11 0.191677 -0.087830 2.243782 -0.588387 -0.859824 1.00
10.12 0.199661 -0.085531 1.703092 -0.161243 -0.716585 1.00
10.12 0.199661 -0.085531 1.703092 -0.161243 -0.716585 1.00
10.14 0.209849 -0.080111 1.517460 0.161515 -0.632026 1.00
10.14 0.209849 -0.080111 1.517460 0.161515 -0.632026 1.00
10.14 0.209849 -0.080111 1.517460 0.161515 -0.632026 1.00
10.15 0.213680 -0.071691 1.243213 0.435028 -0.525291 1.00
10.15 0.213680 -0.071691 1.243213 0.435028 -0.525291 1.00
10.16 0.223141 -0.061749 1.322039 0.611724 -0.483811 1.00
10.16 0.223141 -0.061749 1.322039 0.611724 -0.483811 1.00
10.16 0.223141 -0.061749 1.322039 0.611724 -0.483811 1.00
10.17 0.236507 -0.051646 1.530601 0.703373 -0.475226 1.00
10.18 0.236507 -0.051646 1.530601 0.703373 -0.475226 1.00
10.19 0.243322 -0.042204 1.457282 0.723971 -0.430445 1.00
10.19 0.243322 -0.042204 1.457282 0.723971 -0.430445 1.00
10.19 0.243322 -0.042204 1.457282 0.723971 -0.430445 1.00
10.20 0.263644 -0.035062 1.886497 0.625325 -0.495744 1.00
10.20 0.263644 -0.035062 1.886497 0.625325 -0.495744 1.00
10.20 0.263644 -0.035062 1.886497 0.625325 -0.495744 1.00
10.21 0.283143 -0.029990 2.097476 0.507188 -0.536633 1.00
10.22 0.283143 -0.029990 2.097476 0.507188 -0.536633 1.00
10.23 0.301381 -0.025916 2.169349 0.406745 -0.556462 1.00
10.23 0.301381 -0.025916 2.169349 0.406745 -0.556462 1.00
10.23 0.301381 -0.025916 2.169349 0.406745 -0.556462 1.00
10.24 0.327264 -0.024286 2.457005 0.257169 -0.629714 1.00
10.24 0.327264 -0.024286 2.457005 0.257169 -0.629714 1.00
10.25 0.357388 -0.021703 2.740194 0.224658 -0.686139 1.00
10.25 0.357388 -0.021703 2.740194 0.224658 -0.686139 1.00
10.26 0.357388 -0.021703 2.740194 0.224658 -0.686139 1.00
10.27 0.380599 -0.018551 2.661716 0.244347 -0.673298 1.00
10.27 0.380599 -0.018551 2.661716 0.244347 -0.673298 1.00
10.28 0.399305 -0.014800 2.473397 0.268296 -0.637951 1.00
10.28 0.399305 -0.014800 2.473397 0.268296 -0.637951 1.00
10.28 0.399305 -0.014800 2.473397 0.268296 -0.637951 1.00
10.29 0.424385 -0.008003 2.590011 0.374424 -0.632105 1.00
10.29 0.424385 -0.008003 2.590011 0.374424 -0.632105 1.00
10.30 0.424385 -0.008003 2.590011 0.374424 -0.632105 1.00
10.31 0.444736 -0.002281 2.514364 0.392727 -0.608786 1.00
10.31 0.444736 -0.002281 2.514364 0.392727 -0.608786 1.00
10.32 0.462205 0.002660 2.387866 0.358872 -0.585454 1.00
10.32 0.462205 0.002660 2.387866 0.358872 -0.585454 1.00
10.32 0.462205 0.002660 2.387866 0.358872 -0.585454 1.00
10.33 0.486971 0.007367 2.565360 0.312808 -0.616225 1.00
10.33 0.486971 0.007367 2.565360 0.312808 -0.616225 1.00
10.35 0.507399 0.011499 2.520085 0.269447 -0.611479 1.00
10.35 0.507399 0.011499 2.520085 0.269447 -0.611479 1.00
10.35 0.507399 0.011499 2.520085 0.269447 -0.611479 1.00
10.36 0.533794 0.015753 2.694295 0.238838 -0.642355 1.00
10.36 0.533794 0.015753 2.694295 0.238838 -0.642355 1.00
10.36 0.533794 0.015753 2.694295 0.238838 -0.642355 1.00
10.37 0.554926 0.019722 2.616241 0.216256 -0.630825 1.00
10.37 0.554926 0.019722 2.616241 0.216256 -0.630825 1.00
10.39 0.581484 0.021590 2.753452 0.115263 -0.673857 1.00
10.39 0.581484 0.021590 2.753452 0.115263 -0.673857 1.00
10.39 0.581484 0.021590 2.753452 0.115263 -0.673857 1.00
10.40 0.602500 0.021796 2.633304 0.004732 -0.680850 1.00
10.40 0.602500 0.021796 2.633304 0.004732 -0.680850 1.00
10.40 0.602500 0.021796 2.633304 0.004732 -0.680850 1.00
10.41 0.620038 0.023703 2.440830 -0.003333 -0.655071 1.00
10.41 0.620038 0.023703 2.440830 -0.003333 -0.655071 1.00
10.43 0.644543 0.024780 2.564255 -0.052835 -0.691021 1.00
10.43 0.644543 0.024780 2.564255 -0.052835 -0.691021 1.00
10.43 0.644543 0.024780 2.564255 -0.052835 -0.691021 1.00
10.44 0.664622 0.027285 2.478237 -0.019927 -0.675849 1.00
10.44 0.664622 0.027285 2.478237 -0.019927 -0.675849 1.00
10.45 0.681903 0.028472 2.340524 -0.057330 -0.664891 1.00
10.45 0.681903 0.028472 2.340524 -0.057330 -0.664891 1.00
10.45 0.681903 0.028472 2.340524 -0.057330 -0.664891 1.00
10.47 0.697726 0.028814 2.211777 -0.119455 -0.660774 1.00
10.47 0.697726 0.028814 2.211777 -0.119455 -0.660774 1.00
10.47 0.697726 0.028814 2.211777 -0.119455 -0.660774 1.00
10.48 0.712937 0.028698 2.112621 -0.179461 -0.662326 1.00
10.48 0.712937 0.028698 2.112621 -0.179461 -0.662326 1.00
10.49 0.727997 0.028399 2.044140 -0.225106 -0.667394 1.00
10.49 0.727997 0.028399 2.044140 -0.225106 -0.667394 1.00
10.49 0.727997 0.028399 2.044140 -0.225106 -0.667394 1.00
10.51 0.743119 0.028085 1.999980 -0.253662 -0.674143 1.00
10.51 0.743119 0.028085 1.999980 -0.253662 -0.674143 1.00
10.52 0.758353 0.025448 1.969746 -0.354417 -0.700968 1.00
10.52 0.758353 0.025448 1.969746 -0.354417 -0.700968 1.00
10.52 0.758353 0.025448 1.969746 -0.354417 -0.700968 1.00
10.53 0.773689 0.023849 1.938382 -0.368395 -0.712671 1.00
10.53 0.773689 0.023849 1.938382 -0.368395 -0.712671 1.00
10.54 0.789084 0.023091 1.913574 -0.341344 -0.717055 1.00
10.55 0.789084 0.023091 1.913574 -0.341344 -0.717055 1.00
10.55 0.789084 0.023091 1.913574 -0.341344 -0.717055 1.00
10.56 0.795757 0.022594 1.607160 -0.313393 -0.671355 1.00
10.56 0.795757 0.022594 1.607160 -0.313393 -0.671355 1.00
10.56 0.795757 0.022594 1.607160 -0.313393 -0.671355 1.00
10.57 0.806230 0.022660 1.564719 -0.294926 -0.668205 1.00
10.57 0.806230 0.022660 1.564719 -0.294926 -0.668205 1.00
10.58 0.819452 0.022872 1.630473 -0.279823 -0.683431 1.00
10.59 0.819452 0.022872 1.630473 -0.279823 -0.683431 1.00
10.59 0.819452 0.022872 1.630473 -0.279823 -0.683431 1.00
10.60 0.825539 0.022796 1.427827 -0.275432 -0.655074 1.00
10.60 0.825539 0.022796 1.427827 -0.275432 -0.655074 1.00
10.61 0.827392 0.022668 1.175837 -0.287620 -0.618885 1.00
10.61 0.827392 0.022668 1.175837 -0.287620 -0.618885 1.00
10.61 0.827392 0.022668 1.175837 -0.287620 -0.618885 1.00
10.62 0.835961 0.022810 1.258854 -0.301254 -0.638060 1.00
10.63 0.835961 0.022810 1.258854 -0.301254 -0.638060 1.00
10.64 0.840067 0.022661 1.153127 -0.313174 -0.626041 1.00
10.64 0.840067 0.022661 1.153127 -0.313174 -0.626041 1.00
10.64 0.840067 0.022661 1.153127 -0.313174 -0.626041 1.00
10.65 0.841424 0.020076 1.000049 -0.415082 -0.625582 1.00
10.65 0.841424 0.020076 1.000049 -0.415082 -0.625582 1.00
10.65 0.841424 0.020076 1.000049 -0.415082 -0.625582 1.00
10.66 0.850154 0.018743 1.146654 -0.432704 -0.660700 1.00
10.67 0.850154 0.018743 1.146654 -0.432704 -0.660700 1.00
10.68 0.854584 0.017918 1.077194 -0.409722 -0.652505 1.00
10.68 0.854584 0.017918 1.077194 -0.409722 -0.652505 1.00
10.68 0.854584 0.017918 1.077194 -0.409722 -0.652505 1.00
10.69 0.856251 0.017570 0.946446 -0.380903 -0.630637 1.00
10.69 0.856251 0.017570 0.946446 -0.380903 -0.630637 1.00
10.70 0.856438 0.015119 0.825018 -0.448419 -0.629509 1.00
10.70 0.856438 0.015119 0.825018 -0.448419 -0.629509 1.00
10.71 0.856438 0.015119 0.825018 -0.448419 -0.629509 1.00
10.72 0.856005 0.013726 0.727953 -0.451665 -0.619645 1.00
10.72 0.856005 0.013726 0.727953 -0.451665 -0.619645 1.00
10.73 0.855413 0.013098 0.666641 -0.428994 -0.609118 1.00
10.73 0.855413 0.013098 0.666641 -0.428994 -0.609118 1.00
10.73 0.855413 0.013098 0.666641 -0.428994 -0.609118 1.00
10.74 0.863673 0.010828 0.923866 -0.477692 -0.668663 1.00
10.74 0.863673 0.010828 0.923866 -0.477692 -0.668663 1.00
10.75 0.863673 0.010828 0.923866 -0.477692 -0.668663 1.00
10.76 0.868338 0.009461 0.933684 -0.448666 -0.674183 1.00
10.76 0.868338 0.009461 0.933684 -0.448666 -0.674183 1.00
10.77 0.870415 0.006506 0.848757 -0.484567 -0.677620 1.00
10.77 0.870415 0.006506 0.848757 -0.484567 -0.677620 1.00
10.77 0.870415 0.006506 0.848757 -0.484567 -0.677620 1.00
10.78 0.870965 0.004994 0.742150 -0.451174 -0.662551 1.00
10.78 0.870965 0.004994 0.742150 -0.451174 -0.662551 1.00
10.80 0.870772 0.004455 0.658418 -0.399619 -0.644704 1.00
10.80 0.870772 0.004455 0.658418 -0.399619 -0.644704 1.00
10.80 0.870772 0.004455 0.658418 -0.399619 -0.644704 1.00
10.81 0.870353 0.004443 0.607939 -0.354651 -0.630829 1.00
10.81 0.870353 0.004443 0.607939 -0.354651 -0.630829 1.00
10.81 0.870353 0.004443 0.607939 -0.354651 -0.630829 1.00
10.82 0.869954 0.002251 0.582323 -0.411092 -0.641926 1.00
10.82 0.869954 0.002251 0.582323 -0.411092 -0.641926 1.00
10.84 0.869656 0.001034 0.562806 -0.404986 -0.642385 1.00
10.84 0.869656 0.001034 0.562806 -0.404986 -0.642385 1.00
10.84 0.869656 0.001034 0.562806 -0.404986 -0.642385 1.00
10.85 0.869442 0.000525 0.552719 -0.374006 -0.638561 1.00
10.85 0.869442 0.000525 0.552719 -0.374006 -0.638561 1.00
10.86 0.869310 0.000437 0.551088 -0.339905 -0.634153 1.00
10.86 0.869310 0.000437 0.551088 -0.339905 -0.634153 1.00
10.86 0.869310 0.000437 0.551088 -0.339905 -0.634153 1.00
10.88 0.869235 -0.001840 0.552184 -0.399480 -0.650322 1.00
10.88 0.869235 -0.001840 0.552184 -0.399480 -0.650322 1.00
10.89 0.869188 -0.003114 0.544252 -0.392075 -0.652775 1.00
10.89 0.869188 -0.003114 0.544252 -0.392075 -0.652775 1.00
10.89 0.869188 -0.003114 0.544252 -0.392075 -0.652775 1.00
10.90 0.869131 -0.003647 0.537278 -0.358149 -0.649237 1.00
10.90 0.869131 -0.003647 0.537278 -0.358149 -0.649237 1.00
10.91 0.869082 -0.003735 0.534968 -0.321167 -0.644400 1.00
10.92 0.869082 -0.003735 0.534968 -0.321167 -0.644400 1.00
10.92 0.869082 -0.003735 0.534968 -0.321167 -0.644400 1.00
10.93 0.869040 -0.006002 0.534274 -0.378669 -0.660003 1.00
10.93 0.869040 -0.006002 0.534274 -0.378669 -0.660003 1.00
10.93 0.869040 -0.006002 0.534274 -0.378669 -0.660003 1.00
10.94 0.869001 -0.007262 0.524677 -0.370107 -0.662003 1.00
10.94 0.869001 -0.007262 0.524677 -0.370107 -0.662003 1.00
10.95 0.868942 -0.007785 0.516543 -0.335740 -0.658185 1.00
10.96 0.868942 -0.007785 0.516543 -0.335740 -0.658185 1.00
10.96 0.868942 -0.007785 0.516543 -0.335740 -0.658185 1.00
10.97 0.868886 -0.007866 0.513564 -0.298753 -0.653215 1.00
10.97 0.868886 -0.007866 0.513564 -0.298753 -0.653215 1.00
10.98 0.868840 -0.010129 0.512545 -0.356450 -0.668778 1.00
10.98 0.868840 -0.010129 0.512545 -0.356450 -0.668778 1.00
10.98 0.868840 -0.010129 0.512545 -0.356450 -0.668778 1.00
10.99 0.868797 -0.011389 0.502819 -0.348124 -0.670784 1.00
11.00 0.868797 -0.011389 0.502819 -0.348124 -0.670784 1.00
11.01 0.868735 -0.011912 0.494649 -0.313954 -0.666987 1.00
11.01 0.868735 -0.011912 0.494649 -0.313954 -0.666987 1.00
11.01 0.868735 -0.011912 0.494649 -0.313954 -0.666987 1.00
11.02 0.868679 -0.011995 0.491669 -0.277100 -0.662038 1.00
11.02 0.868679 -0.011995 0.491669 -0.277100 -0.662038 1.00
11.03 0.868647 -0.011869 0.493382 -0.247908 -0.658060 1.00
11.03 0.868647 -0.011869 0.493382 -0.247908 -0.658060 1.00
11.04 0.868647 -0.011869 0.493382 -0.247908 -0.658060 1.00
11.05 0.868646 -0.011685 0.497707 -0.228847 -0.655598 1.00
11.05 0.868646 -0.011685 0.497707 -0.228847 -0.655598 1.00
11.06 0.868667 -0.011519 0.502593 -0.218512 -0.654432 1.00
11.06 0.868667 -0.011519 0.502593 -0.218512 -0.654432 1.00
11.06 0.868667 -0.011519 0.502593 -0.218512 -0.654432 1.00
11.07 0.868698 -0.011400 0.506717 -0.214235 -0.654106 1.00
11.07 0.868698 -0.011400 0.506717 -0.214235 -0.654106 1.00
11.09 0.868730 -0.011329 0.509540 -0.213470 -0.654205 1.00
11.09 0.868730 -0.011329 0.509540 -0.213470 -0.654205 1.00
11.09 0.868730 -0.011329 0.509540 -0.213470 -0.654205 1.00
11.10 0.868756 -0.011295 0.511088 -0.214335 -0.654446 1.00
11.10 0.868756 -0.011295 0.511088 -0.214335 -0.654446 1.00
11.11 0.868774 -0.011284 0.511667 -0.215668 -0.654678 1.00
11.11 0.868774 -0.011284 0.511667 -0.215668 -0.654678 1.00
11.11 0.868774 -0.011284 0.511667 -0.215668 -0.654678 1.00
11.13 0.868784 -0.011285 0.511650 -0.216885 -0.654843 1.00
11.13 0.868784 -0.011285 0.511650 -0.216885 -0.654843 1.00
11.13 0.868784 -0.011285 0.511650 -0.216885 -0.654843 1.00
11.14 0.868788 -0.011291 0.511354 -0.217771 -0.654935 1.00
11.14 0.868788 -0.011291 0.511354 -0.217771 -0.654935 1.00
11.15 0.868804 -0.008907 0.513716 -0.131357 -0.635419 1.00
11.15 0.868804 -0.008907 0.513716 -0.131357 -0.635419 1.00
11.15 0.868804 -0.008907 0.513716 -0.131357 -0.635419 1.00
11.17 0.868845 -0.007468 0.527445 -0.120874 -0.630950 1.00
11.17 0.868845 -0.007468 0.527445 -0.120874 -0.630950 1.00
11.18 0.868925 -0.006782 0.540272 -0.144816 -0.633569 1.00
11.18 0.868925 -0.006782 0.540272 -0.144816 -0.633569 1.00
11.18 0.868925 -0.006782 0.540272 -0.144816 -0.633569 1.00
11.19 0.869012 -0.006583 0.547239 -0.177416 -0.638179 1.00
11.19 0.869012 -0.006583 0.547239 -0.177416 -0.638179 1.00
11.20 0.869073 -0.006638 0.548284 -0.205828 -0.642247 1.00
11.21 0.869073 -0.006638 0.548284 -0.205828 -0.642247 1.00
11.21 0.869073 -0.006638 0.548284 -0.205828 -0.642247 1.00
11.22 0.869099 -0.006788 0.545490 -0.225725 -0.644944 1.00
11.22 0.869099 -0.006788 0.545490 -0.225725 -0.644944 1.00
11.23 0.869096 -0.006943 0.541189 -0.237366 -0.646340 1.00
11.23 0.869096 -0.006943 0.541189 -0.237366 -0.646340 1.00
11.23 0.869096 -0.006943 0.541189 -0.237366 -0.646340 1.00
11.24 0.869074 -0.007063 0.537063 -0.242839 -0.646829 1.00
11.25 0.869074 -0.007063 0.537063 -0.242839 -0.646829 1.00
11.26 0.869046 -0.007140 0.533957 -0.244477 -0.646823 1.00
11.26 0.869046 -0.007140 0.533957 -0.244477 -0.646823 1.00
11.26 0.869046 -0.007140 0.533957 -0.244477 -0.646823 1.00
11.27 0.869021 -0.007181 0.532061 -0.244152 -0.646621 1.00
11.27 0.869021 -0.007181 0.532061 -0.244152 -0.646621 1.00
11.28 0.869002 -0.007197 0.531180 -0.243097 -0.646396 1.00
11.28 0.869002 -0.007197 0.531180 -0.243097 -0.646396 1.00
11.29 0.869002 -0.007197 0.531180 -0.243097 -0.646396 1.00
11.30 0.868990 -0.007200 0.530983 -0.241989 -0.646224 1.00
11.30 0.868990 -0.007200 0.530983 -0.241989 -0.646224 1.00
11.30 0.868990 -0.007200 0.530983 -0.241989 -0.646224 1.00
11.31 0.868984 -0.007196 0.531152 -0.241117 -0.646120 1.00
11.31 0.868984 -0.007196 0.531152 -0.241117 -0.646120 1.00
11.32 0.868983 -0.007190 0.531453 -0.240542 -0.646071 1.00
11.32 0.868983 -0.007190 0.531453 -0.240542 -0.646071 1.00
11.33 0.868983 -0.007190 0.531453 -0.240542 -0.646071 1.00
11.34 0.868983 -0.007185 0.531749 -0.240221 -0.646057 1.00
11.34 0.868983 -0.007185 0.531749 -0.240221 -0.646057 1.00
11.35 0.868985 -0.007181 0.531975 -0.240077 -0.646062 1.00
11.35 0.868985 -0.007181 0.531975 -0.240077 -0.646062 1.00
11.35 0.868985 -0.007181 0.531975 -0.240077 -0.646062 1.00
11.36 0.868986 -0.007179 0.532121 -0.240038 -0.646072 1.00
11.36 0.868986 -0.007179 0.532121 -0.240038 -0.646072 1.00
11.38 0.868988 -0.007178 0.532196 -0.240051 -0.646082 1.00
11.38 0.868988 -0.007178 0.532196 -0.240051 -0.646082 1.00
11.38 0.868988 -0.007178 0.532196 -0.240051 -0.646082 1.00
11.39 0.868989 -0.007177 0.532224 -0.240081 -0.646089 1.00
11.39 0.868989 -0.007177 0.532224 -0.240081 -0.646089 1.00
11.40 0.868989 -0.007177 0.532224 -0.240113 -0.646093 1.00
11.40 0.868989 -0.007177 0.532224 -0.240113 -0.646093 1.00
11.40 0.868989 -0.007177 0.532224 -0.240113 -0.646093 1.00
11.42 0.868989 -0.007177 0.532212 -0.240137 -0.646095 1.00
11.42 0.868989 -0.007177 0.532212 -0.240137 -0.646095 1.00
11.43 0.868989 -0.007177 0.532196 -0.240154 -0.646096 1.00
11.43 0.868989 -0.007177 0.532196 -0.240154 -0.646096 1.00
11.43 0.868989 -0.007177 0.532196 -0.240154 -0.646096 1.00
11.44 0.868989 -0.007178 0.532184 -0.240163 -0.646095 1.00
11.44 0.868989 -0.007178 0.532184 -0.240163 -0.646095 1.00
11.46 0.868989 -0.007178 0.532178 -0.240167 -0.646095 1.00
11.46 0.868989 -0.007178 0.532178 -0.240167 -0.646095 1.00
11.46 0.868989 -0.007178 0.532178 -0.240167 -0.646095 1.00
11.47 0.868989 -0.007178 0.532174 -0.240169 -0.646095 1.00
11.47 0.868989 -0.007178 0.532174 -0.240169 -0.646095 1.00
11.48 0.868989 -0.007178 0.532170 -0.240169 -0.646095 1.00
11.48 0.868989 -0.007178 0.532170 -0.240169 -0.646095 1.00
11.48 0.868989 -0.007178 0.532170 -0.240169 -0.646095 1.00
11.50 0.868989 -0.007178 0.532167 -0.240168 -0.646094 1.00
11.50 0.868989 -0.007178 0.532167 -0.240168 -0.646094 1.00
11.50 0.868989 -0.007178 0.532167 -0.240168 -0.646094 1.00
11.51 0.868989 -0.007178 0.532167 -0.240167 -0.646094 1.00
11.51 0.868989 -0.007178 0.532167 -0.240167 -0.646094 1.00
11.52 0.868989 -0.007178 0.532166 -0.240167 -0.646094 1.00
11.52 0.868989 -0.007178 0.532166 -0.240167 -0.646094 1.00
11.52 0.868989 -0.007178 0.532166 -0.240167 -0.646094 1.00
11.54 0.868989 -0.007178 0.532167 -0.240167 -0.646094 1.00
11.54 0.868989 -0.007178 0.532167 -0.240167 -0.646094 1.00
11.55 0.868989 -0.007178 0.532167 -0.240166 -0.646094 1.00
11.55 0.868989 -0.007178 0.532167 -0.240166 -0.646094 1.00
11.55 0.868989 -0.007178 0.532167 -0.240166 -0.646094 1.00
11.56 0.868989 -0.007178 0.532168 -0.240166 -0.646094 1.00
11.56 0.868989 -0.007178 0.532168 -0.240166 -0.646094 1.00
11.57 0.868989 -0.007178 0.532168 -0.240166 -0.646094 1.00
11.58 0.868989 -0.007178 0.532168 -0.240166 -0.646094 1.00
11.58 0.868989 -0.007178 0.532168 -0.240166 -0.646094 1.00
11.59 0.868989 -0.007178 0.532169 -0.240166 -0.646094 1.00
11.59 0.868989 -0.007178 0.532169 -0.240166 -0.646094 1.00
11.60 0.868989 -0.007178 0.532169 -0.240166 -0.646094 1.00
11.60 0.868989 -0.007178 0.532169 -0.240166 -0.646094 1.00
11.60 0.868989 -0.007178 0.532169 -0.240166 -0.646094 1.00
11.61 0.868989 -0.007178 0.532169 -0.240166 -0.646094 1.00
11.62 0.868989 -0.007178 0.532169 -0.240166 -0.646094 1.00
11.63 0.868989 -0.007178 0.532169 -0.240166 -0.646094 1.00
11.63 0.868989 -0.007178 0.532169 -0.240166 -0.646094 1.00
11.63 0.868989 -0.007178 0.532169 -0.240166 -0.646094 1.00
11.64 0.868989 -0.007178 0.532170 -0.240166 -0.646094 1.00
11.64 0.868989 -0.007178 0.532170 -0.240166 -0.646094 1.00
11.65 0.868989 -0.007178 0.532170 -0.240166 -0.646094 1.00
11.65 0.868989 -0.007178 0.532170 -0.240166 -0.646094 1.00
11.66 0.868989 -0.007178 0.532170 -0.240166 -0.646094 1.00
11.67 0.868989 -0.007178 0.532170 -0.240166 -0.646094 1.00
11.67 0.868989 -0.007178 0.532170 -0.240166 -0.646094 1.00
11.68 0.868989 -0.007178 0.532170 -0.240166 -0.646094 1.00
11.68 0.868989 -0.007178 0.532170 -0.240166 -0.646094 1.00
11.68 0.868989 -0.007178 0.532170 -0.240166 -0.646094 1.00
11.69 0.868989 -0.007178 0.532170 -0.240166 -0.646094 1.00
11.69 0.868989 -0.007178 0.532170 -0.240166 -0.646094 1.00
11.70 0.868989 -0.007178 0.532170 -0.240166 -0.646094 1.00
11.71 0.868989 -0.007178 0.532170 -0.240166 -0.646094 1.00
11.71 0.868989 -0.007178 0.532170 -0.240166 -0.646094 1.00
11.72 0.868989 -0.007178 0.532171 -0.240166 -0.646094 1.00
11.72 0.868989 -0.007178 0.532171 -0.240166 -0.646094 1.00
11.72 0.868989 -0.007178 0.532171 -0.240166 -0.646094 1.00
11.73 0.868989 -0.007178 0.532171 -0.240166 -0.646094 1.00
11.73 0.868989 -0.007178 0.532171 -0.240166 -0.646094 1.00
11.75 0.868989 -0.007178 0.532171 -0.240166 -0.646094 1.00
11.75 0.868989 -0.007178 0.532171 -0.240166 -0.646094 1.00
11.75 0.868989 -0.007178 0.532171 -0.240166 -0.646094 1.00
11.76 0.868989 -0.007178 0.532171 -0.240166 -0.646094 1.00
11.76 0.868989 -0.007178 0.532171 -0.240166 -0.646094 1.00
11.77 0.868989 -0.007178 0.532171 -0.240166 -0.646094 1.00
11.77 0.868989 -0.007178 0.532171 -0.240166 -0.646094 1.00
11.77 0.868989 -0.007178 0.532171 -0.240166 -0.646094 1.00
11.79 0.868989 -0.007178 0.532171 -0.240166 -0.646094 1.00
11.79 0.868989 -0.007178 0.532171 -0.240166 -0.646094 1.00
11.80 0.868989 -0.007178 0.532171 -0.240166 -0.646094 1.00
11.80 0.868989 -0.007178 0.532171 -0.240166 -0.646094 1.00
11.80 0.868989 -0.007178 0.532171 -0.240166 -0.646094 1.00
11.81 0.868989 -0.007178 0.532171 -0.240166 -0.646094 1.00
11.81 0.868989 -0.007178 0.532171 -0.240166 -0.646094 1.00
11.82 0.868989 -0.007178 0.532171 -0.240166 -0.646094 1.00
11.83 0.868989 -0.007178 0.532171 -0.240166 -0.646094 1.00
11.83 0.868989 -0.007178 0.532171 -0.240166 -0.646094 1.00
11.84 0.868989 -0.007178 0.532171 -0.240166 -0.646094 1.00
11.84 0.868989 -0.007178 0.532171 -0.240166 -0.646094 1.00
11.85 0.868989 -0.007178 0.532171 -0.240166 -0.646094 1.00
11.85 0.868989 -0.007178 0.532171 -0.240166 -0.646094 1.00
11.85 0.868989 -0.007178 0.532171 -0.240166 -0.646094 1.00
11.87 0.868989 -0.007178 0.532171 -0.240166 -0.646094 1.00
11.87 0.868989 -0.007178 0.532171 -0.240166 -0.646094 1.00
11.87 0.868989 -0.007178 0.532171 -0.240166 -0.646094 1.00
11.88 0.868989 -0.007178 0.532171 -0.240166 -0.646094 1.00
11.88 0.868989 -0.007178 0.532171 -0.240166 -0.646094 1.00
11.89 0.868989 -0.007178 0.532171 -0.240166 -0.646094 1.00
11.89 0.868989 -0.007178 0.532171 -0.240166 -0.646094 1.00
11.89 0.868989 -0.007178 0.532171 -0.240166 -0.646094 1.00
11.91 0.868989 -0.007178 0.532171 -0.240166 -0.646094 1.00
11.91 0.868989 -0.007178 0.532171 -0.240166 -0.646094 1.00
11.92 0.868989 -0.007178 0.532171 -0.240166 -0.646094 1.00
11.92 0.868989 -0.007178 0.532171 -0.240166 -0.646094 1.00
11.92 0.868989 -0.007178 0.532171 -0.240166 -0.646094 1.00
11.93 0.868989 -0.007178 0.532171 -0.240166 -0.646094 1.00
11.93 0.868989 -0.007178 0.532171 -0.240166 -0.646094 1.00
11.94 0.868989 -0.007178 0.532171 -0.240166 -0.646094 1.00
11.95 0.868989 -0.007178 0.532171 -0.240166 -0.646094 1.00
11.95 0.868989 -0.007178 0.532171 -0.240166 -0.646094 1.00
11.96 0.868989 -0.007178 0.532171 -0.240166 -0.646094 1.00
11.96 0.868989 -0.007178 0.532171 -0.240166 -0.646094 1.00
11.97 0.868989 -0.007178 0.532171 -0.240166 -0.646094 1.00
11.97 0.868989 -0.007178 0.532171 -0.240166 -0.646094 1.00
11.97 0.868989 -0.007178 0.532171 -0.240166 -0.646094 1.00
11.98 0.868989 -0.007178 0.532171 -0.240166 -0.646094 1.00
11.99 0.868989 -0.007178 0.532171 -0.240166 -0.646094 1.00
12.00 0.868989 -0.007178 0.532171 -0.240166 -0.646094 1.00
12.00 0.868989 -0.007178 0.532171 -0.240166 -0.646094 1.00
12.00 0.868989 -0.007178 0.532171 -0.240166 -0.646094 1.00
12.01 0.868989 -0.007178 0.532171 -0.240166 -0.646094 1.00
12.01 0.868989 -0.007178 0.532171 -0.240166 -0.646094 1.00
12.02 0.868989 -0.007178 0.532171 -0.240166 -0.646094 1.00
12.02 0.868989 -0.007178 0.532171 -0.240166 -0.646094 1.00
12.03 0.868989 -0.007178 0.532171 -0.240166 -0.646094 1.00
12.04 0.868989 -0.007178 0.532171 -0.240166 -0.646094 1.00
12.04 0.868989 -0.007178 0.532171 -0.240166 -0.646094 1.00
12.05 0.868989 -0.007178 0.532171 -0.240166 -0.646094 1.00
12.05 0.868989 -0.007178 0.532171 -0.240166 -0.646094 1.00
12.05 0.868989 -0.007178 0.532171 -0.240166 -0.646094 1.00
12.06 0.868989 -0.007178 0.532171 -0.240166 -0.646094 1.00
12.06 0.868989 -0.007178 0.532171 -0.240166 -0.646094 1.00
12.07 0.868989 -0.007178 0.532171 -0.240166 -0.646094 1.00
12.08 0.868989 -0.007178 0.532171 -0.240166 -0.646094 1.00
12.08 0.868989 -0.007178 0.532171 -0.240166 -0.646094 1.00
12.09 0.868989 -0.007178 0.532171 -0.240166 -0.646094 1.00
12.09 0.868989 -0.007178 0.532171 -0.240166 -0.646094 1.00
12.09 0.868989 -0.007178 0.532171 -0.240166 -0.646094 1.00
12.10 0.868989 -0.007178 0.532171 -0.240166 -0.646094 1.00
12.10 0.868989 -0.007178 0.532171 -0.240166 -0.646094 1.00
12.12 0.868989 -0.007178 0.532171 -0.240166 -0.646094 1.00
12.12 0.868989 -0.007178 0.532171 -0.240166 -0.646094 1.00
12.12 0.868989 -0.007178 0.532171 -0.240166 -0.646094 1.00
12.13 0.868989 -0.007178 0.532171 -0.240166 -0.646094 1.00
12.13 0.868989 -0.007178 0.532171 -0.240166 -0.646094 1.00
12.14 0.868989 -0.007178 0.532171 -0.240166 -0.646094 1.00
12.14 0.868989 -0.007178 0.532171 -0.240166 -0.646094 1.00
12.14 0.868989 -0.007178 0.532171 -0.240166 -0.646094 1.00
12.16 0.868989 -0.007178 0.532171 -0.240166 -0.646094 1.00
12.16 0.868989 -0.007178 0.532171 -0.240166 -0.646094 1.00
12.17 0.868989 -0.007178 0.532171 -0.240166 -0.646094 1.00
12.17 0.868989 -0.007178 0.532171 -0.240166 -0.646094 1.00
12.17 0.868989 -0.007178 0.532171 -0.240166 -0.646094 1.00
12.18 0.868989 -0.007178 0.532171 -0.240166 -0.646094 1.00
12.18 0.868989 -0.007178 0.532171 -0.240166 -0.646094 1.00
12.19 0.868989 -0.007178 0.532171 -0.240166 -0.646094 1.00
12.20 0.868989 -0.007178 0.532171 -0.240166 -0.646094 1.00
12.20 0.868989 -0.007178 0.532171 -0.240166 -0.646094 1.00
12.21 0.868989 -0.007178 0.532171 -0.240166 -0.646094 1.00
12.21 0.868989 -0.007178 0.532171 -0.240166 -0.646094 1.00
12.22 0.868989 -0.007178 0.532171 -0.240166 -0.646094 1.00
12.22 0.868989 -0.007178 0.532171 -0.240166 -0.646094 1.00
12.22 0.868989 -0.007178 0.532171 -0.240166 -0.646094 1.00
12.23 0.868989 -0.007178 0.532171 -0.240166 -0.646094 1.00
12.24 0.868989 -0.007178 0.532171 -0.240166 -0.646094 1.00
12.25 0.868989 -0.007178 0.532171 -0.240166 -0.646094 1.00
12.25 0.868989 -0.007178 0.532171 -0.240166 -0.646094 1.00
12.25 0.868989 -0.007178 0.532171 -0.240166 -0.646094 1.00
12.26 0.868989 -0.007178 0.532171 -0.240166 -0.646094 1.00
12.26 0.868989 -0.007178 0.532171 -0.240166 -0.646094 1.00
12.26 0.868989 -0.007178 0.532171 -0.240166 -0.646094 1.00
12.27 0.868989 -0.007178 0.532171 -0.240166 -0.646094 1.00
12.28 0.868989 -0.007178 0.532171 -0.240166 -0.646094 1.00
12.29 0.868989 -0.007178 0.532171 -0.240166 -0.646094 1.00
12.29 0.868989 -0.007178 0.532171 -0.240166 -0.646094 1.00
12.29 0.868989 -0.007178 0.532171 -0.240166 -0.646094 1.00
12.30 0.868989 -0.007178 0.532171 -0.240166 -0.646094 1.00
12.30 0.868989 -0.007178 0.532171 -0.240166 -0.646094 1.00
12.31 0.868989 -0.007178 0.532171 -0.240166 -0.646094 1.00
12.31 0.868989 -0.007178 0.532171 -0.240166 -0.646094 1.00
12.32 0.868989 -0.007178 0.532171 -0.240166 -0.646094 1.00
12.33 0.868989 -0.007178 0.532171 -0.240166 -0.646094 1.00
12.33 0.868989 -0.007178 0.532171 -0.240166 -0.646094 1.00
12.34 0.868989 -0.007178 0.532171 -0.240166 -0.646094 1.00
12.34 0.868989 -0.007178 0.532171 -0.240166 -0.646094 1.00
12.34 0.868989 -0.007178 0.532171 -0.240166 -0.646094 1.00
12.35 0.868989 -0.007178 0.532171 -0.240166 -0.646094 1.00
12.35 0.868989 -0.007178 0.532171 -0.240166 -0.646094 1.00
12.37 0.868989 -0.007178 0.532171 -0.240166 -0.646094 1.00
12.37 0.868989 -0.007178 0.532171 -0.240166 -0.646094 1.00
12.37 0.868989 -0.007178 0.532171 -0.240166 -0.646094 1.00
12.38 0.868989 -0.007178 0.532171 -0.240166 -0.646094 1.00
12.38 0.868989 -0.007178 0.532171 -0.240166 -0.646094 1.00
12.39 0.868989 -0.007178 0.532171 -0.240166 -0.646094 1.00
12.39 0.868989 -0.007178 0.532171 -0.240166 -0.646094 1.00
12.39 0.868989 -0.007178 0.532171 -0.240166 -0.646094 1.00
12.41 0.868989 -0.007178 0.532171 -0.240166 -0.646094 1.00
12.41 0.868989 -0.007178 0.532171 -0.240166 -0.646094 1.00
12.42 0.868989 -0.007178 0.532171 -0.240166 -0.646094 1.00
12.42 0.868989 -0.007178 0.532171 -0.240166 -0.646094 1.00
12.42 0.868989 -0.007178 0.532171 -0.240166 -0.646094 1.00
12.43 0.868989 -0.007178 0.532171 -0.240166 -0.646094 1.00
12.43 0.868989 -0.007178 0.532171 -0.240166 -0.646094 1.00
12.45 0.868989 -0.007178 0.532171 -0.240166 -0.646094 1.00
12.45 0.868989 -0.007178 0.532171 -0.240166 -0.646094 1.00
12.45 0.868989 -0.007178 0.532171 -0.240166 -0.646094 1.00
12.46 0.860205 -0.007469 0.242013 -0.251214 -0.598212 1.00
12.46 0.860205 -0.007469 0.242013 -0.251214 -0.598212 1.00
12.46 0.860205 -0.007469 0.242013 -0.251214 -0.598212 1.00
12.47 0.855154 -0.007495 0.208941 -0.268665 -0.592459 1.00
12.47 0.855154 -0.007495 0.208941 -0.268665 -0.592459 1.00
12.49 0.852795 -0.007493 0.280168 -0.280868 -0.603763 1.00
12.49 0.852795 -0.007493 0.280168 -0.280868 -0.603763 1.00
12.49 0.852795 -0.007493 0.280168 -0.280868 -0.603763 1.00
12.50 0.852045 -0.007501 0.371988 -0.283872 -0.618069 1.00
12.50 0.852045 -0.007501 0.371988 -0.283872 -0.618069 1.00
12.51 0.852090 -0.007503 0.448159 -0.279139 -0.629373 1.00
12.51 0.852090 -0.007503 0.448159 -0.279139 -0.629373 1.00
12.51 0.852090 -0.007503 0.448159 -0.279139 -0.629373 1.00
12.53 0.852420 -0.007482 0.499385 -0.270282 -0.636338 1.00
12.53 0.852420 -0.007482 0.499385 -0.270282 -0.636338 1.00
12.54 0.852776 -0.007439 0.528661 -0.260739 -0.639722 1.00
12.54 0.852776 -0.007439 0.528661 -0.260739 -0.639722 1.00
12.54 0.852776 -0.007439 0.528661 -0.260739 -0.639722 1.00
12.55 0.853054 -0.007384 0.542672 -0.252736 -0.640835 1.00
12.55 0.853054 -0.007384 0.542672 -0.252736 -0.640835 1.00
12.56 0.853235 -0.007329 0.547708 -0.247181 -0.640808 1.00
12.57 0.853235 -0.007329 0.547708 -0.247181 -0.640808 1.00
12.57 0.853235 -0.007329 0.547708 -0.247181 -0.640808 1.00
12.58 0.853336 -0.007283 0.548283 -0.244024 -0.640381 1.00
12.58 0.853336 -0.007283 0.548283 -0.244024 -0.640381 1.00
12.59 0.853384 -0.007251 0.547124 -0.242715 -0.639941 1.00
12.59 0.853384 -0.007251 0.547124 -0.242715 -0.639941 1.00
12.59 0.853384 -0.007251 0.547124 -0.242715 -0.639941 1.00
12.60 0.853400 -0.007231 0.545621 -0.242578 -0.639628 1.00
12.61 0.853400 -0.007231 0.545621 -0.242578 -0.639628 1.00
12.62 0.853401 -0.007223 0.544347 -0.243026 -0.639455 1.00
12.62 0.853401 -0.007223 0.544347 -0.243026 -0.639455 1.00
12.62 0.853401 -0.007223 0.544347 -0.243026 -0.639455 1.00
12.63 0.853397 -0.007221 0.543445 -0.243651 -0.639385 1.00
12.63 0.853397 -0.007221 0.543445 -0.243651 -0.639385 1.00
12.64 0.853391 -0.007222 0.542877 -0.244221 -0.639373 1.00
12.64 0.853391 -0.007222 0.542877 -0.244221 -0.639373 1.00
12.65 0.853391 -0.007222 0.542877 -0.244221 -0.639373 1.00
12.66 0.853386 -0.007226 0.542553 -0.244642 -0.639386 1.00
12.66 0.853386 -0.007226 0.542553 -0.244642 -0.639386 1.00
12.66 0.853386 -0.007226 0.542553 -0.244642 -0.639386 1.00
12.67 0.853382 -0.007229 0.542386 -0.244903 -0.639403 1.00
12.67 0.853382 -0.007229 0.542386 -0.244903 -0.639403 1.00
12.68 0.853380 -0.007231 0.542312 -0.245035 -0.639417 1.00
12.68 0.853380 -0.007231 0.542312 -0.245035 -0.639417 1.00
12.69 0.853380 -0.007231 0.542312 -0.245035 -0.639417 1.00
12.70 0.853379 -0.007233 0.542289 -0.245081 -0.639424 1.00
12.70 0.853379 -0.007233 0.542289 -0.245081 -0.639424 1.00
12.71 0.853378 -0.007234 0.542291 -0.245079 -0.639427 1.00
12.71 0.853378 -0.007234 0.542291 -0.245079 -0.639427 1.00
12.71 0.853378 -0.007234 0.542291 -0.245079 -0.639427 1.00
12.72 0.853378 -0.007234 0.542304 -0.245056 -0.639427 1.00
12.72 0.853378 -0.007234 0.542304 -0.245056 -0.639427 1.00
12.74 0.853378 -0.007234 0.542318 -0.245029 -0.639426 1.00
12.74 0.853378 -0.007234 0.542318 -0.245029 -0.639426 1.00
12.74 0.853378 -0.007234 0.542318 -0.245029 -0.639426 1.00
12.75 0.853378 -0.007234 0.542332 -0.245006 -0.639425 1.00
12.75 0.853378 -0.007234 0.542332 -0.245006 -0.639425 1.00
12.76 0.853378 -0.007234 0.542342 -0.244990 -0.639424 1.00
12.76 0.853378 -0.007234 0.542342 -0.244990 -0.639424 1.00
12.76 0.853378 -0.007234 0.542342 -0.244990 -0.639424 1.00
12.78 0.853378 -0.007234 0.542350 -0.244981 -0.639424 1.00
12.78 0.853378 -0.007234 0.542350 -0.244981 -0.639424 1.00
12.79 0.853378 -0.007234 0.542355 -0.244977 -0.639424 1.00
12.79 0.853378 -0.007234 0.542355 -0.244977 -0.639424 1.00
12.79 0.853378 -0.007234 0.542355 -0.244977 -0.639424 1.00
12.80 0.853378 -0.007234 0.542357 -0.244975 -0.639424 1.00
12.80 0.853378 -0.007234 0.542357 -0.244975 -0.639424 1.00
12.81 0.853378 -0.007234 0.542358 -0.244975 -0.639424 1.00
12.82 0.853378 -0.007234 0.542358 -0.244975 -0.639424 1.00
12.82 0.853378 -0.007234 0.542358 -0.244975 -0.639424 1.00
12.83 0.853378 -0.007234 0.542357 -0.244976 -0.639424 1.00
12.83 0.853378 -0.007234 0.542357 -0.244976 -0.639424 1.00
12.84 0.853378 -0.007234 0.542356 -0.244977 -0.639424 1.00
12.84 0.853378 -0.007234 0.542356 -0.244977 -0.639424 1.00
12.84 0.853378 -0.007234 0.542356 -0.244977 -0.639424 1.00
12.85 0.853378 -0.007234 0.542357 -0.244978 -0.639424 1.00
12.86 0.853378 -0.007234 0.542357 -0.244978 -0.639424 1.00
12.86 0.853378 -0.007234 0.542357 -0.244978 -0.639424 1.00
12.87 0.853378 -0.007234 0.542356 -0.244979 -0.639424 1.00
12.87 0.853378 -0.007234 0.542356 -0.244979 -0.639424 1.00
12.88 0.853378 -0.007234 0.542356 -0.244979 -0.639424 1.00
12.88 0.853378 -0.007234 0.542356 -0.244979 -0.639424 1.00
12.88 0.853378 -0.007234 0.542356 -0.244979 -0.639424 1.00
12.89 0.853378 -0.007234 0.542357 -0.244979 -0.639424 1.00
12.90 0.853378 -0.007234 0.542357 -0.244979 -0.639424 1.00
12.91 0.853378 -0.007234 0.542356 -0.244979 -0.639424 1.00
12.91 0.853378 -0.007234 0.542356 -0.244979 -0.639424 1.00
12.91 0.853378 -0.007234 0.542356 -0.244979 -0.639424 1.00
12.92 0.853378 -0.007234 0.542356 -0.244979 -0.639424 1.00
12.92 0.853378 -0.007234 0.542356 -0.244979 -0.639424 1.00
12.93 0.853378 -0.007234 0.542357 -0.244979 -0.639424 1.00
12.93 0.853378 -0.007234 0.542357 -0.244979 -0.639424 1.00
12.94 0.853378 -0.007234 0.542357 -0.244979 -0.639424 1.00
12.95 0.853378 -0.007234 0.542356 -0.244979 -0.639424 1.00
12.95 0.853378 -0.007234 0.542356 -0.244979 -0.639424 1.00
12.96 0.853378 -0.007234 0.542356 -0.244979 -0.639424 1.00
12.96 0.853378 -0.007234 0.542356 -0.244979 -0.639424 1.00
12.96 0.853378 -0.007234 0.542356 -0.244979 -0.639424 1.00
12.97 0.853378 -0.007234 0.542356 -0.244979 -0.639424 1.00
12.97 0.853378 -0.007234 0.542356 -0.244979 -0.639424 1.00
12.99 0.853378 -0.007234 0.542357 -0.244979 -0.639424 1.00
12.99 0.853378 -0.007234 0.542357 -0.244979 -0.639424 1.00
12.99 0.853378 -0.007234 0.542357 -0.244979 -0.639424 1.00
13.00 0.853378 -0.007234 0.542356 -0.244979 -0.639424 1.00
13.00 0.853378 -0.007234 0.542356 -0.244979 -0.639424 1.00
13.01 0.853378 -0.007234 0.542356 -0.244979 -0.639424 1.00
13.01 0.853378 -0.007234 0.542356 -0.244979 -0.639424 1.00
13.01 0.853378 -0.007234 0.542356 -0.244979 -0.639424 1.00
13.03 0.853378 -0.007234 0.542357 -0.244979 -0.639424 1.00
13.03 0.853378 -0.007234 0.542357 -0.244979 -0.639424 1.00
13.04 0.853378 -0.007234 0.542356 -0.244979 -0.639424 1.00
13.04 0.853378 -0.007234 0.542356 -0.244979 -0.639424 1.00
13.04 0.853378 -0.007234 0.542356 -0.244979 -0.639424 1.00
13.05 0.853378 -0.007234 0.542356 -0.244979 -0.639424 1.00
13.05 0.853378 -0.007234 0.542356 -0.244979 -0.639424 1.00
13.05 0.853378 -0.007234 0.542356 -0.244979 -0.639424 1.00
13.07 0.853378 -0.007234 0.542356 -0.244979 -0.639424 1.00
13.07 0.853378 -0.007234 0.542356 -0.244979 -0.639424 1.00
13.08 0.853378 -0.007234 0.542357 -0.244979 -0.639424 1.00
13.08 0.853378 -0.007234 0.542357 -0.244979 -0.639424 1.00
13.08 0.853378 -0.007234 0.542357 -0.244979 -0.639424 1.00
13.09 0.853378 -0.007234 0.542356 -0.244979 -0.639424 1.00
13.09 0.853378 -0.007234 0.542356 -0.244979 -0.639424 1.00
13.11 0.853378 -0.007234 0.542356 -0.244979 -0.639424 1.00
13.11 0.853378 -0.007234 0.542356 -0.244979 -0.639424 1.00
13.11 0.853378 -0.007234 0.542356 -0.244979 -0.639424 1.00
13.12 0.853378 -0.007234 0.542357 -0.244979 -0.639424 1.00
13.12 0.853378 -0.007234 0.542357 -0.244979 -0.639424 1.00
13.13 0.853378 -0.007234 0.542356 -0.244979 -0.639424 1.00
13.13 0.853378 -0.007234 0.542356 -0.244979 -0.639424 1.00
13.13 0.853378 -0.007234 0.542356 -0.244979 -0.639424 1.00
13.15 0.853378 -0.007234 0.542356 -0.244979 -0.639424 1.00
13.15 0.853378 -0.007234 0.542356 -0.244979 -0.639424 1.00
13.16 0.853378 -0.007234 0.542356 -0.244979 -0.639424 1.00
13.16 0.853378 -0.007234 0.542356 -0.244979 -0.639424 1.00
13.16 0.853378 -0.007234 0.542356 -0.244979 -0.639424 1.00
13.17 0.853378 -0.007234 0.542357 -0.244979 -0.639424 1.00
13.17 0.853378 -0.007234 0.542357 -0.244979 -0.639424 1.00
13.18 0.853378 -0.007234 0.542356 -0.244979 -0.639424 1.00
13.19 0.853378 -0.007234 0.542356 -0.244979 -0.639424 1.00
13.19 0.853378 -0.007234 0.542356 -0.244979 -0.639424 1.00
13.20 0.853378 -0.007234 0.542356 -0.244979 -0.639424 1.00
13.20 0.853378 -0.007234 0.542356 -0.244979 -0.639424 1.00
13.21 0.853378 -0.007234 0.542357 -0.244979 -0.639424 1.00
13.21 0.853378 -0.007234 0.542357 -0.244979 -0.639424 1.00
13.21 0.853378 -0.007234 0.542357 -0.244979 -0.639424 1.00
13.22 0.853378 -0.007234 0.542356 -0.244979 -0.639424 1.00
13.23 0.853378 -0.007234 0.542356 -0.244979 -0.639424 1.00
13.24 0.853378 -0.007234 0.542356 -0.244979 -0.639424 1.00
13.24 0.853378 -0.007234 0.542356 -0.244979 -0.639424 1.00
13.24 0.853378 -0.007234 0.542356 -0.244979 -0.639424 1.00
13.25 0.853378 -0.007234 0.542356 -0.244979 -0.639424 1.00
13.25 0.853378 -0.007234 0.542356 -0.244979 -0.639424 1.00
13.25 0.853378 -0.007234 0.542356 -0.244979 -0.639424 1.00
13.26 0.853378 -0.007234 0.542357 -0.244979 -0.639424 1.00
13.27 0.853378 -0.007234 0.542357 -0.244979 -0.639424 1.00
13.28 0.853378 -0.007234 0.542356 -0.244979 -0.639424 1.00
13.28 0.853378 -0.007234 0.542356 -0.244979 -0.639424 1.00
13.28 0.853378 -0.007234 0.542356 -0.244979 -0.639424 1.00
13.29 0.853378 -0.007234 0.542356 -0.244979 -0.639424 1.00
13.29 0.853378 -0.007234 0.542356 -0.244979 -0.639424 1.00
13.30 0.853378 -0.007234 0.542357 -0.244979 -0.639424 1.00
13.30 0.853378 -0.007234 0.542357 -0.244979 -0.639424 1.00
13.31 0.853378 -0.007234 0.542357 -0.244979 -0.639424 1.00
13.32 0.853378 -0.007234 0.542356 -0.244979 -0.639424 1.00
13.32 0.853378 -0.007234 0.542356 -0.244979 -0.639424 1.00
13.33 0.853378 -0.007234 0.542356 -0.244979 -0.639424 1.00
13.33 0.853378 -0.007234 0.542356 -0.244979 -0.639424 1.00
13.33 0.853378 -0.007234 0.542356 -0.244979 -0.639424 1.00
13.34 0.853378 -0.007234 0.542356 -0.244979 -0.639424 1.00
13.34 0.853378 -0.007234 0.542356 -0.244979 -0.639424 1.00
13.36 0.853378 -0.007234 0.542357 -0.244979 -0.639424 1.00
13.36 0.853378 -0.007234 0.542357 -0.244979 -0.639424 1.00
13.36 0.853378 -0.007234 0.542357 -0.244979 -0.639424 1.00
13.37 0.853378 -0.007234 0.542356 -0.244979 -0.639424 1.00
13.37 0.853378 -0.007234 0.542356 -0.244979 -0.639424 1.00
13.38 0.853378 -0.007234 0.542356 -0.244979 -0.639424 1.00
13.38 0.853378 -0.007234 0.542356 -0.244979 -0.639424 1.00
13.38 0.853378 -0.007234 0.542356 -0.244979 -0.639424 1.00
13.40 0.853378 -0.007234 0.542357 -0.244979 -0.639424 1.00
13.40 0.853378 -0.007234 0.542357 -0.244979 -0.639424 1.00
13.41 0.853378 -0.007234 0.542356 -0.244979 -0.639424 1.00
13.41 0.853378 -0.007234 0.542356 -0.244979 -0.639424 1.00
13.41 0.853378 -0.007234 0.542356 -0.244979 -0.639424 1.00
13.42 0.853378 -0.007234 0.542356 -0.244979 -0.639424 1.00
13.42 0.853378 -0.007234 0.542356 -0.244979 -0.639424 1.00
13.43 0.853378 -0.007234 0.542356 -0.244979 -0.639424 1.00
13.44 0.853378 -0.007234 0.542356 -0.244979 -0.639424 1.00
13.44 0.853378 -0.007234 0.542356 -0.244979 -0.639424 1.00
13.45 0.853378 -0.007234 0.542357 -0.244979 -0.639424 1.00
13.45 0.853378 -0.007234 0.542357 -0.244979 -0.639424 1.00
13.45 0.853378 -0.007234 0.542357 -0.244979 -0.639424 1.00
13.46 0.853378 -0.007234 0.542356 -0.244979 -0.639424 1.00
13.46 0.853378 -0.007234 0.542356 -0.244979 -0.639424 1.00
13.47 0.853378 -0.007234 0.542356 -0.244979 -0.639424 1.00
13.48 0.853378 -0.007234 0.542356 -0.244979 -0.639424 1.00
13.48 0.853378 -0.007234 0.542356 -0.244979 -0.639424 1.00
13.49 0.853378 -0.007234 0.542357 -0.244979 -0.639424 1.00
13.49 0.853378 -0.007234 0.542357 -0.244979 -0.639424 1.00
13.50 0.853378 -0.007234 0.542356 -0.244979 -0.639424 1.00
13.50 0.853378 -0.007234 0.542356 -0.244979 -0.639424 1.00
13.50 0.853378 -0.007234 0.542356 -0.244979 -0.639424 1.00
13.51 0.853378 -0.007234 0.542356 -0.244979 -0.639424 1.00
13.52 0.853378 -0.007234 0.542356 -0.244979 -0.639424 1.00
13.53 0.853378 -0.007234 0.542356 -0.244979 -0.639424 1.00
13.53 0.853378 -0.007234 0.542356 -0.244979 -0.639424 1.00
13.53 0.853378 -0.007234 0.542356 -0.244979 -0.639424 1.00
13.54 0.853378 -0.007234 0.542357 -0.244979 -0.639424 1.00
13.54 0.853378 -0.007234 0.542357 -0.244979 -0.639424 1.00
13.55 0.853378 -0.007234 0.542356 -0.244979 -0.639424 1.00
13.56 0.853378 -0.007234 0.542356 -0.244979 -0.639424 1.00
13.56 0.853378 -0.007234 0.542356 -0.244979 -0.639424 1.00
13.57 0.853378 -0.007234 0.542356 -0.244979 -0.639424 1.00
13.57 0.853378 -0.007234 0.542356 -0.244979 -0.639424 1.00
13.58 0.853378 -0.007234 0.542357 -0.244979 -0.639424 1.00
13.58 0.853378 -0.007234 0.542357 -0.244979 -0.639424 1.00
13.58 0.853378 -0.007234 0.542357 -0.244979 -0.639424 1.00
13.59 0.853378 -0.007234 0.542356 -0.244979 -0.639424 1.00
13.60 0.853378 -0.007234 0.542356 -0.244979 -0.639424 1.00
13.61 0.853378 -0.007234 0.542356 -0.244979 -0.639424 1.00
13.61 0.853378 -0.007234 0.542356 -0.244979 -0.639424 1.00
13.61 0.853378 -0.007234 0.542356 -0.244979 -0.639424 1.00
13.62 0.853378 -0.007234 0.542356 -0.244979 -0.639424 1.00
13.62 0.853378 -0.007234 0.542356 -0.244979 -0.639424 1.00
13.62 0.853378 -0.007234 0.542356 -0.244979 -0.639424 1.00
13.63 0.853378 -0.007234 0.542357 -0.244979 -0.639424 1.00
13.64 0.853378 -0.007234 0.542357 -0.244979 -0.639424 1.00
13.65 0.853378 -0.007234 0.542356 -0.244979 -0.639424 1.00
13.65 0.853378 -0.007234 0.542356 -0.244979 -0.639424 1.00
13.65 0.853378 -0.007234 0.542356 -0.244979 -0.639424 1.00
13.66 0.853378 -0.007234 0.542356 -0.244979 -0.639424 1.00
13.66 0.853378 -0.007234 0.542356 -0.244979 -0.639424 1.00
13.67 0.853378 -0.007234 0.542357 -0.244979 -0.639424 1.00
13.67 0.853378 -0.007234 0.542357 -0.244979 -0.639424 1.00
13.68 0.853378 -0.007234 0.542357 -0.244979 -0.639424 1.00
13.69 0.853378 -0.007234 0.542356 -0.244979 -0.639424 1.00
13.69 0.853378 -0.007234 0.542356 -0.244979 -0.639424 1.00
13.70 0.853378 -0.007234 0.542356 -0.244979 -0.639424 1.00
13.70 0.853378 -0.007234 0.542356 -0.244979 -0.639424 1.00
13.70 0.853378 -0.007234 0.542356 -0.244979 -0.639424 1.00
13.71 0.853378 -0.007234 0.542356 -0.244979 -0.639424 1.00
13.71 0.853378 -0.007234 0.542356 -0.244979 -0.639424 1.00
13.73 0.853378 -0.007234 0.542357 -0.244979 -0.639424 1.00
13.73 0.853378 -0.007234 0.542357 -0.244979 -0.639424 1.00
13.73 0.853378 -0.007234 0.542357 -0.244979 -0.639424 1.00
13.74 0.853378 -0.007234 0.542356 -0.244979 -0.639424 1.00
13.74 0.853378 -0.007234 0.542356 -0.244979 -0.639424 1.00
13.75 0.853378 -0.007234 0.542356 -0.244979 -0.639424 1.00
13.75 0.853378 -0.007234 0.542356 -0.244979 -0.639424 1.00
13.75 0.853378 -0.007234 0.542356 -0.244979 -0.639424 1.00
13.77 0.853378 -0.007234 0.542357 -0.244979 -0.639424 1.00
13.77 0.853378 -0.007234 0.542357 -0.244979 -0.639424 1.00
13.78 0.853378 -0.007234 0.542356 -0.244979 -0.639424 1.00
13.78 0.853378 -0.007234 0.542356 -0.244979 -0.639424 1.00
13.78 0.853378 -0.007234 0.542356 -0.244979 -0.639424 1.00
13.79 0.853378 -0.007234 0.542356 -0.244979 -0.639424 1.00
13.79 0.853378 -0.007234 0.542356 -0.244979 -0.639424 1.00
13.80 0.853378 -0.007234 0.542356 -0.244979 -0.639424 1.00
13.81 0.853378 -0.007234 0.542356 -0.244979 -0.639424 1.00
13.81 0.853378 -0.007234 0.542356 -0.244979 -0.639424 1.00
13.82 0.853378 -0.007234 0.542357 -0.244979 -0.639424 1.00
13.82 0.853378 -0.007234 0.542357 -0.244979 -0.639424 1.00
13.82 0.853378 -0.007234 0.542357 -0.244979 -0.639424 1.00
13.83 0.853378 -0.007234 0.542356 -0.244979 -0.639424 1.00
13.83 0.853378 -0.007234 0.542356 -0.244979 -0.639424 1.00
13.84 0.853378 -0.007234 0.542356 -0.244979 -0.639424 1.00
13.85 0.853378 -0.007234 0.542356 -0.244979 -0.639424 1.00
13.85 0.853378 -0.007234 0.542356 -0.244979 -0.639424 1.00
13.86 0.853378 -0.007234 0.542357 -0.244979 -0.639424 1.00
13.86 0.853378 -0.007234 0.542357 -0.244979 -0.639424 1.00
13.87 0.853378 -0.007234 0.542356 -0.244979 -0.639424 1.00
13.87 0.853378 -0.007234 0.542356 -0.244979 -0.639424 1.00
13.87 0.853378 -0.007234 0.542356 -0.244979 -0.639424 1.00
13.88 0.853378 -0.007234 0.542356 -0.244979 -0.639424 1.00
13.89 0.853378 -0.007234 0.542356 -0.244979 -0.639424 1.00
13.90 0.853378 -0.007234 0.542356 -0.244979 -0.639424 1.00
13.90 0.853378 -0.007234 0.542356 -0.244979 -0.639424 1.00
13.90 0.853378 -0.007234 0.542356 -0.244979 -0.639424 1.00
13.91 0.853378 -0.007234 0.542357 -0.244979 -0.639424 1.00
13.91 0.853378 -0.007234 0.542357 -0.244979 -0.639424 1.00
13.92 0.853378 -0.007234 0.542356 -0.244979 -0.639424 1.00
13.92 0.853378 -0.007234 0.542356 -0.244979 -0.639424 1.00
13.93 0.853378 -0.007234 0.542356 -0.244979 -0.639424 1.00
13.94 0.853378 -0.007234 0.542356 -0.244979 -0.639424 1.00
13.94 0.853378 -0.007234 0.542356 -0.244979 -0.639424 1.00
13.95 0.853378 -0.007234 0.542357 -0.244979 -0.639424 1.00
13.95 0.853378 -0.007234 0.542357 -0.244979 -0.639424 1.00
13.95 0.853378 -0.007234 0.542357 -0.244979 -0.639424 1.00
13.96 0.853378 -0.007234 0.542356 -0.244979 -0.639424 1.00
13.96 0.853378 -0.007234 0.542356 -0.244979 -0.639424 1.00
13.98 0.853378 -0.007234 0.542356 -0.244979 -0.639424 1.00
13.98 0.853378 -0.007234 0.542356 -0.244979 -0.639424 1.00
13.98 0.853378 -0.007234 0.542356 -0.244979 -0.639424 1.00
13.99 0.853378 -0.007234 0.542356 -0.244979 -0.639424 1.00
13.99 0.853378 -0.007234 0.542356 -0.244979 -0.639424 1.00
14.00 0.853378 -0.007234 0.542357 -0.244979 -0.639424 1.00
14.00 0.853378 -0.007234 0.542357 -0.244979 -0.639424 1.00
14.00 0.853378 -0.007234 0.542357 -0.244979 -0.639424 1.00
14.02 0.853378 -0.007234 0.542356 -0.244979 -0.639424 1.00
14.02 0.853378 -0.007234 0.542356 -0.244979 -0.639424 1.00
14.02 0.853378 -0.007234 0.542356 -0.244979 -0.639424 1.00
14.03 0.853378 -0.007234 0.542356 -0.244979 -0.639424 1.00
14.03 0.853378 -0.007234 0.542356 -0.244979 -0.639424 1.00
14.04 0.853378 -0.007234 0.542357 -0.244979 -0.639424 1.00
14.04 0.853378 -0.007234 0.542357 -0.244979 -0.639424 1.00
14.04 0.853378 -0.007234 0.542357 -0.244979 -0.639424 1.00
14.06 0.853378 -0.007234 0.542356 -0.244979 -0.639424 1.00
14.06 0.853378 -0.007234 0.542356 -0.244979 -0.639424 1.00
14.07 0.853378 -0.007234 0.542356 -0.244979 -0.639424 1.00
14.07 0.853378 -0.007234 0.542356 -0.244979 -0.639424 1.00
14.07 0.853378 -0.007234 0.542356 -0.244979 -0.639424 1.00
14.08 0.853378 -0.007234 0.542356 -0.244979 -0.639424 1.00
14.08 0.853378 -0.007234 0.542356 -0.244979 -0.639424 1.00
14.10 0.853378 -0.007234 0.542357 -0.244979 -0.639424 1.00
14.10 0.853378 -0.007234 0.542357 -0.244979 -0.639424 1.00
14.10 0.853378 -0.007234 0.542357 -0.244979 -0.639424 1.00
14.11 0.853378 -0.007234 0.542356 -0.244979 -0.639424 1.00
14.11 0.853378 -0.007234 0.542356 -0.244979 -0.639424 1.00
14.12 0.853378 -0.007234 0.542356 -0.244979 -0.639424 1.00
14.12 0.853378 -0.007234 0.542356 -0.244979 -0.639424 1.00
14.12 0.853378 -0.007234 0.542356 -0.244979 -0.639424 1.00
14.14 0.853378 -0.007234 0.542357 -0.244979 -0.639424 1.00
14.14 0.853378 -0.007234 0.542357 -0.244979 -0.639424 1.00
14.15 0.853378 -0.007234 0.542356 -0.244979 -0.639424 1.00
14.15 0.853378 -0.007234 0.542356 -0.244979 -0.639424 1.00
14.15 0.853378 -0.007234 0.542356 -0.244979 -0.639424 1.00
14.16 0.853378 -0.007234 0.542356 -0.244979 -0.639424 1.00
14.16 0.853378 -0.007234 0.542356 -0.244979 -0.639424 1.00
14.17 0.853378 -0.007234 0.542356 -0.244979 -0.639424 1.00
14.18 0.853378 -0.007234 0.542356 -0.244979 -0.639424 1.00
14.18 0.853378 -0.007234 0.542356 -0.244979 -0.639424 1.00
14.19 0.853378 -0.007234 0.542357 -0.244979 -0.639424 1.00
14.19 0.853378 -0.007234 0.542357 -0.244979 -0.639424 1.00
14.20 0.853378 -0.007234 0.542356 -0.244979 -0.639424 1.00
14.20 0.853378 -0.007234 0.542356 -0.244979 -0.639424 1.00
14.20 0.853378 -0.007234 0.542356 -0.244979 -0.639424 1.00
14.21 0.853378 -0.007234 0.542356 -0.244979 -0.639424 1.00
14.22 0.853378 -0.007234 0.542356 -0.244979 -0.639424 1.00
14.22 0.853378 -0.007234 0.542356 -0.244979 -0.639424 1.00
14.23 0.853378 -0.007234 0.542357 -0.244979 -0.639424 1.00
14.23 0.853378 -0.007234 0.542357 -0.244979 -0.639424 1.00
14.24 0.853378 -0.007234 0.542356 -0.244979 -0.639424 1.00
14.24 0.853378 -0.007234 0.542356 -0.244979 -0.639424 1.00
14.24 0.853378 -0.007234 0.542356 -0.244979 -0.639424 1.00
14.25 0.853378 -0.007234 0.542356 -0.244979 -0.639424 1.00
14.26 0.853378 -0.007234 0.542356 -0.244979 -0.639424 1.00
14.27 0.853378 -0.007234 0.542356 -0.244979 -0.639424 1.00
14.27 0.853378 -0.007234 0.542356 -0.244979 -0.639424 1.00
14.27 0.853378 -0.007234 0.542356 -0.244979 -0.639424 1.00
14.28 0.853378 -0.007234 0.542357 -0.244979 -0.639424 1.00
14.28 0.853378 -0.007234 0.542357 -0.244979 -0.639424 1.00
14.29 0.853378 -0.007234 0.542356 -0.244979 -0.639424 1.00
14.29 0.853378 -0.007234 0.542356 -0.244979 -0.639424 1.00
14.30 0.853378 -0.007234 0.542356 -0.244979 -0.639424 1.00
14.31 0.853378 -0.007234 0.542356 -0.244979 -0.639424 1.00
14.31 0.853378 -0.007234 0.542356 -0.244979 -0.639424 1.00
14.32 0.853378 -0.007234 0.542357 -0.244979 -0.639424 1.00
14.32 0.853378 -0.007234 0.542357 -0.244979 -0.639424 1.00
14.32 0.853378 -0.007234 0.542357 -0.244979 -0.639424 1.00
14.33 0.853378 -0.007234 0.542356 -0.244979 -0.639424 1.00
14.33 0.853378 -0.007234 0.542356 -0.244979 -0.639424 1.00
14.35 0.853378 -0.007234 0.542356 -0.244979 -0.639424 1.00
14.35 0.853378 -0.007234 0.542356 -0.244979 -0.639424 1.00
14.35 0.853378 -0.007234 0.542356 -0.244979 -0.639424 1.00
14.36 0.853378 -0.007234 0.542356 -0.244979 -0.639424 1.00
14.36 0.853378 -0.007234 0.542356 -0.244979 -0.639424 1.00
14.37 0.853378 -0.007234 0.542357 -0.244979 -0.639424 1.00
14.37 0.853378 -0.007234 0.542357 -0.244979 -0.639424 1.00
14.37 0.853378 -0.007234 0.542357 -0.244979 -0.639424 1.00
14.39 0.853378 -0.007234 0.542356 -0.244979 -0.639424 1.00
14.39 0.853378 -0.007234 0.542356 -0.244979 -0.639424 1.00
14.39 0.853378 -0.007234 0.542356 -0.244979 -0.639424 1.00
14.40 0.853378 -0.007234 0.542356 -0.244979 -0.639424 1.00
14.40 0.853378 -0.007234 0.542356 -0.244979 -0.639424 1.00
14.41 0.853378 -0.007234 0.542357 -0.244979 -0.639424 1.00
14.41 0.853378 -0.007234 0.542357 -0.244979 -0.639424 1.00
14.41 0.853378 -0.007234 0.542357 -0.244979 -0.639424 1.00
14.43 0.853378 -0.007234 0.542356 -0.244979 -0.639424 1.00
14.43 0.853378 -0.007234 0.542356 -0.244979 -0.639424 1.00
14.44 0.853378 -0.007234 0.542356 -0.244979 -0.639424 1.00
14.44 0.853378 -0.007234 0.542356 -0.244979 -0.639424 1.00
14.44 0.853378 -0.007234 0.542356 -0.244979 -0.639424 1.00
14.45 0.853378 -0.007234 0.542356 -0.244979 -0.639424 1.00
14.45 0.853378 -0.007234 0.542356 -0.244979 -0.639424 1.00
14.46 0.853378 -0.007234 0.542357 -0.244979 -0.639424 1.00
14.47 0.853378 -0.007234 0.542357 -0.244979 -0.639424 1.00
14.47 0.853378 -0.007234 0.542357 -0.244979 -0.639424 1.00
14.48 0.853378 -0.007234 0.542356 -0.244979 -0.639424 1.00
14.48 0.853378 -0.007234 0.542356 -0.244979 -0.639424 1.00
14.49 0.853378 -0.007234 0.542356 -0.244979 -0.639424 1.00
14.49 0.853378 -0.007234 0.542356 -0.244979 -0.639424 1.00
14.49 0.853378 -0.007234 0.542356 -0.244979 -0.639424 1.00
14.50 0.853378 -0.007234 0.542357 -0.244979 -0.639424 1.00
14.51 0.853378 -0.007234 0.542357 -0.244979 -0.639424 1.00
14.52 0.853378 -0.007234 0.542356 -0.244979 -0.639424 1.00
14.52 0.853378 -0.007234 0.542356 -0.244979 -0.639424 1.00
14.52 0.853378 -0.007234 0.542356 -0.244979 -0.639424 1.00
14.53 0.853378 -0.007234 0.542356 -0.244979 -0.639424 1.00
14.53 0.853378 -0.007234 0.542356 -0.244979 -0.639424 1.00
14.54 0.853378 -0.007234 0.542356 -0.244979 -0.639424 1.00
14.54 0.853378 -0.007234 0.542356 -0.244979 -0.639424 1.00
14.55 0.853378 -0.007234 0.542356 -0.244979 -0.639424 1.00
14.56 0.853378 -0.007234 0.542357 -0.244979 -0.639424 1.00
14.56 0.853378 -0.007234 0.542357 -0.244979 -0.639424 1.00
14.57 0.853378 -0.007234 0.542356 -0.244979 -0.639424 1.00
14.57 0.853378 -0.007234 0.542356 -0.244979 -0.639424 1.00
14.57 0.853378 -0.007234 0.542356 -0.244979 -0.639424 1.00
14.58 0.853378 -0.007234 0.542356 -0.244979 -0.639424 1.00
14.59 0.853378 -0.007234 0.542356 -0.244979 -0.639424 1.00
14.59 0.853378 -0.007234 0.542356 -0.244979 -0.639424 1.00
14.60 0.853378 -0.007234 0.542357 -0.244979 -0.639424 1.00
14.60 0.853378 -0.007234 0.542357 -0.244979 -0.639424 1.00
14.61 0.853378 -0.007234 0.542356 -0.244979 -0.639424 1.00
14.61 0.853378 -0.007234 0.542356 -0.244979 -0.639424 1.00
14.61 0.853378 -0.007234 0.542356 -0.244979 -0.639424 1.00
14.62 0.853378 -0.007234 0.542356 -0.244979 -0.639424 1.00
14.63 0.853378 -0.007234 0.542356 -0.244979 -0.639424 1.00
14.64 0.853378 -0.007234 0.542356 -0.244979 -0.639424 1.00
14.64 0.853378 -0.007234 0.542356 -0.244979 -0.639424 1.00
14.64 0.853378 -0.007234 0.542356 -0.244979 -0.639424 1.00
14.65 0.853378 -0.007234 0.542357 -0.244979 -0.639424 1.00
14.65 0.853378 -0.007234 0.542357 -0.244979 -0.639424 1.00
14.66 0.853378 -0.007234 0.542356 -0.244979 -0.639424 1.00
14.66 0.853378 -0.007234 0.542356 -0.244979 -0.639424 1.00
14.67 0.853378 -0.007234 0.542356 -0.244979 -0.639424 1.00
14.68 0.853378 -0.007234 0.542356 -0.244979 -0.639424 1.00
14.68 0.853378 -0.007234 0.542356 -0.244979 -0.639424 1.00
14.69 0.853378 -0.007234 0.542357 -0.244979 -0.639424 1.00
14.69 0.853378 -0.007234 0.542357 -0.244979 -0.639424 1.00
14.69 0.853378 -0.007234 0.542357 -0.244979 -0.639424 1.00
14.70 0.853378 -0.007234 0.542356 -0.244979 -0.639424 1.00
14.70 0.853378 -0.007234 0.542356 -0.244979 -0.639424 1.00
14.72 0.853378 -0.007234 0.542356 -0.244979 -0.639424 1.00
14.72 0.853378 -0.007234 0.542356 -0.244979 -0.639424 1.00
14.72 0.853378 -0.007234 0.542356 -0.244979 -0.639424 1.00
14.73 0.853378 -0.007234 0.542356 -0.244979 -0.639424 1.00
14.73 0.853378 -0.007234 0.542356 -0.244979 -0.639424 1.00
14.74 0.853378 -0.007234 0.542357 -0.244979 -0.639424 1.00
14.74 0.853378 -0.007234 0.542357 -0.244979 -0.639424 1.00
14.74 0.853378 -0.007234 0.542357 -0.244979 -0.639424 1.00
14.76 0.853378 -0.007234 0.542356 -0.244979 -0.639424 1.00
14.76 0.853378 -0.007234 0.542356 -0.244979 -0.639424 1.00
14.77 0.853378 -0.007234 0.542356 -0.244979 -0.639424 1.00
14.77 0.853378 -0.007234 0.542356 -0.244979 -0.639424 1.00
14.77 0.853378 -0.007234 0.542356 -0.244979 -0.639424 1.00
14.78 0.853378 -0.007234 0.542357 -0.244979 -0.639424 1.00
14.78 0.853378 -0.007234 0.542357 -0.244979 -0.639424 1.00
14.78 0.853378 -0.007234 0.542357 -0.244979 -0.639424 1.00
14.80 0.853378 -0.007234 0.542356 -0.244979 -0.639424 1.00
14.80 0.853378 -0.007234 0.542356 -0.244979 -0.639424 1.00
14.81 0.853378 -0.007234 0.542356 -0.244979 -0.639424 1.00
14.81 0.853378 -0.007234 0.542356 -0.244979 -0.639424 1.00
14.81 0.853378 -0.007234 0.542356 -0.244979 -0.639424 1.00
14.82 0.853378 -0.007234 0.542356 -0.244979 -0.639424 1.00
14.82 0.853378 -0.007234 0.542356 -0.244979 -0.639424 1.00
14.83 0.853378 -0.007234 0.542357 -0.244979 -0.639424 1.00
14.84 0.853378 -0.007234 0.542357 -0.244979 -0.639424 1.00
14.84 0.853378 -0.007234 0.542357 -0.244979 -0.639424 1.00
14.85 0.853378 -0.007234 0.542356 -0.244979 -0.639424 1.00
14.85 0.853378 -0.007234 0.542356 -0.244979 -0.639424 1.00
14.86 0.853378 -0.007234 0.542356 -0.244979 -0.639424 1.00
14.86 0.853378 -0.007234 0.542356 -0.244979 -0.639424 1.00
14.86 0.853378 -0.007234 0.542356 -0.244979 -0.639424 1.00
14.87 0.853378 -0.007234 0.542357 -0.244979 -0.639424 1.00
14.88 0.853378 -0.007234 0.542357 -0.244979 -0.639424 1.00
14.89 0.853378 -0.007234 0.542356 -0.244979 -0.639424 1.00
14.89 0.853378 -0.007234 0.542356 -0.244979 -0.639424 1.00
14.89 0.853378 -0.007234 0.542356 -0.244979 -0.639424 1.00
14.90 0.853378 -0.007234 0.542356 -0.244979 -0.639424 1.00
14.90 0.853378 -0.007234 0.542356 -0.244979 -0.639424 1.00
14.91 0.853378 -0.007234 0.542356 -0.244979 -0.639424 1.00
14.91 0.853378 -0.007234 0.542356 -0.244979 -0.639424 1.00
14.92 0.853378 -0.007234 0.542356 -0.244979 -0.639424 1.00
14.93 0.853378 -0.007234 0.542357 -0.244979 -0.639424 1.00
14.93 0.853378 -0.007234 0.542357 -0.244979 -0.639424 1.00
14.94 0.853378 -0.007234 0.542356 -0.244979 -0.639424 1.00
14.94 0.853378 -0.007234 0.542356 -0.244979 -0.639424 1.00
14.94 0.853378 -0.007234 0.542356 -0.244979 -0.639424 1.00
14.95 0.853378 -0.007234 0.542356 -0.244979 -0.639424 1.00
14.95 0.853378 -0.007234 0.542356 -0.244979 -0.639424 1.00
14.96 0.853378 -0.007234 0.542356 -0.244979 -0.639424 1.00
14.97 0.853378 -0.007234 0.542357 -0.244979 -0.639424 1.00
14.97 0.853378 -0.007234 0.542357 -0.244979 -0.639424 1.00
14.98 0.853378 -0.007234 0.542356 -0.244979 -0.639424 1.00
14.98 0.853378 -0.007234 0.542356 -0.244979 -0.639424 1.00
14.98 0.853378 -0.007234 0.542356 -0.244979 -0.639424 1.00
14.99 0.853378 -0.007234 0.542356 -0.244979 -0.639424 1.00
14.99 0.853378 -0.007234 0.542356 -0.244979 -0.639424 1.00
15.01 0.853378 -0.007234 0.542356 -0.244979 -0.639424 1.00
15.01 0.853378 -0.007234 0.542356 -0.244979 -0.639424 1.00
15.01 0.853378 -0.007234 0.542356 -0.244979 -0.639424 1.00
15.02 0.853378 -0.007234 0.542357 -0.244979 -0.639424 1.00
15.02 0.853378 -0.007234 0.542357 -0.244979 -0.639424 1.00
15.03 0.853378 -0.007234 0.542356 -0.244979 -0.639424 1.00
15.03 0.853378 -0.007234 0.542356 -0.244979 -0.639424 1.00
15.03 0.853378 -0.007234 0.542356 -0.244979 -0.639424 1.00
15.05 0.853378 -0.007234 0.542356 -0.244979 -0.639424 1.00
15.05 0.853378 -0.007234 0.542356 -0.244979 -0.639424 1.00
15.06 0.853378 -0.007234 0.542357 -0.244979 -0.639424 1.00
15.06 0.853378 -0.007234 0.542357 -0.244979 -0.639424 1.00
15.06 0.853378 -0.007234 0.542357 -0.244979 -0.639424 1.00
15.07 0.853378 -0.007234 0.542356 -0.244979 -0.639424 1.00
15.07 0.853378 -0.007234 0.542356 -0.244979 -0.639424 1.00
15.09 0.853378 -0.007234 0.542356 -0.244979 -0.639424 1.00
15.09 0.853378 -0.007234 0.542356 -0.244979 -0.639424 1.00
15.09 0.853378 -0.007234 0.542356 -0.244979 -0.639424 1.00
15.10 0.853378 -0.007234 0.542356 -0.244979 -0.639424 1.00
15.10 0.853378 -0.007234 0.542356 -0.244979 -0.639424 1.00
15.11 0.853378 -0.007234 0.542357 -0.244979 -0.639424 1.00
15.11 0.853378 -0.007234 0.542357 -0.244979 -0.639424 1.00
15.11 0.853378 -0.007234 0.542357 -0.244979 -0.639424 1.00
15.13 0.853378 -0.007234 0.542356 -0.244979 -0.639424 1.00
15.13 0.853378 -0.007234 0.542356 -0.244979 -0.639424 1.00
15.14 0.853378 -0.007234 0.542356 -0.244979 -0.639424 1.00
15.14 0.853378 -0.007234 0.542356 -0.244979 -0.639424 1.00
15.14 0.853378 -0.007234 0.542356 -0.244979 -0.639424 1.00
15.15 0.853378 -0.007234 0.542357 -0.244979 -0.639424 1.00
15.15 0.853378 -0.007234 0.542357 -0.244979 -0.639424 1.00
15.15 0.853378 -0.007234 0.542357 -0.244979 -0.639424 1.00
15.17 0.853378 -0.007234 0.542356 -0.244979 -0.639424 1.00
15.17 0.853378 -0.007234 0.542356 -0.244979 -0.639424 1.00
15.18 0.853378 -0.007234 0.542356 -0.244979 -0.639424 1.00
15.18 0.853378 -0.007234 0.542356 -0.244979 -0.639424 1.00
15.18 0.853378 -0.007234 0.542356 -0.244979 -0.639424 1.00
15.19 0.853378 -0.007234 0.542356 -0.244979 -0.639424 1.00
15.19 0.853378 -0.007234 0.542356 -0.244979 -0.639424 1.00
15.20 0.853378 -0.007234 0.542357 -0.244979 -0.639424 1.00
15.21 0.853378 -0.007234 0.542357 -0.244979 -0.639424 1.00
15.21 0.853378 -0.007234 0.542357 -0.244979 -0.639424 1.00
15.22 0.853378 -0.007234 0.542356 -0.244979 -0.639424 1.00
15.22 0.853378 -0.007234 0.542356 -0.244979 -0.639424 1.00
15.23 0.853378 -0.007234 0.542356 -0.244979 -0.639424 1.00
15.23 0.853378 -0.007234 0.542356 -0.244979 -0.639424 1.00
15.23 0.853378 -0.007234 0.542356 -0.244979 -0.639424 1.00
15.24 0.853378 -0.007234 0.542357 -0.244979 -0.639424 1.00
15.25 0.853378 -0.007234 0.542357 -0.244979 -0.639424 1.00
15.26 0.853378 -0.007234 0.542356 -0.244979 -0.639424 1.00
15.26 0.853378 -0.007234 0.542356 -0.244979 -0.639424 1.00
15.26 0.853378 -0.007234 0.542356 -0.244979 -0.639424 1.00
15.27 0.853378 -0.007234 0.542356 -0.244979 -0.639424 1.00
15.27 0.853378 -0.007234 0.542356 -0.244979 -0.639424 1.00
15.28 0.853378 -0.007234 0.542356 -0.244979 -0.639424 1.00
15.28 0.853378 -0.007234 0.542356 -0.244979 -0.639424 1.00
15.29 0.853378 -0.007234 0.542356 -0.244979 -0.639424 1.00
15.30 0.853378 -0.007234 0.542357 -0.244979 -0.639424 1.00
15.30 0.853378 -0.007234 0.542357 -0.244979 -0.639424 1.00
15.31 0.853378 -0.007234 0.542356 -0.244979 -0.639424 1.00
15.31 0.853378 -0.007234 0.542356 -0.244979 -0.639424 1.00
15.31 0.853378 -0.007234 0.542356 -0.244979 -0.639424 1.00
15.32 0.853378 -0.007234 0.542356 -0.244979 -0.639424 1.00
15.32 0.853378 -0.007234 0.542356 -0.244979 -0.639424 1.00
15.34 0.853378 -0.007234 0.542357 -0.244979 -0.639424 1.00
15.34 0.853378 -0.007234 0.542357 -0.244979 -0.639424 1.00
15.34 0.853378 -0.007234 0.542357 -0.244979 -0.639424 1.00
15.35 0.853378 -0.007234 0.542356 -0.244979 -0.639424 1.00
15.35 0.853378 -0.007234 0.542356 -0.244979 -0.639424 1.00
15.35 0.853378 -0.007234 0.542356 -0.244979 -0.639424 1.00
15.36 0.853378 -0.007234 0.542356 -0.244979 -0.639424 1.00
15.36 0.853378 -0.007234 0.542356 -0.244979 -0.639424 1.00
15.38 0.853378 -0.007234 0.542356 -0.244979 -0.639424 1.00
15.38 0.853378 -0.007234 0.542356 -0.244979 -0.639424 1.00
15.38 0.853378 -0.007234 0.542356 -0.244979 -0.639424 1.00
15.39 0.853378 -0.007234 0.542357 -0.244979 -0.639424 1.00
15.39 0.853378 -0.007234 0.542357 -0.244979 -0.639424 1.00
15.40 0.853378 -0.007234 0.542356 -0.244979 -0.639424 1.00
15.40 0.853378 -0.007234 0.542356 -0.244979 -0.639424 1.00
15.40 0.853378 -0.007234 0.542356 -0.244979 -0.639424 1.00
15.42 0.853378 -0.007234 0.542356 -0.244979 -0.639424 1.00
15.42 0.853378 -0.007234 0.542356 -0.244979 -0.639424 1.00
15.43 0.853378 -0.007234 0.542357 -0.244979 -0.639424 1.00
15.43 0.853378 -0.007234 0.542357 -0.244979 -0.639424 1.00
15.43 0.853378 -0.007234 0.542357 -0.244979 -0.639424 1.00
15.44 0.853378 -0.007234 0.542356 -0.244979 -0.639424 1.00
15.44 0.853378 -0.007234 0.542356 -0.244979 -0.639424 1.00
15.45 0.853378 -0.007234 0.542356 -0.244979 -0.639424 1.00
15.46 0.853378 -0.007234 0.542356 -0.244979 -0.639424 1.00
15.46 0.853378 -0.007234 0.542356 -0.244979 -0.639424 1.00
15.47 0.853378 -0.007234 0.542356 -0.244979 -0.639424 1.00
15.47 0.853378 -0.007234 0.542356 -0.244979 -0.639424 1.00
15.48 0.853378 -0.007234 0.542357 -0.244979 -0.639424 1.00
15.48 0.853378 -0.007234 0.542357 -0.244979 -0.639424 1.00
15.48 0.853378 -0.007234 0.542357 -0.244979 -0.639424 1.00
15.49 0.853378 -0.007234 0.542356 -0.244979 -0.639424 1.00
15.50 0.853378 -0.007234 0.542356 -0.244979 -0.639424 1.00
15.51 0.853378 -0.007234 0.542356 -0.244979 -0.639424 1.00
15.51 0.853378 -0.007234 0.542356 -0.244979 -0.639424 1.00
15.51 0.853378 -0.007234 0.542356 -0.244979 -0.639424 1.00
15.52 0.853378 -0.007234 0.542357 -0.244979 -0.639424 1.00
15.52 0.853378 -0.007234 0.542357 -0.244979 -0.639424 1.00
15.53 0.853378 -0.007234 0.542356 -0.244979 -0.639424 1.00
15.53 0.853378 -0.007234 0.542356 -0.244979 -0.639424 1.00
15.54 0.853378 -0.007234 0.542356 -0.244979 -0.639424 1.00
15.55 0.853378 -0.007234 0.542356 -0.244979 -0.639424 1.00
15.55 0.853378 -0.007234 0.542356 -0.244979 -0.639424 1.00
15.55 0.853378 -0.007234 0.542356 -0.244979 -0.639424 1.00
15.56 0.853378 -0.007234 0.542356 -0.244979 -0.639424 1.00
15.56 0.853378 -0.007234 0.542356 -0.244979 -0.639424 1.00
15.57 0.853378 -0.007234 0.542357 -0.244979 -0.639424 1.00
15.58 0.853378 -0.007234 0.542357 -0.244979 -0.639424 1.00
15.58 0.853378 -0.007234 0.542357 -0.244979 -0.639424 1.00
15.59 0.853378 -0.007234 0.542356 -0.244979 -0.639424 1.00
15.59 0.853378 -0.007234 0.542356 -0.244979 -0.639424 1.00
15.60 0.853378 -0.007234 0.542356 -0.244979 -0.639424 1.00
15.60 0.853378 -0.007234 0.542356 -0.244979 -0.639424 1.00
15.60 0.853378 -0.007234 0.542356 -0.244979 -0.639424 1.00
15.61 0.853378 -0.007234 0.542357 -0.244979 -0.639424 1.00
15.62 0.853378 -0.007234 0.542357 -0.244979 -0.639424 1.00
15.63 0.853378 -0.007234 0.542356 -0.244979 -0.639424 1.00
15.63 0.853378 -0.007234 0.542356 -0.244979 -0.639424 1.00
15.63 0.853378 -0.007234 0.542356 -0.244979 -0.639424 1.00
15.64 0.853378 -0.007234 0.542356 -0.244979 -0.639424 1.00
15.64 0.853378 -0.007234 0.542356 -0.244979 -0.639424 1.00
15.65 0.853378 -0.007234 0.542356 -0.244979 -0.639424 1.00
15.65 0.853378 -0.007234 0.542356 -0.244979 -0.639424 1.00
15.66 0.853378 -0.007234 0.542356 -0.244979 -0.639424 1.00
15.67 0.853378 -0.007234 0.542357 -0.244979 -0.639424 1.00
15.67 0.853378 -0.007234 0.542357 -0.244979 -0.639424 1.00
15.68 0.853378 -0.007234 0.542356 -0.244979 -0.639424 1.00
15.68 0.853378 -0.007234 0.542356 -0.244979 -0.639424 1.00
15.68 0.853378 -0.007234 0.542356 -0.244979 -0.639424 1.00
15.69 0.853378 -0.007234 0.542356 -0.244979 -0.639424 1.00
15.69 0.853378 -0.007234 0.542356 -0.244979 -0.639424 1.00
15.71 0.853378 -0.007234 0.542357 -0.244979 -0.639424 1.00
15.71 0.853378 -0.007234 0.542357 -0.244979 -0.639424 1.00
15.71 0.853378 -0.007234 0.542357 -0.244979 -0.639424 1.00
15.72 0.853378 -0.007234 0.542356 -0.244979 -0.639424 1.00
15.72 0.853378 -0.007234 0.542356 -0.244979 -0.639424 1.00
15.72 0.853378 -0.007234 0.542356 -0.244979 -0.639424 1.00
15.73 0.853378 -0.007234 0.542356 -0.244979 -0.639424 1.00
15.73 0.853378 -0.007234 0.542356 -0.244979 -0.639424 1.00
15.75 0.853378 -0.007234 0.542356 -0.244979 -0.639424 1.00
15.75 0.853378 -0.007234 0.542356 -0.244979 -0.639424 1.00
15.75 0.853378 -0.007234 0.542356 -0.244979 -0.639424 1.00
15.76 0.853378 -0.007234 0.542357 -0.244979 -0.639424 1.00
15.76 0.853378 -0.007234 0.542357 -0.244979 -0.639424 1.00
15.77 0.853378 -0.007234 0.542356 -0.244979 -0.639424 1.00
15.77 0.853378 -0.007234 0.542356 -0.244979 -0.639424 1.00
15.77 0.853378 -0.007234 0.542356 -0.244979 -0.639424 1.00
15.79 0.853378 -0.007234 0.542356 -0.244979 -0.639424 1.00
15.79 0.853378 -0.007234 0.542356 -0.244979 -0.639424 1.00
15.80 0.853378 -0.007234 0.542357 -0.244979 -0.639424 1.00
15.80 0.853378 -0.007234 0.542357 -0.244979 -0.639424 1.00
15.80 0.853378 -0.007234 0.542357 -0.244979 -0.639424 1.00
15.81 0.853378 -0.007234 0.542356 -0.244979 -0.639424 1.00
15.81 0.853378 -0.007234 0.542356 -0.244979 -0.639424 1.00
15.82 0.853378 -0.007234 0.542356 -0.244979 -0.639424 1.00
15.83 0.853378 -0.007234 0.542356 -0.244979 -0.639424 1.00
15.83 0.853378 -0.007234 0.542356 -0.244979 -0.639424 1.00
15.84 0.853378 -0.007234 0.542356 -0.244979 -0.639424 1.00
15.84 0.853378 -0.007234 0.542356 -0.244979 -0.639424 1.00
15.85 0.853378 -0.007234 0.542357 -0.244979 -0.639424 1.00
15.85 0.853378 -0.007234 0.542357 -0.244979 -0.639424 1.00
15.85 0.853378 -0.007234 0.542357 -0.244979 -0.639424 1.00
15.86 0.853378 -0.007234 0.542356 -0.244979 -0.639424 1.00
15.87 0.853378 -0.007234 0.542356 -0.244979 -0.639424 1.00
15.88 0.853378 -0.007234 0.542356 -0.244979 -0.639424 1.00
15.88 0.853378 -0.007234 0.542356 -0.244979 -0.639424 1.00
15.88 0.853378 -0.007234 0.542356 -0.244979 -0.639424 1.00
15.89 0.853378 -0.007234 0.542357 -0.244979 -0.639424 1.00
15.89 0.853378 -0.007234 0.542357 -0.244979 -0.639424 1.00
15.90 0.853378 -0.007234 0.542356 -0.244979 -0.639424 1.00
15.90 0.853378 -0.007234 0.542356 -0.244979 -0.639424 1.00
15.91 0.853378 -0.007234 0.542356 -0.244979 -0.639424 1.00
15.92 0.853378 -0.007234 0.542356 -0.244979 -0.639424 1.00
15.92 0.853378 -0.007234 0.542356 -0.244979 -0.639424 1.00
15.92 0.853378 -0.007234 0.542356 -0.244979 -0.639424 1.00
15.93 0.853378 -0.007234 0.542356 -0.244979 -0.639424 1.00
15.93 0.853378 -0.007234 0.542356 -0.244979 -0.639424 1.00
15.94 0.853378 -0.007234 0.542357 -0.244979 -0.639424 1.00
15.94 0.853378 -0.007234 0.542357 -0.244979 -0.639424 1.00
15.95 0.853378 -0.007234 0.542357 -0.244979 -0.639424 1.00
15.96 0.853378 -0.007234 0.542356 -0.244979 -0.639424 1.00
15.96 0.853378 -0.007234 0.542356 -0.244979 -0.639424 1.00
15.97 0.853378 -0.007234 0.542356 -0.244979 -0.639424 1.00
15.97 0.853378 -0.007234 0.542356 -0.244979 -0.639424 1.00
15.97 0.853378 -0.007234 0.542356 -0.244979 -0.639424 1.00
15.98 0.853378 -0.007234 0.542357 -0.244979 -0.639424 1.00
15.98 0.853378 -0.007234 0.542357 -0.244979 -0.639424 1.00
16.00 0.853378 -0.007234 0.542356 -0.244979 -0.639424 1.00
16.00 0.853378 -0.007234 0.542356 -0.244979 -0.639424 1.00
16.00 0.853378 -0.007234 0.542356 -0.244979 -0.639424 1.00
16.01 0.853378 -0.007234 0.542356 -0.244979 -0.639424 1.00
16.01 0.853378 -0.007234 0.542356 -0.244979 -0.639424 1.00
16.02 0.853378 -0.007234 0.542356 -0.244979 -0.639424 1.00
16.02 0.853378 -0.007234 0.542356 -0.244979 -0.639424 1.00
16.02 0.853378 -0.007234 0.542356 -0.244979 -0.639424 1.00
16.04 0.853378 -0.007234 0.542357 -0.244979 -0.639424 1.00
16.04 0.853378 -0.007234 0.542357 -0.244979 -0.639424 1.00
16.05 0.853378 -0.007234 0.542356 -0.244979 -0.639424 1.00
16.05 0.853378 -0.007234 0.542356 -0.244979 -0.639424 1.00
16.05 0.853378 -0.007234 0.542356 -0.244979 -0.639424 1.00
16.06 0.853378 -0.007234 0.542356 -0.244979 -0.639424 1.00
16.06 0.853378 -0.007234 0.542356 -0.244979 -0.639424 1.00
16.08 0.853378 -0.007234 0.542357 -0.244979 -0.639424 1.00
16.08 0.853378 -0.007234 0.542357 -0.244979 -0.639424 1.00
16.08 0.853378 -0.007234 0.542357 -0.244979 -0.639424 1.00
16.09 0.853378 -0.007234 0.542356 -0.244979 -0.639424 1.00
16.09 0.853378 -0.007234 0.542356 -0.244979 -0.639424 1.00
16.10 0.853378 -0.007234 0.542356 -0.244979 -0.639424 1.00
16.10 0.853378 -0.007234 0.542356 -0.244979 -0.639424 1.00
16.10 0.853378 -0.007234 0.542356 -0.244979 -0.639424 1.00
16.12 0.853378 -0.007234 0.542356 -0.244979 -0.639424 1.00
16.12 0.853378 -0.007234 0.542356 -0.244979 -0.639424 1.00
16.12 0.853378 -0.007234 0.542356 -0.244979 -0.639424 1.00
16.13 0.853378 -0.007234 0.542357 -0.244979 -0.639424 1.00
16.13 0.853378 -0.007234 0.542357 -0.244979 -0.639424 1.00
16.14 0.853378 -0.007234 0.542356 -0.244979 -0.639424 1.00
16.14 0.853378 -0.007234 0.542356 -0.244979 -0.639424 1.00
16.14 0.853378 -0.007234 0.542356 -0.244979 -0.639424 1.00
16.16 0.853378 -0.007234 0.542356 -0.244979 -0.639424 1.00
16.16 0.853378 -0.007234 0.542356 -0.244979 -0.639424 1.00
16.17 0.853378 -0.007234 0.542357 -0.244979 -0.639424 1.00
16.17 0.853378 -0.007234 0.542357 -0.244979 -0.639424 1.00
16.17 0.853378 -0.007234 0.542357 -0.244979 -0.639424 1.00
16.18 0.853378 -0.007234 0.542356 -0.244979 -0.639424 1.00
16.18 0.853378 -0.007234 0.542356 -0.244979 -0.639424 1.00
16.19 0.853378 -0.007234 0.542356 -0.244979 -0.639424 1.00
16.20 0.853378 -0.007234 0.542356 -0.244979 -0.639424 1.00
16.20 0.853378 -0.007234 0.542356 -0.244979 -0.639424 1.00
16.21 0.853378 -0.007234 0.542356 -0.244979 -0.639424 1.00
16.21 0.853378 -0.007234 0.542356 -0.244979 -0.639424 1.00
16.22 0.853378 -0.007234 0.542357 -0.244979 -0.639424 1.00
16.22 0.853378 -0.007234 0.542357 -0.244979 -0.639424 1.00
16.22 0.853378 -0.007234 0.542357 -0.244979 -0.639424 1.00
16.23 0.853378 -0.007234 0.542356 -0.244979 -0.639424 1.00
16.24 0.853378 -0.007234 0.542356 -0.244979 -0.639424 1.00
16.25 0.853378 -0.007234 0.542356 -0.244979 -0.639424 1.00
16.25 0.853378 -0.007234 0.542356 -0.244979 -0.639424 1.00
16.25 0.853378 -0.007234 0.542356 -0.244979 -0.639424 1.00
16.26 0.853378 -0.007234 0.542357 -0.244979 -0.639424 1.00
16.26 0.853378 -0.007234 0.542357 -0.244979 -0.639424 1.00
16.27 0.853378 -0.007234 0.542356 -0.244979 -0.639424 1.00
16.27 0.853378 -0.007234 0.542356 -0.244979 -0.639424 1.00
16.28 0.853378 -0.007234 0.542356 -0.244979 -0.639424 1.00
16.29 0.853378 -0.007234 0.542356 -0.244979 -0.639424 1.00
16.29 0.853378 -0.007234 0.542356 -0.244979 -0.639424 1.00
16.30 0.853378 -0.007234 0.542356 -0.244979 -0.639424 1.00
16.30 0.853378 -0.007234 0.542356 -0.244979 -0.639424 1.00
16.30 0.853378 -0.007234 0.542356 -0.244979 -0.639424 1.00
16.31 0.853378 -0.007234 0.542357 -0.244979 -0.639424 1.00
16.31 0.853378 -0.007234 0.542357 -0.244979 -0.639424 1.00
16.32 0.853378 -0.007234 0.542357 -0.244979 -0.639424 1.00
16.33 0.853378 -0.007234 0.542356 -0.244979 -0.639424 1.00
16.33 0.853378 -0.007234 0.542356 -0.244979 -0.639424 1.00
16.34 0.853378 -0.007234 0.542356 -0.244979 -0.639424 1.00
16.34 0.853378 -0.007234 0.542356 -0.244979 -0.639424 1.00
16.34 0.853378 -0.007234 0.542356 -0.244979 -0.639424 1.00
16.35 0.853378 -0.007234 0.542357 -0.244979 -0.639424 1.00
16.35 0.853378 -0.007234 0.542357 -0.244979 -0.639424 1.00
16.37 0.853378 -0.007234 0.542356 -0.244979 -0.639424 1.00
16.37 0.853378 -0.007234 0.542356 -0.244979 -0.639424 1.00
16.37 0.853378 -0.007234 0.542356 -0.244979 -0.639424 1.00
16.38 0.853378 -0.007234 0.542356 -0.244979 -0.639424 1.00
16.38 0.853378 -0.007234 0.542356 -0.244979 -0.639424 1.00
16.39 0.853378 -0.007234 0.542356 -0.244979 -0.639424 1.00
16.39 0.853378 -0.007234 0.542356 -0.244979 -0.639424 1.00
16.39 0.853378 -0.007234 0.542356 -0.244979 -0.639424 1.00
16.41 0.853378 -0.007234 0.542357 -0.244979 -0.639424 1.00
16.41 0.853378 -0.007234 0.542357 -0.244979 -0.639424 1.00
16.42 0.853378 -0.007234 0.542356 -0.244979 -0.639424 1.00
16.42 0.853378 -0.007234 0.542356 -0.244979 -0.639424 1.00
16.42 0.853378 -0.007234 0.542356 -0.244979 -0.639424 1.00
16.43 0.853378 -0.007234 0.542356 -0.244979 -0.639424 1.00
16.43 0.853378 -0.007234 0.542356 -0.244979 -0.639424 1.00
16.44 0.853378 -0.007234 0.542357 -0.244979 -0.639424 1.00
16.45 0.853378 -0.007234 0.542357 -0.244979 -0.639424 1.00
16.45 0.853378 -0.007234 0.542357 -0.244979 -0.639424 1.00
16.46 0.853378 -0.007234 0.542356 -0.244979 -0.639424 1.00
16.46 0.853378 -0.007234 0.542356 -0.244979 -0.639424 1.00
16.47 0.853378 -0.007234 0.542356 -0.244979 -0.639424 1.00
16.47 0.853378 -0.007234 0.542356 -0.244979 -0.639424 1.00
16.47 0.853378 -0.007234 0.542356 -0.244979 -0.639424 1.00
16.48 0.853378 -0.007234 0.542356 -0.244979 -0.639424 1.00
16.49 0.853378 -0.007234 0.542356 -0.244979 -0.639424 1.00
16.50 0.853378 -0.007234 0.542357 -0.244979 -0.639424 1.00
16.50 0.853378 -0.007234 0.542357 -0.244979 -0.639424 1.00
16.50 0.853378 -0.007234 0.542357 -0.244979 -0.639424 1.00
16.51 0.853378 -0.007234 0.542356 -0.244979 -0.639424 1.00
16.51 0.853378 -0.007234 0.542356 -0.244979 -0.639424 1.00
16.51 0.853378 -0.007234 0.542356 -0.244979 -0.639424 1.00
16.52 0.853378 -0.007234 0.542356 -0.244979 -0.639424 1.00
16.53 0.853378 -0.007234 0.542356 -0.244979 -0.639424 1.00
16.54 0.853378 -0.007234 0.542357 -0.244979 -0.639424 1.00
16.54 0.853378 -0.007234 0.542357 -0.244979 -0.639424 1.00
16.54 0.853378 -0.007234 0.542357 -0.244979 -0.639424 1.00
16.55 0.853378 -0.007234 0.542356 -0.244979 -0.639424 1.00
16.55 0.853378 -0.007234 0.542356 -0.244979 -0.639424 1.00
16.56 0.853378 -0.007234 0.542356 -0.244979 -0.639424 1.00
16.56 0.853378 -0.007234 0.542356 -0.244979 -0.639424 1.00
16.57 0.853378 -0.007234 0.542356 -0.244979 -0.639424 1.00
16.58 0.853378 -0.007234 0.542356 -0.244979 -0.639424 1.00
16.58 0.853378 -0.007234 0.542356 -0.244979 -0.639424 1.00
16.59 0.853378 -0.007234 0.542357 -0.244979 -0.639424 1.00
16.59 0.853378 -0.007234 0.542357 -0.244979 -0.639424 1.00
16.59 0.853378 -0.007234 0.542357 -0.244979 -0.639424 1.00
16.60 0.853378 -0.007234 0.542356 -0.244979 -0.639424 1.00
16.60 0.853378 -0.007234 0.542356 -0.244979 -0.639424 1.00
16.62 0.853378 -0.007234 0.542356 -0.244979 -0.639424 1.00
16.62 0.853378 -0.007234 0.542356 -0.244979 -0.639424 1.00
16.62 0.853378 -0.007234 0.542356 -0.244979 -0.639424 1.00
16.63 0.853378 -0.007234 0.542357 -0.244979 -0.639424 1.00
16.63 0.853378 -0.007234 0.542357 -0.244979 -0.639424 1.00
16.64 0.853378 -0.007234 0.542356 -0.244979 -0.639424 1.00
16.64 0.853378 -0.007234 0.542356 -0.244979 -0.639424 1.00
16.64 0.853378 -0.007234 0.542356 -0.244979 -0.639424 1.00
16.66 0.853378 -0.007234 0.542356 -0.244979 -0.639424 1.00
16.66 0.853378 -0.007234 0.542356 -0.244979 -0.639424 1.00
16.67 0.853378 -0.007234 0.542356 -0.244979 -0.639424 1.00
16.67 0.853378 -0.007234 0.542356 -0.244979 -0.639424 1.00
16.67 0.853378 -0.007234 0.542356 -0.244979 -0.639424 1.00
16.68 0.853378 -0.007234 0.542357 -0.244979 -0.639424 1.00
16.68 0.853378 -0.007234 0.542357 -0.244979 -0.639424 1.00
16.70 0.853378 -0.007234 0.542356 -0.244979 -0.639424 1.00
16.70 0.853378 -0.007234 0.542356 -0.244979 -0.639424 1.00
16.70 0.853378 -0.007234 0.542356 -0.244979 -0.639424 1.00
16.71 0.853378 -0.007234 0.542356 -0.244979 -0.639424 1.00
16.71 0.853378 -0.007234 0.542356 -0.244979 -0.639424 1.00
16.71 0.853378 -0.007234 0.542356 -0.244979 -0.639424 1.00
16.72 0.853378 -0.007234 0.542357 -0.244979 -0.639424 1.00
16.72 0.853378 -0.007234 0.542357 -0.244979 -0.639424 1.00
16.74 0.853378 -0.007234 0.542356 -0.244979 -0.639424 1.00
16.74 0.853378 -0.007234 0.542356 -0.244979 -0.639424 1.00
16.74 0.853378 -0.007234 0.542356 -0.244979 -0.639424 1.00
16.75 0.853378 -0.007234 0.542356 -0.244979 -0.639424 1.00
16.75 0.853378 -0.007234 0.542356 -0.244979 -0.639424 1.00
16.76 0.853378 -0.007234 0.542356 -0.244979 -0.639424 1.00
16.76 0.853378 -0.007234 0.542356 -0.244979 -0.639424 1.00
16.76 0.853378 -0.007234 0.542356 -0.244979 -0.639424 1.00
16.78 0.853378 -0.007234 0.542357 -0.244979 -0.639424 1.00
16.78 0.853378 -0.007234 0.542357 -0.244979 -0.639424 1.00
16.79 0.853378 -0.007234 0.542356 -0.244979 -0.639424 1.00
16.79 0.853378 -0.007234 0.542356 -0.244979 -0.639424 1.00
16.79 0.853378 -0.007234 0.542356 -0.244979 -0.639424 1.00
16.80 0.853378 -0.007234 0.542356 -0.244979 -0.639424 1.00
16.80 0.853378 -0.007234 0.542356 -0.244979 -0.639424 1.00
16.81 0.853378 -0.007234 0.542357 -0.244979 -0.639424 1.00
16.82 0.853378 -0.007234 0.542357 -0.244979 -0.639424 1.00
16.82 0.853378 -0.007234 0.542357 -0.244979 -0.639424 1.00
16.83 0.853378 -0.007234 0.542356 -0.244979 -0.639424 1.00
16.83 0.853378 -0.007234 0.542356 -0.244979 -0.639424 1.00
16.84 0.853378 -0.007234 0.542356 -0.244979 -0.639424 1.00
16.84 0.853378 -0.007234 0.542356 -0.244979 -0.639424 1.00
16.84 0.853378 -0.007234 0.542356 -0.244979 -0.639424 1.00
16.85 0.853378 -0.007234 0.542356 -0.244979 -0.639424 1.00
16.86 0.853378 -0.007234 0.542356 -0.244979 -0.639424 1.00
16.87 0.853378 -0.007234 0.542357 -0.244979 -0.639424 1.00
16.87 0.853378 -0.007234 0.542357 -0.244979 -0.639424 1.00
16.87 0.853378 -0.007234 0.542357 -0.244979 -0.639424 1.00
16.88 0.853378 -0.007234 0.542356 -0.244979 -0.639424 1.00
16.88 0.853378 -0.007234 0.542356 -0.244979 -0.639424 1.00
16.88 0.853378 -0.007234 0.542356 -0.244979 -0.639424 1.00
16.89 0.853378 -0.007234 0.542356 -0.244979 -0.639424 1.00
16.90 0.853378 -0.007234 0.542356 -0.244979 -0.639424 1.00
16.91 0.853378 -0.007234 0.542357 -0.244979 -0.639424 1.00
16.91 0.853378 -0.007234 0.542357 -0.244979 -0.639424 1.00
16.91 0.853378 -0.007234 0.542357 -0.244979 -0.639424 1.00
16.92 0.853378 -0.007234 0.542356 -0.244979 -0.639424 1.00
16.92 0.853378 -0.007234 0.542356 -0.244979 -0.639424 1.00
16.93 0.853378 -0.007234 0.542356 -0.244979 -0.639424 1.00
16.93 0.853378 -0.007234 0.542356 -0.244979 -0.639424 1.00
16.94 0.853378 -0.007234 0.542356 -0.244979 -0.639424 1.00
16.95 0.853378 -0.007234 0.542356 -0.244979 -0.639424 1.00
16.95 0.853378 -0.007234 0.542356 -0.244979 -0.639424 1.00
16.96 0.853378 -0.007234 0.542357 -0.244979 -0.639424 1.00
16.96 0.853378 -0.007234 0.542357 -0.244979 -0.639424 1.00
16.96 0.853378 -0.007234 0.542357 -0.244979 -0.639424 1.00
16.97 0.853378 -0.007234 0.542356 -0.244979 -0.639424 1.00
16.97 0.853378 -0.007234 0.542356 -0.244979 -0.639424 1.00
16.99 0.853378 -0.007234 0.542356 -0.244979 -0.639424 1.00
16.99 0.853378 -0.007234 0.542356 -0.244979 -0.639424 1.00
16.99 0.853378 -0.007234 0.542356 -0.244979 -0.639424 1.00
17.00 0.853378 -0.007234 0.542357 -0.244979 -0.639424 1.00
17.00 0.853378 -0.007234 0.542357 -0.244979 -0.639424 1.00
17.01 0.853378 -0.007234 0.542356 -0.244979 -0.639424 1.00
17.01 0.853378 -0.007234 0.542356 -0.244979 -0.639424 1.00
17.01 0.853378 -0.007234 0.542356 -0.244979 -0.639424 1.00
17.03 0.853378 -0.007234 0.542356 -0.244979 -0.639424 1.00
17.03 0.853378 -0.007234 0.542356 -0.244979 -0.639424 1.00
17.04 0.853378 -0.007234 0.542356 -0.244979 -0.639424 1.00
17.04 0.853378 -0.007234 0.542356 -0.244979 -0.639424 1.00
17.04 0.853378 -0.007234 0.542356 -0.244979 -0.639424 1.00
17.05 0.853378 -0.007234 0.542357 -0.244979 -0.639424 1.00
17.05 0.853378 -0.007234 0.542357 -0.244979 -0.639424 1.00
17.06 0.853378 -0.007234 0.542356 -0.244979 -0.639424 1.00
17.07 0.853378 -0.007234 0.542356 -0.244979 -0.639424 1.00
17.07 0.853378 -0.007234 0.542356 -0.244979 -0.639424 1.00
17.08 0.853378 -0.007234 0.542356 -0.244979 -0.639424 1.00
17.08 0.853378 -0.007234 0.542356 -0.244979 -0.639424 1.00
17.08 0.853378 -0.007234 0.542356 -0.244979 -0.639424 1.00
17.09 0.853378 -0.007234 0.542357 -0.244979 -0.639424 1.00
17.09 0.853378 -0.007234 0.542357 -0.244979 -0.639424 1.00
17.10 0.853378 -0.007234 0.542356 -0.244979 -0.639424 1.00
17.11 0.853378 -0.007234 0.542356 -0.244979 -0.639424 1.00
17.11 0.853378 -0.007234 0.542356 -0.244979 -0.639424 1.00
17.12 0.853378 -0.007234 0.542356 -0.244979 -0.639424 1.00
17.12 0.853378 -0.007234 0.542356 -0.244979 -0.639424 1.00
17.13 0.853378 -0.007234 0.542356 -0.244979 -0.639424 1.00
17.13 0.853378 -0.007234 0.542356 -0.244979 -0.639424 1.00
17.13 0.853378 -0.007234 0.542356 -0.244979 -0.639424 1.00
17.14 0.853378 -0.007234 0.542357 -0.244979 -0.639424 1.00
17.15 0.853378 -0.007234 0.542357 -0.244979 -0.639424 1.00
17.16 0.853378 -0.007234 0.542356 -0.244979 -0.639424 1.00
17.16 0.853378 -0.007234 0.542356 -0.244979 -0.639424 1.00
17.16 0.853378 -0.007234 0.542356 -0.244979 -0.639424 1.00
17.17 0.853378 -0.007234 0.542356 -0.244979 -0.639424 1.00
17.17 0.853378 -0.007234 0.542356 -0.244979 -0.639424 1.00
17.18 0.853378 -0.007234 0.542357 -0.244979 -0.639424 1.00
17.19 0.853378 -0.007234 0.542357 -0.244979 -0.639424 1.00
17.19 0.853378 -0.007234 0.542357 -0.244979 -0.639424 1.00
17.20 0.853378 -0.007234 0.542356 -0.244979 -0.639424 1.00
17.20 0.853378 -0.007234 0.542356 -0.244979 -0.639424 1.00
17.21 0.853378 -0.007234 0.542356 -0.244979 -0.639424 1.00
17.21 0.853378 -0.007234 0.542356 -0.244979 -0.639424 1.00
17.21 0.853378 -0.007234 0.542356 -0.244979 -0.639424 1.00
17.22 0.853378 -0.007234 0.542356 -0.244979 -0.639424 1.00
17.23 0.853378 -0.007234 0.542356 -0.244979 -0.639424 1.00
17.24 0.853378 -0.007234 0.542357 -0.244979 -0.639424 1.00
17.24 0.853378 -0.007234 0.542357 -0.244979 -0.639424 1.00
17.24 0.853378 -0.007234 0.542357 -0.244979 -0.639424 1.00
17.25 0.853378 -0.007234 0.542356 -0.244979 -0.639424 1.00
17.25 0.853378 -0.007234 0.542356 -0.244979 -0.639424 1.00
17.26 0.853378 -0.007234 0.542356 -0.244979 -0.639424 1.00
17.26 0.853378 -0.007234 0.542356 -0.244979 -0.639424 1.00
17.27 0.853378 -0.007234 0.542356 -0.244979 -0.639424 1.00
17.28 0.853378 -0.007234 0.542357 -0.244979 -0.639424 1.00
17.28 0.853378 -0.007234 0.542357 -0.244979 -0.639424 1.00
17.28 0.853378 -0.007234 0.542357 -0.244979 -0.639424 1.00
17.29 0.853378 -0.007234 0.542356 -0.244979 -0.639424 1.00
17.29 0.853378 -0.007234 0.542356 -0.244979 -0.639424 1.00
17.30 0.853378 -0.007234 0.542356 -0.244979 -0.639424 1.00
17.30 0.853378 -0.007234 0.542356 -0.244979 -0.639424 1.00
17.31 0.853378 -0.007234 0.542356 -0.244979 -0.639424 1.00
17.32 0.853378 -0.007234 0.542356 -0.244979 -0.639424 1.00
17.32 0.853378 -0.007234 0.542356 -0.244979 -0.639424 1.00
17.33 0.853378 -0.007234 0.542357 -0.244979 -0.639424 1.00
17.33 0.853378 -0.007234 0.542357 -0.244979 -0.639424 1.00
17.33 0.853378 -0.007234 0.542357 -0.244979 -0.639424 1.00
17.34 0.853378 -0.007234 0.542356 -0.244979 -0.639424 1.00
17.34 0.853378 -0.007234 0.542356 -0.244979 -0.639424 1.00
17.36 0.853378 -0.007234 0.542356 -0.244979 -0.639424 1.00
17.36 0.853378 -0.007234 0.542356 -0.244979 -0.639424 1.00
17.36 0.853378 -0.007234 0.542356 -0.244979 -0.639424 1.00
17.37 0.853378 -0.007234 0.542357 -0.244979 -0.639424 1.00
17.37 0.853378 -0.007234 0.542357 -0.244979 -0.639424 1.00
17.38 0.853378 -0.007234 0.542356 -0.244979 -0.639424 1.00
17.38 0.853378 -0.007234 0.542356 -0.244979 -0.639424 1.00
17.38 0.853378 -0.007234 0.542356 -0.244979 -0.639424 1.00
17.40 0.853378 -0.007234 0.542356 -0.244979 -0.639424 1.00
17.40 0.853378 -0.007234 0.542356 -0.244979 -0.639424 1.00
17.41 0.853378 -0.007234 0.542356 -0.244979 -0.639424 1.00
17.41 0.853378 -0.007234 0.542356 -0.244979 -0.639424 1.00
17.41 0.853378 -0.007234 0.542356 -0.244979 -0.639424 1.00
17.42 0.853378 -0.007234 0.542357 -0.244979 -0.639424 1.00
17.42 0.853378 -0.007234 0.542357 -0.244979 -0.639424 1.00
17.43 0.853378 -0.007234 0.542356 -0.244979 -0.639424 1.00
17.44 0.853378 -0.007234 0.542356 -0.244979 -0.639424 1.00
17.44 0.853378 -0.007234 0.542356 -0.244979 -0.639424 1.00
17.45 0.853378 -0.007234 0.542356 -0.244979 -0.639424 1.00
17.45 0.853378 -0.007234 0.542356 -0.244979 -0.639424 1.00
17.46 0.853378 -0.007234 0.542357 -0.244979 -0.639424 1.00
17.46 0.853378 -0.007234 0.542357 -0.244979 -0.639424 1.00
17.46 0.853378 -0.007234 0.542357 -0.244979 -0.639424 1.00
17.47 0.853378 -0.007234 0.542356 -0.244979 -0.639424 1.00
17.48 0.853378 -0.007234 0.542356 -0.244979 -0.639424 1.00
17.48 0.853378 -0.007234 0.542356 -0.244979 -0.639424 1.00
17.49 0.853378 -0.007234 0.542356 -0.244979 -0.639424 1.00
17.49 0.853378 -0.007234 0.542356 -0.244979 -0.639424 1.00
17.50 0.853378 -0.007234 0.542356 -0.244979 -0.639424 1.00
17.50 0.853378 -0.007234 0.542356 -0.244979 -0.639424 1.00
17.50 0.853378 -0.007234 0.542356 -0.244979 -0.639424 1.00
17.51 0.853378 -0.007234 0.542357 -0.244979 -0.639424 1.00
17.52 0.853378 -0.007234 0.542357 -0.244979 -0.639424 1.00
17.53 0.853378 -0.007234 0.542356 -0.244979 -0.639424 1.00
17.53 0.853378 -0.007234 0.542356 -0.244979 -0.639424 1.00
17.53 0.853378 -0.007234 0.542356 -0.244979 -0.639424 1.00
17.54 0.853378 -0.007234 0.542356 -0.244979 -0.639424 1.00
17.54 0.853378 -0.007234 0.542356 -0.244979 -0.639424 1.00
17.55 0.853378 -0.007234 0.542357 -0.244979 -0.639424 1.00
17.55 0.853378 -0.007234 0.542357 -0.244979 -0.639424 1.00
17.56 0.853378 -0.007234 0.542357 -0.244979 -0.639424 1.00
17.57 0.853378 -0.007234 0.542356 -0.244979 -0.639424 1.00
17.57 0.853378 -0.007234 0.542356 -0.244979 -0.639424 1.00
17.58 0.853378 -0.007234 0.542356 -0.244979 -0.639424 1.00
17.58 0.853378 -0.007234 0.542356 -0.244979 -0.639424 1.00
17.58 0.853378 -0.007234 0.542356 -0.244979 -0.639424 1.00
17.59 0.853378 -0.007234 0.542356 -0.244979 -0.639424 1.00
17.59 0.853378 -0.007234 0.542356 -0.244979 -0.639424 1.00
17.61 0.853378 -0.007234 0.542357 -0.244979 -0.639424 1.00
17.61 0.853378 -0.007234 0.542357 -0.244979 -0.639424 1.00
17.61 0.853378 -0.007234 0.542357 -0.244979 -0.639424 1.00
17.62 0.853378 -0.007234 0.542356 -0.244979 -0.639424 1.00
17.62 0.853378 -0.007234 0.542356 -0.244979 -0.639424 1.00
17.63 0.853378 -0.007234 0.542356 -0.244979 -0.639424 1.00
17.63 0.853378 -0.007234 0.542356 -0.244979 -0.639424 1.00
17.63 0.853378 -0.007234 0.542356 -0.244979 -0.639424 1.00
17.65 0.853378 -0.007234 0.542357 -0.244979 -0.639424 1.00
17.65 0.853378 -0.007234 0.542357 -0.244979 -0.639424 1.00
17.65 0.853378 -0.007234 0.542357 -0.244979 -0.639424 1.00
17.66 0.853378 -0.007234 0.542356 -0.244979 -0.639424 1.00
17.66 0.853378 -0.007234 0.542356 -0.244979 -0.639424 1.00
17.67 0.853378 -0.007234 0.542356 -0.244979 -0.639424 1.00
17.67 0.853378 -0.007234 0.542356 -0.244979 -0.639424 1.00
17.67 0.853378 -0.007234 0.542356 -0.244979 -0.639424 1.00
17.69 0.853378 -0.007234 0.542356 -0.244979 -0.639424 1.00
17.69 0.853378 -0.007234 0.542356 -0.244979 -0.639424 1.00
17.70 0.853378 -0.007234 0.542357 -0.244979 -0.639424 1.00
17.70 0.853378 -0.007234 0.542357 -0.244979 -0.639424 1.00
17.70 0.853378 -0.007234 0.542357 -0.244979 -0.639424 1.00
17.71 0.853378 -0.007234 0.542356 -0.244979 -0.639424 1.00
17.71 0.853378 -0.007234 0.542356 -0.244979 -0.639424 1.00
17.73 0.853378 -0.007234 0.542356 -0.244979 -0.639424 1.00
17.73 0.853378 -0.007234 0.542356 -0.244979 -0.639424 1.00
17.73 0.853378 -0.007234 0.542356 -0.244979 -0.639424 1.00
17.74 0.853378 -0.007234 0.542357 -0.244979 -0.639424 1.00
17.74 0.853378 -0.007234 0.542357 -0.244979 -0.639424 1.00
17.75 0.853378 -0.007234 0.542356 -0.244979 -0.639424 1.00
17.75 0.853378 -0.007234 0.542356 -0.244979 -0.639424 1.00
17.75 0.853378 -0.007234 0.542356 -0.244979 -0.639424 1.00
17.77 0.853378 -0.007234 0.542356 -0.244979 -0.639424 1.00
17.77 0.853378 -0.007234 0.542356 -0.244979 -0.639424 1.00
17.78 0.853378 -0.007234 0.542356 -0.244979 -0.639424 1.00
17.78 0.853378 -0.007234 0.542356 -0.244979 -0.639424 1.00
17.78 0.853378 -0.007234 0.542356 -0.244979 -0.639424 1.00
17.79 0.853378 -0.007234 0.542357 -0.244979 -0.639424 1.00
17.79 0.853378 -0.007234 0.542357 -0.244979 -0.639424 1.00
17.80 0.853378 -0.007234 0.542356 -0.244979 -0.639424 1.00
17.81 0.853378 -0.007234 0.542356 -0.244979 -0.639424 1.00
17.81 0.853378 -0.007234 0.542356 -0.244979 -0.639424 1.00
17.82 0.853378 -0.007234 0.542356 -0.244979 -0.639424 1.00
17.82 0.853378 -0.007234 0.542356 -0.244979 -0.639424 1.00
17.83 0.853378 -0.007234 0.542357 -0.244979 -0.639424 1.00
17.83 0.853378 -0.007234 0.542357 -0.244979 -0.639424 1.00
17.83 0.853378 -0.007234 0.542357 -0.244979 -0.639424 1.00
17.84 0.853378 -0.007234 0.542356 -0.244979 -0.639424 1.00
17.85 0.853378 -0.007234 0.542356 -0.244979 -0.639424 1.00
17.85 0.853378 -0.007234 0.542356 -0.244979 -0.639424 1.00
17.86 0.853378 -0.007234 0.542356 -0.244979 -0.639424 1.00
17.86 0.853378 -0.007234 0.542356 -0.244979 -0.639424 1.00
17.87 0.853378 -0.007234 0.542356 -0.244979 -0.639424 1.00
17.87 0.853378 -0.007234 0.542356 -0.244979 -0.639424 1.00
17.87 0.853378 -0.007234 0.542356 -0.244979 -0.639424 1.00
17.88 0.853378 -0.007234 0.542357 -0.244979 -0.639424 1.00
17.89 0.853378 -0.007234 0.542357 -0.244979 -0.639424 1.00
17.90 0.853378 -0.007234 0.542356 -0.244979 -0.639424 1.00
17.90 0.853378 -0.007234 0.542356 -0.244979 -0.639424 1.00
17.90 0.853378 -0.007234 0.542356 -0.244979 -0.639424 1.00
17.91 0.853378 -0.007234 0.542356 -0.244979 -0.639424 1.00
17.91 0.853378 -0.007234 0.542356 -0.244979 -0.639424 1.00
17.92 0.853378 -0.007234 0.542357 -0.244979 -0.639424 1.00
17.92 0.853378 -0.007234 0.542357 -0.244979 -0.639424 1.00
17.93 0.853378 -0.007234 0.542357 -0.244979 -0.639424 1.00
17.94 0.853378 -0.007234 0.542356 -0.244979 -0.639424 1.00
17.94 0.853378 -0.007234 0.542356 -0.244979 -0.639424 1.00
17.95 0.853378 -0.007234 0.542356 -0.244979 -0.639424 1.00
17.95 0.853378 -0.007234 0.542356 -0.244979 -0.639424 1.00
17.95 0.853378 -0.007234 0.542356 -0.244979 -0.639424 1.00
17.96 0.853378 -0.007234 0.542356 -0.244979 -0.639424 1.00
17.96 0.853378 -0.007234 0.542356 -0.244979 -0.639424 1.00
17.98 0.853378 -0.007234 0.542357 -0.244979 -0.639424 1.00
17.98 0.853378 -0.007234 0.542357 -0.244979 -0.639424 1.00
17.98 0.853378 -0.007234 0.542357 -0.244979 -0.639424 1.00
17.99 0.853378 -0.007234 0.542356 -0.244979 -0.639424 1.00
17.99 0.853378 -0.007234 0.542356 -0.244979 -0.639424 1.00
18.00 0.853378 -0.007234 0.542356 -0.244979 -0.639424 1.00
18.00 0.853378 -0.007234 0.542356 -0.244979 -0.639424 1.00
18.00 0.853378 -0.007234 0.542356 -0.244979 -0.639424 1.00
18.02 0.853378 -0.007234 0.542357 -0.244979 -0.639424 1.00
18.02 0.853378 -0.007234 0.542357 -0.244979 -0.639424 1.00
18.03 0.853378 -0.007234 0.542356 -0.244979 -0.639424 1.00
18.03 0.853378 -0.007234 0.542356 -0.244979 -0.639424 1.00
18.03 0.853378 -0.007234 0.542356 -0.244979 -0.639424 1.00
18.04 0.853378 -0.007234 0.542356 -0.244979 -0.639424 1.00
18.04 0.853378 -0.007234 0.542356 -0.244979 -0.639424 1.00
18.04 0.853378 -0.007234 0.542356 -0.244979 -0.639424 1.00
18.06 0.853378 -0.007234 0.542356 -0.244979 -0.639424 1.00
18.06 0.853378 -0.007234 0.542356 -0.244979 -0.639424 1.00
18.07 0.853378 -0.007234 0.542357 -0.244979 -0.639424 1.00
18.07 0.853378 -0.007234 0.542357 -0.244979 -0.639424 1.00
18.07 0.853378 -0.007234 0.542357 -0.244979 -0.639424 1.00
18.08 0.853378 -0.007234 0.542356 -0.244979 -0.639424 1.00
18.08 0.853378 -0.007234 0.542356 -0.244979 -0.639424 1.00
18.09 0.853378 -0.007234 0.542356 -0.244979 -0.639424 1.00
18.10 0.853378 -0.007234 0.542356 -0.244979 -0.639424 1.00
18.10 0.853378 -0.007234 0.542356 -0.244979 -0.639424 1.00
18.11 0.853378 -0.007234 0.542357 -0.244979 -0.639424 1.00
18.11 0.853378 -0.007234 0.542357 -0.244979 -0.639424 1.00
18.12 0.853378 -0.007234 0.542356 -0.244979 -0.639424 1.00
18.12 0.853378 -0.007234 0.542356 -0.244979 -0.639424 1.00
18.12 0.853378 -0.007234 0.542356 -0.244979 -0.639424 1.00
18.13 0.853378 -0.007234 0.542356 -0.244979 -0.639424 1.00
18.14 0.853378 -0.007234 0.542356 -0.244979 -0.639424 1.00
18.15 0.853378 -0.007234 0.542356 -0.244979 -0.639424 1.00
18.15 0.853378 -0.007234 0.542356 -0.244979 -0.639424 1.00
18.15 0.853378 -0.007234 0.542356 -0.244979 -0.639424 1.00
18.16 0.853378 -0.007234 0.542357 -0.244979 -0.639424 1.00
18.16 0.853378 -0.007234 0.542357 -0.244979 -0.639424 1.00
18.17 0.853378 -0.007234 0.542356 -0.244979 -0.639424 1.00
18.17 0.853378 -0.007234 0.542356 -0.244979 -0.639424 1.00
18.18 0.853378 -0.007234 0.542356 -0.244979 -0.639424 1.00
18.19 0.853378 -0.007234 0.542356 -0.244979 -0.639424 1.00
18.19 0.853378 -0.007234 0.542356 -0.244979 -0.639424 1.00
18.20 0.853378 -0.007234 0.542357 -0.244979 -0.639424 1.00
18.20 0.853378 -0.007234 0.542357 -0.244979 -0.639424 1.00
18.20 0.853378 -0.007234 0.542357 -0.244979 -0.639424 1.00
18.21 0.853378 -0.007234 0.542356 -0.244979 -0.639424 1.00
18.22 0.853378 -0.007234 0.542356 -0.244979 -0.639424 1.00
18.23 0.853378 -0.007234 0.542356 -0.244979 -0.639424 1.00
18.23 0.853378 -0.007234 0.542356 -0.244979 -0.639424 1.00
18.23 0.853378 -0.007234 0.542356 -0.244979 -0.639424 1.00
18.24 0.853378 -0.007234 0.542356 -0.244979 -0.639424 1.00
18.24 0.853378 -0.007234 0.542356 -0.244979 -0.639424 1.00
18.24 0.853378 -0.007234 0.542356 -0.244979 -0.639424 1.00
18.25 0.853378 -0.007234 0.542357 -0.244979 -0.639424 1.00
18.26 0.853378 -0.007234 0.542357 -0.244979 -0.639424 1.00
18.27 0.853378 -0.007234 0.542356 -0.244979 -0.639424 1.00
18.27 0.853378 -0.007234 0.542356 -0.244979 -0.639424 1.00
18.27 0.853378 -0.007234 0.542356 -0.244979 -0.639424 1.00
18.28 0.853378 -0.007234 0.542356 -0.244979 -0.639424 1.00
18.28 0.853378 -0.007234 0.542356 -0.244979 -0.639424 1.00
18.29 0.853378 -0.007234 0.542357 -0.244979 -0.639424 1.00
18.29 0.853378 -0.007234 0.542357 -0.244979 -0.639424 1.00
18.30 0.853378 -0.007234 0.542357 -0.244979 -0.639424 1.00
18.31 0.853378 -0.007234 0.542356 -0.244979 -0.639424 1.00
18.31 0.853378 -0.007234 0.542356 -0.244979 -0.639424 1.00
18.32 0.853378 -0.007234 0.542356 -0.244979 -0.639424 1.00
18.32 0.853378 -0.007234 0.542356 -0.244979 -0.639424 1.00
18.32 0.853378 -0.007234 0.542356 -0.244979 -0.639424 1.00
18.33 0.853378 -0.007234 0.542356 -0.244979 -0.639424 1.00
18.33 0.853378 -0.007234 0.542356 -0.244979 -0.639424 1.00
18.35 0.853378 -0.007234 0.542357 -0.244979 -0.639424 1.00
18.35 0.853378 -0.007234 0.542357 -0.244979 -0.639424 1.00
18.35 0.853378 -0.007234 0.542357 -0.244979 -0.639424 1.00
18.36 0.853378 -0.007234 0.542356 -0.244979 -0.639424 1.00
18.36 0.853378 -0.007234 0.542356 -0.244979 -0.639424 1.00
18.37 0.853378 -0.007234 0.542356 -0.244979 -0.639424 1.00
18.37 0.853378 -0.007234 0.542356 -0.244979 -0.639424 1.00
18.37 0.853378 -0.007234 0.542356 -0.244979 -0.639424 1.00
18.39 0.853378 -0.007234 0.542357 -0.244979 -0.639424 1.00
18.39 0.853378 -0.007234 0.542357 -0.244979 -0.639424 1.00
18.40 0.853378 -0.007234 0.542356 -0.244979 -0.639424 1.00
18.40 0.853378 -0.007234 0.542356 -0.244979 -0.639424 1.00
18.40 0.853378 -0.007234 0.542356 -0.244979 -0.639424 1.00
18.41 0.853378 -0.007234 0.542356 -0.244979 -0.639424 1.00
18.41 0.853378 -0.007234 0.542356 -0.244979 -0.639424 1.00
18.41 0.853378 -0.007234 0.542356 -0.244979 -0.639424 1.00
18.43 0.853378 -0.007234 0.542356 -0.244979 -0.639424 1.00
18.43 0.853378 -0.007234 0.542356 -0.244979 -0.639424 1.00
18.44 0.853378 -0.007234 0.542357 -0.244979 -0.639424 1.00
18.44 0.853378 -0.007234 0.542357 -0.244979 -0.639424 1.00
18.44 0.853378 -0.007234 0.542357 -0.244979 -0.639424 1.00
18.45 0.853378 -0.007234 0.542356 -0.244979 -0.639424 1.00
18.45 0.853378 -0.007234 0.542356 -0.244979 -0.639424 1.00
18.46 0.853378 -0.007234 0.542356 -0.244979 -0.639424 1.00
18.47 0.853378 -0.007234 0.542356 -0.244979 -0.639424 1.00
18.47 0.853378 -0.007234 0.542356 -0.244979 -0.639424 1.00
18.48 0.853378 -0.007234 0.542357 -0.244979 -0.639424 1.00
18.48 0.853378 -0.007234 0.542357 -0.244979 -0.639424 1.00
18.49 0.853378 -0.007234 0.542356 -0.244979 -0.639424 1.00
18.49 0.853378 -0.007234 0.542356 -0.244979 -0.639424 1.00
18.49 0.853378 -0.007234 0.542356 -0.244979 -0.639424 1.00
18.50 0.853378 -0.007234 0.542356 -0.244979 -0.639424 1.00
18.51 0.853378 -0.007234 0.542356 -0.244979 -0.639424 1.00
18.52 0.853378 -0.007234 0.542356 -0.244979 -0.639424 1.00
18.52 0.853378 -0.007234 0.542356 -0.244979 -0.639424 1.00
18.52 0.853378 -0.007234 0.542356 -0.244979 -0.639424 1.00
18.53 0.853378 -0.007234 0.542357 -0.244979 -0.639424 1.00
18.53 0.853378 -0.007234 0.542357 -0.244979 -0.639424 1.00
18.54 0.853378 -0.007234 0.542356 -0.244979 -0.639424 1.00
18.54 0.853378 -0.007234 0.542356 -0.244979 -0.639424 1.00
18.55 0.853378 -0.007234 0.542356 -0.244979 -0.639424 1.00
18.56 0.853378 -0.007234 0.542356 -0.244979 -0.639424 1.00
18.56 0.853378 -0.007234 0.542356 -0.244979 -0.639424 1.00
18.57 0.853378 -0.007234 0.542357 -0.244979 -0.639424 1.00
18.57 0.853378 -0.007234 0.542357 -0.244979 -0.639424 1.00
18.57 0.853378 -0.007234 0.542357 -0.244979 -0.639424 1.00
18.58 0.853378 -0.007234 0.542356 -0.244979 -0.639424 1.00
18.58 0.853378 -0.007234 0.542356 -0.244979 -0.639424 1.00
18.60 0.853378 -0.007234 0.542356 -0.244979 -0.639424 1.00
18.60 0.853378 -0.007234 0.542356 -0.244979 -0.639424 1.00
18.60 0.853378 -0.007234 0.542356 -0.244979 -0.639424 1.00
18.61 0.853378 -0.007234 0.542356 -0.244979 -0.639424 1.00
18.61 0.853378 -0.007234 0.542356 -0.244979 -0.639424 1.00
18.61 0.853378 -0.007234 0.542356 -0.244979 -0.639424 1.00
18.62 0.853378 -0.007234 0.542357 -0.244979 -0.639424 1.00
18.62 0.853378 -0.007234 0.542357 -0.244979 -0.639424 1.00
18.64 0.853378 -0.007234 0.542356 -0.244979 -0.639424 1.00
18.64 0.853378 -0.007234 0.542356 -0.244979 -0.639424 1.00
18.64 0.853378 -0.007234 0.542356 -0.244979 -0.639424 1.00
18.65 0.853378 -0.007234 0.542356 -0.244979 -0.639424 1.00
18.65 0.853378 -0.007234 0.542356 -0.244979 -0.639424 1.00
18.66 0.853378 -0.007234 0.542357 -0.244979 -0.639424 1.00
18.66 0.853378 -0.007234 0.542357 -0.244979 -0.639424 1.00
18.66 0.853378 -0.007234 0.542357 -0.244979 -0.639424 1.00
18.68 0.853378 -0.007234 0.542356 -0.244979 -0.639424 1.00
18.68 0.853378 -0.007234 0.542356 -0.244979 -0.639424 1.00
18.69 0.853378 -0.007234 0.542356 -0.244979 -0.639424 1.00
18.69 0.853378 -0.007234 0.542356 -0.244979 -0.639424 1.00
18.69 0.853378 -0.007234 0.542356 -0.244979 -0.639424 1.00
18.70 0.853378 -0.007234 0.542356 -0.244979 -0.639424 1.00
18.70 0.853378 -0.007234 0.542356 -0.244979 -0.639424 1.00
18.72 0.853378 -0.007234 0.542357 -0.244979 -0.639424 1.00
18.72 0.853378 -0.007234 0.542357 -0.244979 -0.639424 1.00
18.72 0.853378 -0.007234 0.542357 -0.244979 -0.639424 1.00
18.73 0.853378 -0.007234 0.542356 -0.244979 -0.639424 1.00
18.73 0.853378 -0.007234 0.542356 -0.244979 -0.639424 1.00
18.74 0.853378 -0.007234 0.542356 -0.244979 -0.639424 1.00
18.74 0.853378 -0.007234 0.542356 -0.244979 -0.639424 1.00
18.74 0.853378 -0.007234 0.542356 -0.244979 -0.639424 1.00
18.76 0.853378 -0.007234 0.542357 -0.244979 -0.639424 1.00
18.76 0.853378 -0.007234 0.542357 -0.244979 -0.639424 1.00
18.77 0.853378 -0.007234 0.542356 -0.244979 -0.639424 1.00
18.77 0.853378 -0.007234 0.542356 -0.244979 -0.639424 1.00
18.77 0.853378 -0.007234 0.542356 -0.244979 -0.639424 1.00
18.78 0.853378 -0.007234 0.542356 -0.244979 -0.639424 1.00
18.78 0.853378 -0.007234 0.542356 -0.244979 -0.639424 1.00
18.79 0.853378 -0.007234 0.542356 -0.244979 -0.639424 1.00
18.80 0.853378 -0.007234 0.542356 -0.244979 -0.639424 1.00
18.80 0.853378 -0.007234 0.542356 -0.244979 -0.639424 1.00
18.81 0.853378 -0.007234 0.542357 -0.244979 -0.639424 1.00
18.81 0.853378 -0.007234 0.542357 -0.244979 -0.639424 1.00
18.81 0.853378 -0.007234 0.542357 -0.244979 -0.639424 1.00
18.82 0.853378 -0.007234 0.542356 -0.244979 -0.639424 1.00
18.82 0.853378 -0.007234 0.542356 -0.244979 -0.639424 1.00
18.83 0.853378 -0.007234 0.542356 -0.244979 -0.639424 1.00
18.84 0.853378 -0.007234 0.542356 -0.244979 -0.639424 1.00
18.84 0.853378 -0.007234 0.542356 -0.244979 -0.639424 1.00
18.85 0.853378 -0.007234 0.542357 -0.244979 -0.639424 1.00
18.85 0.853378 -0.007234 0.542357 -0.244979 -0.639424 1.00
18.86 0.853378 -0.007234 0.542356 -0.244979 -0.639424 1.00
18.86 0.853378 -0.007234 0.542356 -0.244979 -0.639424 1.00
18.86 0.853378 -0.007234 0.542356 -0.244979 -0.639424 1.00
18.87 0.853378 -0.007234 0.542356 -0.244979 -0.639424 1.00
18.88 0.853378 -0.007234 0.542356 -0.244979 -0.639424 1.00
18.89 0.853378 -0.007234 0.542356 -0.244979 -0.639424 1.00
18.89 0.853378 -0.007234 0.542356 -0.244979 -0.639424 1.00
18.89 0.853378 -0.007234 0.542356 -0.244979 -0.639424 1.00
18.90 0.853378 -0.007234 0.542357 -0.244979 -0.639424 1.00
18.90 0.853378 -0.007234 0.542357 -0.244979 -0.639424 1.00
18.91 0.853378 -0.007234 0.542356 -0.244979 -0.639424 1.00
18.91 0.853378 -0.007234 0.542356 -0.244979 -0.639424 1.00
18.92 0.853378 -0.007234 0.542356 -0.244979 -0.639424 1.00
18.93 0.853378 -0.007234 0.542356 -0.244979 -0.639424 1.00
18.93 0.853378 -0.007234 0.542356 -0.244979 -0.639424 1.00
18.94 0.853378 -0.007234 0.542357 -0.244979 -0.639424 1.00
18.94 0.853378 -0.007234 0.542357 -0.244979 -0.639424 1.00
18.94 0.853378 -0.007234 0.542357 -0.244979 -0.639424 1.00
18.95 0.853378 -0.007234 0.542356 -0.244979 -0.639424 1.00
18.95 0.853378 -0.007234 0.542356 -0.244979 -0.639424 1.00
18.97 0.853378 -0.007234 0.542356 -0.244979 -0.639424 1.00
18.97 0.853378 -0.007234 0.542356 -0.244979 -0.639424 1.00
18.97 0.853378 -0.007234 0.542356 -0.244979 -0.639424 1.00
18.98 0.853378 -0.007234 0.542356 -0.244979 -0.639424 1.00
18.98 0.853378 -0.007234 0.542356 -0.244979 -0.639424 1.00
18.98 0.853378 -0.007234 0.542356 -0.244979 -0.639424 1.00
18.99 0.853378 -0.007234 0.542357 -0.244979 -0.639424 1.00
18.99 0.853378 -0.007234 0.542357 -0.244979 -0.639424 1.00
19.01 0.853378 -0.007234 0.542356 -0.244979 -0.639424 1.00
19.01 0.853378 -0.007234 0.542356 -0.244979 -0.639424 1.00
19.01 0.853378 -0.007234 0.542356 -0.244979 -0.639424 1.00
19.02 0.853378 -0.007234 0.542356 -0.244979 -0.639424 1.00
19.02 0.853378 -0.007234 0.542356 -0.244979 -0.639424 1.00
19.03 0.853378 -0.007234 0.542357 -0.244979 -0.639424 1.00
19.03 0.853378 -0.007234 0.542357 -0.244979 -0.639424 1.00
19.03 0.853378 -0.007234 0.542357 -0.244979 -0.639424 1.00
19.05 0.853378 -0.007234 0.542356 -0.244979 -0.639424 1.00
19.05 0.853378 -0.007234 0.542356 -0.244979 -0.639424 1.00
19.06 0.853378 -0.007234 0.542356 -0.244979 -0.639424 1.00
19.06 0.853378 -0.007234 0.542356 -0.244979 -0.639424 1.00
19.06 0.853378 -0.007234 0.542356 -0.244979 -0.639424 1.00
19.07 0.853378 -0.007234 0.542356 -0.244979 -0.639424 1.00
19.07 0.853378 -0.007234 0.542356 -0.244979 -0.639424 1.00
19.08 0.853378 -0.007234 0.542357 -0.244979 -0.639424 1.00
19.09 0.853378 -0.007234 0.542357 -0.244979 -0.639424 1.00
19.09 0.853378 -0.007234 0.542357 -0.244979 -0.639424 1.00
19.10 0.853378 -0.007234 0.542356 -0.244979 -0.639424 1.00
19.10 0.853378 -0.007234 0.542356 -0.244979 -0.639424 1.00
19.11 0.853378 -0.007234 0.542356 -0.244979 -0.639424 1.00
19.11 0.853378 -0.007234 0.542356 -0.244979 -0.639424 1.00
19.11 0.853378 -0.007234 0.542356 -0.244979 -0.639424 1.00
19.12 0.853378 -0.007234 0.542357 -0.244979 -0.639424 1.00
19.13 0.853378 -0.007234 0.542357 -0.244979 -0.639424 1.00
19.14 0.853378 -0.007234 0.542356 -0.244979 -0.639424 1.00
19.14 0.853378 -0.007234 0.542356 -0.244979 -0.639424 1.00
19.14 0.853378 -0.007234 0.542356 -0.244979 -0.639424 1.00
19.15 0.853378 -0.007234 0.542356 -0.244979 -0.639424 1.00
19.15 0.853378 -0.007234 0.542356 -0.244979 -0.639424 1.00
19.16 0.853378 -0.007234 0.542356 -0.244979 -0.639424 1.00
19.17 0.853378 -0.007234 0.542356 -0.244979 -0.639424 1.00
19.17 0.853378 -0.007234 0.542356 -0.244979 -0.639424 1.00
19.18 0.853378 -0.007234 0.542357 -0.244979 -0.639424 1.00
19.18 0.853378 -0.007234 0.542357 -0.244979 -0.639424 1.00
19.18 0.853378 -0.007234 0.542357 -0.244979 -0.639424 1.00
19.19 0.853378 -0.007234 0.542356 -0.244979 -0.639424 1.00
19.19 0.853378 -0.007234 0.542356 -0.244979 -0.639424 1.00
19.20 0.853378 -0.007234 0.542356 -0.244979 -0.639424 1.00
19.21 0.853378 -0.007234 0.542356 -0.244979 -0.639424 1.00
19.21 0.853378 -0.007234 0.542356 -0.244979 -0.639424 1.00
19.22 0.853378 -0.007234 0.542357 -0.244979 -0.639424 1.00
19.22 0.853378 -0.007234 0.542357 -0.244979 -0.639424 1.00
19.23 0.853378 -0.007234 0.542356 -0.244979 -0.639424 1.00
19.23 0.853378 -0.007234 0.542356 -0.244979 -0.639424 1.00
19.23 0.853378 -0.007234 0.542356 -0.244979 -0.639424 1.00
19.24 0.853378 -0.007234 0.542356 -0.244979 -0.639424 1.00
19.25 0.853378 -0.007234 0.542356 -0.244979 -0.639424 1.00
19.26 0.853378 -0.007234 0.542356 -0.244979 -0.639424 1.00
19.26 0.853378 -0.007234 0.542356 -0.244979 -0.639424 1.00
19.26 0.853378 -0.007234 0.542356 -0.244979 -0.639424 1.00
19.27 0.853378 -0.007234 0.542357 -0.244979 -0.639424 1.00
19.27 0.853378 -0.007234 0.542357 -0.244979 -0.639424 1.00
19.28 0.853378 -0.007234 0.542356 -0.244979 -0.639424 1.00
19.28 0.853378 -0.007234 0.542356 -0.244979 -0.639424 1.00
19.29 0.853378 -0.007234 0.542356 -0.244979 -0.639424 1.00
19.30 0.853378 -0.007234 0.542356 -0.244979 -0.639424 1.00
19.30 0.853378 -0.007234 0.542356 -0.244979 -0.639424 1.00
19.31 0.853378 -0.007234 0.542357 -0.244979 -0.639424 1.00
19.31 0.853378 -0.007234 0.542357 -0.244979 -0.639424 1.00
19.31 0.853378 -0.007234 0.542357 -0.244979 -0.639424 1.00
19.32 0.853378 -0.007234 0.542356 -0.244979 -0.639424 1.00
19.32 0.853378 -0.007234 0.542356 -0.244979 -0.639424 1.00
19.34 0.853378 -0.007234 0.542356 -0.244979 -0.639424 1.00
19.34 0.853378 -0.007234 0.542356 -0.244979 -0.639424 1.00
19.34 0.853378 -0.007234 0.542356 -0.244979 -0.639424 1.00
19.35 0.853378 -0.007234 0.542356 -0.244979 -0.639424 1.00
19.35 0.853378 -0.007234 0.542356 -0.244979 -0.639424 1.00
19.36 0.853378 -0.007234 0.542357 -0.244979 -0.639424 1.00
19.36 0.853378 -0.007234 0.542357 -0.244979 -0.639424 1.00
19.36 0.853378 -0.007234 0.542357 -0.244979 -0.639424 1.00
19.38 0.853378 -0.007234 0.542356 -0.244979 -0.639424 1.00
19.38 0.853378 -0.007234 0.542356 -0.244979 -0.639424 1.00
19.38 0.853378 -0.007234 0.542356 -0.244979 -0.639424 1.00
19.39 0.853378 -0.007234 0.542356 -0.244979 -0.639424 1.00
19.39 0.853378 -0.007234 0.542356 -0.244979 -0.639424 1.00
19.40 0.853378 -0.007234 0.542357 -0.244979 -0.639424 1.00
19.40 0.853378 -0.007234 0.542357 -0.244979 -0.639424 1.00
19.40 0.853378 -0.007234 0.542357 -0.244979 -0.639424 1.00
19.42 0.853378 -0.007234 0.542356 -0.244979 -0.639424 1.00
19.42 0.853378 -0.007234 0.542356 -0.244979 -0.639424 1.00
19.43 0.853378 -0.007234 0.542356 -0.244979 -0.639424 1.00
19.43 0.853378 -0.007234 0.542356 -0.244979 -0.639424 1.00
19.43 0.853378 -0.007234 0.542356 -0.244979 -0.639424 1.00
19.44 0.853378 -0.007234 0.542356 -0.244979 -0.639424 1.00
19.44 0.853378 -0.007234 0.542356 -0.244979 -0.639424 1.00
19.45 0.853378 -0.007234 0.542357 -0.244979 -0.639424 1.00
19.46 0.853378 -0.007234 0.542357 -0.244979 -0.639424 1.00
19.46 0.853378 -0.007234 0.542357 -0.244979 -0.639424 1.00
19.47 0.853378 -0.007234 0.542356 -0.244979 -0.639424 1.00
19.47 0.853378 -0.007234 0.542356 -0.244979 -0.639424 1.00
19.48 0.853378 -0.007234 0.542356 -0.244979 -0.639424 1.00
19.48 0.853378 -0.007234 0.542356 -0.244979 -0.639424 1.00
19.48 0.853378 -0.007234 0.542356 -0.244979 -0.639424 1.00
19.49 0.853378 -0.007234 0.542357 -0.244979 -0.639424 1.00
19.50 0.853378 -0.007234 0.542357 -0.244979 -0.639424 1.00
19.51 0.853378 -0.007234 0.542356 -0.244979 -0.639424 1.00
19.51 0.853378 -0.007234 0.542356 -0.244979 -0.639424 1.00
19.51 0.853378 -0.007234 0.542356 -0.244979 -0.639424 1.00
19.52 0.853378 -0.007234 0.542356 -0.244979 -0.639424 1.00
19.52 0.853378 -0.007234 0.542356 -0.244979 -0.639424 1.00
19.53 0.853378 -0.007234 0.542356 -0.244979 -0.639424 1.00
19.53 0.853378 -0.007234 0.542356 -0.244979 -0.639424 1.00
19.54 0.853378 -0.007234 0.542356 -0.244979 -0.639424 1.00
19.55 0.853378 -0.007234 0.542357 -0.244979 -0.639424 1.00
19.55 0.853378 -0.007234 0.542357 -0.244979 -0.639424 1.00
19.56 0.853378 -0.007234 0.542356 -0.244979 -0.639424 1.00
19.56 0.853378 -0.007234 0.542356 -0.244979 -0.639424 1.00
19.56 0.853378 -0.007234 0.542356 -0.244979 -0.639424 1.00
19.57 0.853378 -0.007234 0.542356 -0.244979 -0.639424 1.00
19.57 0.853378 -0.007234 0.542356 -0.244979 -0.639424 1.00
19.58 0.853378 -0.007234 0.542356 -0.244979 -0.639424 1.00
19.59 0.853378 -0.007234 0.542357 -0.244979 -0.639424 1.00
19.59 0.853378 -0.007234 0.542357 -0.244979 -0.639424 1.00
19.60 0.853378 -0.007234 0.542356 -0.244979 -0.639424 1.00
19.60 0.853378 -0.007234 0.542356 -0.244979 -0.639424 1.00
19.60 0.853378 -0.007234 0.542356 -0.244979 -0.639424 1.00
19.61 0.853378 -0.007234 0.542356 -0.244979 -0.639424 1.00
19.61 0.853378 -0.007234 0.542356 -0.244979 -0.639424 1.00
19.63 0.853378 -0.007234 0.542356 -0.244979 -0.639424 1.00
19.63 0.853378 -0.007234 0.542356 -0.244979 -0.639424 1.00
19.63 0.853378 -0.007234 0.542356 -0.244979 -0.639424 1.00
19.64 0.853378 -0.007234 0.542357 -0.244979 -0.639424 1.00
19.64 0.853378 -0.007234 0.542357 -0.244979 -0.639424 1.00
19.65 0.853378 -0.007234 0.542356 -0.244979 -0.639424 1.00
19.65 0.853378 -0.007234 0.542356 -0.244979 -0.639424 1.00
19.65 0.853378 -0.007234 0.542356 -0.244979 -0.639424 1.00
19.67 0.853378 -0.007234 0.542356 -0.244979 -0.639424 1.00
19.67 0.853378 -0.007234 0.542356 -0.244979 -0.639424 1.00
19.68 0.853378 -0.007234 0.542357 -0.244979 -0.639424 1.00
19.68 0.853378 -0.007234 0.542357 -0.244979 -0.639424 1.00
19.68 0.853378 -0.007234 0.542357 -0.244979 -0.639424 1.00
19.69 0.853378 -0.007234 0.542356 -0.244979 -0.639424 1.00
19.69 0.853378 -0.007234 0.542356 -0.244979 -0.639424 1.00
19.71 0.853378 -0.007234 0.542356 -0.244979 -0.639424 1.00
19.71 0.853378 -0.007234 0.542356 -0.244979 -0.639424 1.00
19.71 0.853378 -0.007234 0.542356 -0.244979 -0.639424 1.00
19.72 0.853378 -0.007234 0.542356 -0.244979 -0.639424 1.00
19.72 0.853378 -0.007234 0.542356 -0.244979 -0.639424 1.00
19.73 0.853378 -0.007234 0.542357 -0.244979 -0.639424 1.00
19.73 0.853378 -0.007234 0.542357 -0.244979 -0.639424 1.00
19.73 0.853378 -0.007234 0.542357 -0.244979 -0.639424 1.00
19.75 0.853378 -0.007234 0.542356 -0.244979 -0.639424 1.00
19.75 0.853378 -0.007234 0.542356 -0.244979 -0.639424 1.00
19.75 0.853378 -0.007234 0.542356 -0.244979 -0.639424 1.00
19.76 0.853378 -0.007234 0.542356 -0.244979 -0.639424 1.00
19.76 0.853378 -0.007234 0.542356 -0.244979 -0.639424 1.00
19.77 0.853378 -0.007234 0.542357 -0.244979 -0.639424 1.00
19.77 0.853378 -0.007234 0.542357 -0.244979 -0.639424 1.00
19.77 0.853378 -0.007234 0.542357 -0.244979 -0.639424 1.00
19.79 0.853378 -0.007234 0.542356 -0.244979 -0.639424 1.00
19.79 0.853378 -0.007234 0.542356 -0.244979 -0.639424 1.00
19.80 0.853378 -0.007234 0.542356 -0.244979 -0.639424 1.00
19.80 0.853378 -0.007234 0.542356 -0.244979 -0.639424 1.00
19.80 0.853378 -0.007234 0.542356 -0.244979 -0.639424 1.00
19.81 0.853378 -0.007234 0.542356 -0.244979 -0.639424 1.00
19.81 0.853378 -0.007234 0.542356 -0.244979 -0.639424 1.00
19.82 0.853378 -0.007234 0.542357 -0.244979 -0.639424 1.00
19.83 0.853378 -0.007234 0.542357 -0.244979 -0.639424 1.00
19.83 0.853378 -0.007234 0.542357 -0.244979 -0.639424 1.00
19.84 0.853378 -0.007234 0.542356 -0.244979 -0.639424 1.00
19.84 0.853378 -0.007234 0.542356 -0.244979 -0.639424 1.00
19.85 0.853378 -0.007234 0.542356 -0.244979 -0.639424 1.00
19.85 0.853378 -0.007234 0.542356 -0.244979 -0.639424 1.00
19.85 0.853378 -0.007234 0.542356 -0.244979 -0.639424 1.00
19.86 0.853378 -0.007234 0.542357 -0.244979 -0.639424 1.00
19.87 0.853378 -0.007234 0.542357 -0.244979 -0.639424 1.00
19.88 0.853378 -0.007234 0.542356 -0.244979 -0.639424 1.00
19.88 0.853378 -0.007234 0.542356 -0.244979 -0.639424 1.00
19.88 0.853378 -0.007234 0.542356 -0.244979 -0.639424 1.00
19.89 0.853378 -0.007234 0.542356 -0.244979 -0.639424 1.00
19.89 0.853378 -0.007234 0.542356 -0.244979 -0.639424 1.00
19.90 0.853378 -0.007234 0.542356 -0.244979 -0.639424 1.00
19.90 0.853378 -0.007234 0.542356 -0.244979 -0.639424 1.00
19.91 0.853378 -0.007234 0.542356 -0.244979 -0.639424 1.00
19.92 0.853378 -0.007234 0.542357 -0.244979 -0.639424 1.00
19.92 0.853378 -0.007234 0.542357 -0.244979 -0.639424 1.00
19.93 0.853378 -0.007234 0.542356 -0.244979 -0.639424 1.00
19.93 0.853378 -0.007234 0.542356 -0.244979 -0.639424 1.00
19.93 0.853378 -0.007234 0.542356 -0.244979 -0.639424 1.00
19.94 0.853378 -0.007234 0.542356 -0.244979 -0.639424 1.00
19.94 0.853378 -0.007234 0.542356 -0.244979 -0.639424 1.00
19.95 0.853378 -0.007234 0.542356 -0.244979 -0.639424 1.00
19.96 0.853378 -0.007234 0.542357 -0.244979 -0.639424 1.00
19.96 0.853378 -0.007234 0.542357 -0.244979 -0.639424 1.00
19.97 0.853378 -0.007234 0.542356 -0.244979 -0.639424 1.00
19.97 0.853378 -0.007234 0.542356 -0.244979 -0.639424 1.00
19.97 0.853378 -0.007234 0.542356 -0.244979 -0.639424 1.00
19.98 0.853378 -0.007234 0.542356 -0.244979 -0.639424 1.00
19.98 0.853378 -0.007234 0.542356 -0.244979 -0.639424 1.00
20.00 0.853378 -0.007234 0.542356 -0.244979 -0.639424 1.00
20.00 0.853378 -0.007234 0.542356 -0.244979 -0.639424 1.00
20.00 0.853378 -0.007234 0.542356 -0.244979 -0.639424 1.00
20.01 0.853378 -0.007234 0.542357 -0.244979 -0.639424 1.00
20.01 0.853378 -0.007234 0.542357 -0.244979 -0.639424 1.00
20.02 0.853378 -0.007234 0.542356 -0.244979 -0.639424 1.00
20.02 0.853378 -0.007234 0.542356 -0.244979 -0.639424 1.00
20.02 0.853378 -0.007234 0.542356 -0.244979 -0.639424 1.00
20.04 0.853378 -0.007234 0.542356 -0.244979 -0.639424 1.00
20.04 0.853378 -0.007234 0.542356 -0.244979 -0.639424 1.00
20.05 0.853378 -0.007234 0.542357 -0.244979 -0.639424 1.00
20.05 0.853378 -0.007234 0.542357 -0.244979 -0.639424 1.00
20.05 0.853378 -0.007234 0.542357 -0.244979 -0.639424 1.00
20.06 0.853378 -0.007234 0.542356 -0.244979 -0.639424 1.00
20.06 0.853378 -0.007234 0.542356 -0.244979 -0.639424 1.00
20.07 0.853378 -0.007234 0.542356 -0.244979 -0.639424 1.00
20.08 0.853378 -0.007234 0.542356 -0.244979 -0.639424 1.00
20.08 0.853378 -0.007234 0.542356 -0.244979 -0.639424 1.00
20.09 0.853378 -0.007234 0.542356 -0.244979 -0.639424 1.00
20.09 0.853378 -0.007234 0.542356 -0.244979 -0.639424 1.00
20.10 0.853378 -0.007234 0.542357 -0.244979 -0.639424 1.00
20.10 0.853378 -0.007234 0.542357 -0.244979 -0.639424 1.00
20.10 0.853378 -0.007234 0.542357 -0.244979 -0.639424 1.00
20.11 0.853378 -0.007234 0.542356 -0.244979 -0.639424 1.00
20.12 0.853378 -0.007234 0.542356 -0.244979 -0.639424 1.00
20.13 0.853378 -0.007234 0.542356 -0.244979 -0.639424 1.00
20.13 0.853378 -0.007234 0.542356 -0.244979 -0.639424 1.00
20.13 0.853378 -0.007234 0.542356 -0.244979 -0.639424 1.00
20.14 0.853378 -0.007234 0.542357 -0.244979 -0.639424 1.00
20.14 0.853378 -0.007234 0.542357 -0.244979 -0.639424 1.00
20.14 0.853378 -0.007234 0.542357 -0.244979 -0.639424 1.00
20.15 0.853378 -0.007234 0.542356 -0.244979 -0.639424 1.00
20.16 0.853378 -0.007234 0.542356 -0.244979 -0.639424 1.00
20.17 0.853378 -0.007234 0.542356 -0.244979 -0.639424 1.00
20.17 0.853378 -0.007234 0.542356 -0.244979 -0.639424 1.00
20.17 0.853378 -0.007234 0.542356 -0.244979 -0.639424 1.00
20.18 0.853378 -0.007234 0.542356 -0.244979 -0.639424 1.00
20.18 0.853378 -0.007234 0.542356 -0.244979 -0.639424 1.00
20.19 0.853378 -0.007234 0.542357 -0.244979 -0.639424 1.00
20.19 0.853378 -0.007234 0.542357 -0.244979 -0.639424 1.00
20.20 0.853378 -0.007234 0.542357 -0.244979 -0.639424 1.00
20.21 0.853378 -0.007234 0.542356 -0.244979 -0.639424 1.00
20.21 0.853378 -0.007234 0.542356 -0.244979 -0.639424 1.00
20.22 0.853378 -0.007234 0.542356 -0.244979 -0.639424 1.00
20.22 0.853378 -0.007234 0.542356 -0.244979 -0.639424 1.00
20.22 0.853378 -0.007234 0.542356 -0.244979 -0.639424 1.00
20.23 0.853378 -0.007234 0.542357 -0.244979 -0.639424 1.00
20.24 0.853378 -0.007234 0.542357 -0.244979 -0.639424 1.00
20.25 0.853378 -0.007234 0.542356 -0.244979 -0.639424 1.00
20.25 0.853378 -0.007234 0.542356 -0.244979 -0.639424 1.00
20.25 0.853378 -0.007234 0.542356 -0.244979 -0.639424 1.00
20.26 0.853378 -0.007234 0.542356 -0.244979 -0.639424 1.00
20.26 0.853378 -0.007234 0.542356 -0.244979 -0.639424 1.00
20.27 0.853378 -0.007234 0.542356 -0.244979 -0.639424 1.00
20.27 0.853378 -0.007234 0.542356 -0.244979 -0.639424 1.00
20.28 0.853378 -0.007234 0.542356 -0.244979 -0.639424 1.00
20.29 0.853378 -0.007234 0.542357 -0.244979 -0.639424 1.00
20.29 0.853378 -0.007234 0.542357 -0.244979 -0.639424 1.00
20.30 0.853378 -0.007234 0.542356 -0.244979 -0.639424 1.00
20.30 0.853378 -0.007234 0.542356 -0.244979 -0.639424 1.00
20.30 0.853378 -0.007234 0.542356 -0.244979 -0.639424 1.00
20.31 0.853378 -0.007234 0.542356 -0.244979 -0.639424 1.00
20.31 0.853378 -0.007234 0.542356 -0.244979 -0.639424 1.00
20.32 0.853378 -0.007234 0.542356 -0.244979 -0.639424 1.00
20.33 0.853378 -0.007234 0.542357 -0.244979 -0.639424 1.00
20.33 0.853378 -0.007234 0.542357 -0.244979 -0.639424 1.00
20.34 0.853378 -0.007234 0.542356 -0.244979 -0.639424 1.00
20.34 0.853378 -0.007234 0.542356 -0.244979 -0.639424 1.00
20.34 0.853378 -0.007234 0.542356 -0.244979 -0.639424 1.00
20.35 0.853378 -0.007234 0.542356 -0.244979 -0.639424 1.00
20.35 0.853378 -0.007234 0.542356 -0.244979 -0.639424 1.00
20.37 0.853378 -0.007234 0.542356 -0.244979 -0.639424 1.00
20.37 0.853378 -0.007234 0.542356 -0.244979 -0.639424 1.00
20.37 0.853378 -0.007234 0.542356 -0.244979 -0.639424 1.00
20.38 0.853378 -0.007234 0.542357 -0.244979 -0.639424 1.00
20.38 0.853378 -0.007234 0.542357 -0.244979 -0.639424 1.00
20.39 0.853378 -0.007234 0.542356 -0.244979 -0.639424 1.00
20.39 0.853378 -0.007234 0.542356 -0.244979 -0.639424 1.00
20.39 0.853378 -0.007234 0.542356 -0.244979 -0.639424 1.00
20.41 0.853378 -0.007234 0.542356 -0.244979 -0.639424 1.00
20.41 0.853378 -0.007234 0.542356 -0.244979 -0.639424 1.00
20.42 0.853378 -0.007234 0.542357 -0.244979 -0.639424 1.00
20.42 0.853378 -0.007234 0.542357 -0.244979 -0.639424 1.00
20.42 0.853378 -0.007234 0.542357 -0.244979 -0.639424 1.00
20.43 0.853378 -0.007234 0.542356 -0.244979 -0.639424 1.00
20.43 0.853378 -0.007234 0.542356 -0.244979 -0.639424 1.00
20.44 0.853378 -0.007234 0.542356 -0.244979 -0.639424 1.00
20.45 0.853378 -0.007234 0.542356 -0.244979 -0.639424 1.00
20.45 0.853378 -0.007234 0.542356 -0.244979 -0.639424 1.00
20.46 0.853378 -0.007234 0.542356 -0.244979 -0.639424 1.00
20.46 0.853378 -0.007234 0.542356 -0.244979 -0.639424 1.00
20.47 0.853378 -0.007234 0.542357 -0.244979 -0.639424 1.00
20.47 0.853378 -0.007234 0.542357 -0.244979 -0.639424 1.00
20.47 0.853378 -0.007234 0.542357 -0.244979 -0.639424 1.00
20.48 0.853378 -0.007234 0.542356 -0.244979 -0.639424 1.00
20.49 0.853378 -0.007234 0.542356 -0.244979 -0.639424 1.00
20.50 0.853378 -0.007234 0.542356 -0.244979 -0.639424 1.00
20.50 0.853378 -0.007234 0.542356 -0.244979 -0.639424 1.00
20.50 0.853378 -0.007234 0.542356 -0.244979 -0.639424 1.00
20.51 0.853378 -0.007234 0.542357 -0.244979 -0.639424 1.00
20.51 0.853378 -0.007234 0.542357 -0.244979 -0.639424 1.00
20.51 0.853378 -0.007234 0.542357 -0.244979 -0.639424 1.00
20.52 0.853378 -0.007234 0.542356 -0.244979 -0.639424 1.00
20.53 0.853378 -0.007234 0.542356 -0.244979 -0.639424 1.00
20.54 0.853378 -0.007234 0.542356 -0.244979 -0.639424 1.00
20.54 0.853378 -0.007234 0.542356 -0.244979 -0.639424 1.00
20.54 0.853378 -0.007234 0.542356 -0.244979 -0.639424 1.00
20.55 0.853378 -0.007234 0.542356 -0.244979 -0.639424 1.00
20.55 0.853378 -0.007234 0.542356 -0.244979 -0.639424 1.00
20.56 0.853378 -0.007234 0.542357 -0.244979 -0.639424 1.00
20.56 0.853378 -0.007234 0.542357 -0.244979 -0.639424 1.00
20.57 0.853378 -0.007234 0.542357 -0.244979 -0.639424 1.00
20.58 0.853378 -0.007234 0.542356 -0.244979 -0.639424 1.00
20.58 0.853378 -0.007234 0.542356 -0.244979 -0.639424 1.00
20.59 0.853378 -0.007234 0.542356 -0.244979 -0.639424 1.00
20.59 0.853378 -0.007234 0.542356 -0.244979 -0.639424 1.00
20.59 0.853378 -0.007234 0.542356 -0.244979 -0.639424 1.00
20.60 0.853378 -0.007234 0.542357 -0.244979 -0.639424 1.00
20.60 0.853378 -0.007234 0.542357 -0.244979 -0.639424 1.00
20.62 0.853378 -0.007234 0.542356 -0.244979 -0.639424 1.00
20.62 0.853378 -0.007234 0.542356 -0.244979 -0.639424 1.00
20.62 0.853378 -0.007234 0.542356 -0.244979 -0.639424 1.00
20.63 0.853378 -0.007234 0.542356 -0.244979 -0.639424 1.00
20.63 0.853378 -0.007234 0.542356 -0.244979 -0.639424 1.00
20.64 0.853378 -0.007234 0.542356 -0.244979 -0.639424 1.00
20.64 0.853378 -0.007234 0.542356 -0.244979 -0.639424 1.00
20.64 0.853378 -0.007234 0.542356 -0.244979 -0.639424 1.00
20.66 0.853378 -0.007234 0.542357 -0.244979 -0.639424 1.00
20.66 0.853378 -0.007234 0.542357 -0.244979 -0.639424 1.00
20.67 0.853378 -0.007234 0.542356 -0.244979 -0.639424 1.00
20.67 0.853378 -0.007234 0.542356 -0.244979 -0.639424 1.00
20.67 0.853378 -0.007234 0.542356 -0.244979 -0.639424 1.00
20.68 0.853378 -0.007234 0.542356 -0.244979 -0.639424 1.00
20.68 0.853378 -0.007234 0.542356 -0.244979 -0.639424 1.00
20.70 0.853378 -0.007234 0.542357 -0.244979 -0.639424 1.00
20.70 0.853378 -0.007234 0.542357 -0.244979 -0.639424 1.00
20.70 0.853378 -0.007234 0.542357 -0.244979 -0.639424 1.00
20.71 0.853378 -0.007234 0.542356 -0.244979 -0.639424 1.00
20.71 0.853378 -0.007234 0.542356 -0.244979 -0.639424 1.00
20.71 0.853378 -0.007234 0.542356 -0.244979 -0.639424 1.00
20.72 0.853378 -0.007234 0.542356 -0.244979 -0.639424 1.00
20.72 0.853378 -0.007234 0.542356 -0.244979 -0.639424 1.00
20.74 0.853378 -0.007234 0.542356 -0.244979 -0.639424 1.00
20.74 0.853378 -0.007234 0.542356 -0.244979 -0.639424 1.00
20.74 0.853378 -0.007234 0.542356 -0.244979 -0.639424 1.00
20.75 0.853378 -0.007234 0.542357 -0.244979 -0.639424 1.00
20.75 0.853378 -0.007234 0.542357 -0.244979 -0.639424 1.00
20.76 0.853378 -0.007234 0.542356 -0.244979 -0.639424 1.00
20.76 0.853378 -0.007234 0.542356 -0.244979 -0.639424 1.00
20.76 0.853378 -0.007234 0.542356 -0.244979 -0.639424 1.00
20.78 0.853378 -0.007234 0.542356 -0.244979 -0.639424 1.00
20.78 0.853378 -0.007234 0.542356 -0.244979 -0.639424 1.00
20.79 0.853378 -0.007234 0.542357 -0.244979 -0.639424 1.00
20.79 0.853378 -0.007234 0.542357 -0.244979 -0.639424 1.00
20.79 0.853378 -0.007234 0.542357 -0.244979 -0.639424 1.00
20.80 0.853378 -0.007234 0.542356 -0.244979 -0.639424 1.00
20.80 0.853378 -0.007234 0.542356 -0.244979 -0.639424 1.00
20.81 0.853378 -0.007234 0.542356 -0.244979 -0.639424 1.00
20.82 0.853378 -0.007234 0.542356 -0.244979 -0.639424 1.00
20.82 0.853378 -0.007234 0.542356 -0.244979 -0.639424 1.00
20.83 0.853378 -0.007234 0.542356 -0.244979 -0.639424 1.00
20.83 0.853378 -0.007234 0.542356 -0.244979 -0.639424 1.00
20.84 0.853378 -0.007234 0.542357 -0.244979 -0.639424 1.00
20.84 0.853378 -0.007234 0.542357 -0.244979 -0.639424 1.00
20.84 0.853378 -0.007234 0.542357 -0.244979 -0.639424 1.00
20.85 0.853378 -0.007234 0.542356 -0.244979 -0.639424 1.00
20.86 0.853378 -0.007234 0.542356 -0.244979 -0.639424 1.00
20.87 0.853378 -0.007234 0.542356 -0.244979 -0.639424 1.00
20.87 0.853378 -0.007234 0.542356 -0.244979 -0.639424 1.00
20.87 0.853378 -0.007234 0.542356 -0.244979 -0.639424 1.00
20.88 0.853378 -0.007234 0.542357 -0.244979 -0.639424 1.00
20.88 0.853378 -0.007234 0.542357 -0.244979 -0.639424 1.00
20.88 0.853378 -0.007234 0.542357 -0.244979 -0.639424 1.00
20.89 0.853378 -0.007234 0.542356 -0.244979 -0.639424 1.00
20.90 0.853378 -0.007234 0.542356 -0.244979 -0.639424 1.00
20.91 0.853378 -0.007234 0.542356 -0.244979 -0.639424 1.00
20.91 0.853378 -0.007234 0.542356 -0.244979 -0.639424 1.00
20.91 0.853378 -0.007234 0.542356 -0.244979 -0.639424 1.00
20.92 0.853378 -0.007234 0.542356 -0.244979 -0.639424 1.00
20.92 0.853378 -0.007234 0.542356 -0.244979 -0.639424 1.00
20.93 0.853378 -0.007234 0.542357 -0.244979 -0.639424 1.00
20.93 0.853378 -0.007234 0.542357 -0.244979 -0.639424 1.00
20.94 0.853378 -0.007234 0.542357 -0.244979 -0.639424 1.00
20.95 0.853378 -0.007234 0.542356 -0.244979 -0.639424 1.00
20.95 0.853378 -0.007234 0.542356 -0.244979 -0.639424 1.00
20.96 0.853378 -0.007234 0.542356 -0.244979 -0.639424 1.00
20.96 0.853378 -0.007234 0.542356 -0.244979 -0.639424 1.00
20.96 0.853378 -0.007234 0.542356 -0.244979 -0.639424 1.00
20.97 0.853378 -0.007234 0.542357 -0.244979 -0.639424 1.00
20.97 0.853378 -0.007234 0.542357 -0.244979 -0.639424 1.00
20.99 0.853378 -0.007234 0.542356 -0.244979 -0.639424 1.00
20.99 0.853378 -0.007234 0.542356 -0.244979 -0.639424 1.00
20.99 0.853378 -0.007234 0.542356 -0.244979 -0.639424 1.00
21.00 0.853378 -0.007234 0.542356 -0.244979 -0.639424 1.00
21.00 0.853378 -0.007234 0.542356 -0.244979 -0.639424 1.00
21.01 0.853378 -0.007234 0.542356 -0.244979 -0.639424 1.00
21.01 0.853378 -0.007234 0.542356 -0.244979 -0.639424 1.00
21.01 0.853378 -0.007234 0.542356 -0.244979 -0.639424 1.00
21.03 0.853378 -0.007234 0.542357 -0.244979 -0.639424 1.00
21.03 0.853378 -0.007234 0.542357 -0.244979 -0.639424 1.00
21.04 0.853378 -0.007234 0.542356 -0.244979 -0.639424 1.00
21.04 0.853378 -0.007234 0.542356 -0.244979 -0.639424 1.00
21.04 0.853378 -0.007234 0.542356 -0.244979 -0.639424 1.00
21.05 0.853378 -0.007234 0.542356 -0.244979 -0.639424 1.00
21.05 0.853378 -0.007234 0.542356 -0.244979 -0.639424 1.00
21.06 0.853378 -0.007234 0.542357 -0.244979 -0.639424 1.00
21.07 0.853378 -0.007234 0.542357 -0.244979 -0.639424 1.00
21.07 0.853378 -0.007234 0.542357 -0.244979 -0.639424 1.00
21.08 0.853378 -0.007234 0.542356 -0.244979 -0.639424 1.00
21.08 0.853378 -0.007234 0.542356 -0.244979 -0.639424 1.00
21.08 0.853378 -0.007234 0.542356 -0.244979 -0.639424 1.00
21.09 0.853378 -0.007234 0.542356 -0.244979 -0.639424 1.00
21.09 0.853378 -0.007234 0.542356 -0.244979 -0.639424 1.00
21.10 0.853378 -0.007234 0.542356 -0.244979 -0.639424 1.00
21.11 0.853378 -0.007234 0.542356 -0.244979 -0.639424 1.00
21.11 0.853378 -0.007234 0.542356 -0.244979 -0.639424 1.00
21.12 0.853378 -0.007234 0.542357 -0.244979 -0.639424 1.00
21.12 0.853378 -0.007234 0.542357 -0.244979 -0.639424 1.00
21.13 0.853378 -0.007234 0.542356 -0.244979 -0.639424 1.00
21.13 0.853378 -0.007234 0.542356 -0.244979 -0.639424 1.00
21.13 0.853378 -0.007234 0.542356 -0.244979 -0.639424 1.00
21.14 0.853378 -0.007234 0.542356 -0.244979 -0.639424 1.00
21.15 0.853378 -0.007234 0.542356 -0.244979 -0.639424 1.00
21.16 0.853378 -0.007234 0.542357 -0.244979 -0.639424 1.00
21.16 0.853378 -0.007234 0.542357 -0.244979 -0.639424 1.00
21.16 0.853378 -0.007234 0.542357 -0.244979 -0.639424 1.00
21.17 0.853378 -0.007234 0.542356 -0.244979 -0.639424 1.00
21.17 0.853378 -0.007234 0.542356 -0.244979 -0.639424 1.00
21.18 0.853378 -0.007234 0.542356 -0.244979 -0.639424 1.00
21.18 0.853378 -0.007234 0.542356 -0.244979 -0.639424 1.00
21.19 0.853378 -0.007234 0.542356 -0.244979 -0.639424 1.00