3.31 0.000209 0.004131 0.021857 -0.021591 0.008845 0.00
3.31 0.000209 0.004131 0.021857 -0.021591 0.008845 0.00
3.32 0.000209 0.004131 0.021857 -0.021591 0.008845 0.00
3.32 0.000209 0.004131 0.021857 -0.021591 0.008845 0.00
3.33 0.000209 0.004131 0.021857 -0.021591 0.008845 0.00
3.34 0.000209 0.004131 0.021857 -0.021591 0.008845 0.00
3.34 0.000209 0.004131 0.021857 -0.021591 0.008845 0.00
3.34 0.000209 0.004131 0.021857 -0.021591 0.008845 0.00
3.35 0.000209 0.004131 0.021857 -0.021591 0.008845 0.00
3.35 0.000209 0.004131 0.021857 -0.021591 0.008845 0.00
3.36 0.000209 0.004131 0.021857 -0.021591 0.008845 0.00
3.36 0.000209 0.004131 0.021857 -0.021591 0.008845 0.00
3.37 0.000209 0.004131 0.021857 -0.021591 0.008845 0.00
3.38 0.000209 0.004131 0.021857 -0.021591 0.008845 0.00
3.38 0.000209 0.004131 0.021857 -0.021591 0.008845 0.00
3.38 0.000209 0.004131 0.021857 -0.021591 0.008845 0.00
3.39 0.000209 0.004131 0.021857 -0.021591 0.008845 0.00
3.39 0.000209 0.004131 0.021857 -0.021591 0.008845 0.00
3.40 0.000209 0.004131 0.021857 -0.021591 0.008845 0.00
3.40 0.000209 0.004131 0.021857 -0.021591 0.008845 0.00
3.41 0.000209 0.004131 0.021857 -0.021591 0.008845 0.00
3.42 0.000209 0.004131 0.021857 -0.021591 0.008845 0.00
3.42 0.000209 0.004131 0.021857 -0.021591 0.008845 0.00
3.42 0.000209 0.004131 0.021857 -0.021591 0.008845 0.00
3.43 0.000209 0.004131 0.021857 -0.021591 0.008845 0.00
3.43 0.000209 0.004131 0.021857 -0.021591 0.008845 0.00
3.44 0.000209 0.004131 0.021857 -0.021591 0.008845 0.00
3.44 0.000209 0.004131 0.021857 -0.021591 0.008845 0.00
3.45 0.000209 0.004131 0.021857 -0.021591 0.008845 0.00
3.46 0.000209 0.004131 0.021857 -0.021591 0.008845 0.00
3.46 0.000209 0.004131 0.021857 -0.021591 0.008845 0.00
3.46 0.000209 0.004131 0.021857 -0.021591 0.008845 0.00
3.47 0.000209 0.004131 0.021857 -0.021591 0.008845 0.00
3.47 0.000209 0.004131 0.021857 -0.021591 0.008845 0.00
3.48 0.000209 0.004131 0.021857 -0.021591 0.008845 0.00
3.48 0.000209 0.004131 0.021857 -0.021591 0.008845 0.00
3.49 0.000209 0.004131 0.021857 -0.021591 0.008845 0.00
3.50 0.000209 0.004131 0.021857 -0.021591 0.008845 0.00
3.50 0.000209 0.004131 0.021857 -0.021591 0.008845 0.00
3.50 0.000209 0.004131 0.021857 -0.021591 0.008845 0.00
3.51 0.000209 0.004131 0.021857 -0.021591 0.008845 0.00
3.51 0.000209 0.004131 0.021857 -0.021591 0.008845 0.00
3.52 0.000209 0.004131 0.021857 -0.021591 0.008845 0.00
3.52 0.000209 0.004131 0.021857 -0.021591 0.008845 0.00
3.52 0.000209 0.004131 0.021857 -0.021591 0.008845 0.00
3.54 0.000209 0.004131 0.021857 -0.021591 0.008845 0.00
3.54 0.000209 0.004131 0.021857 -0.021591 0.008845 0.00
3.54 0.000209 0.004131 0.021857 -0.021591 0.008845 0.00
3.55 0.000209 0.004131 0.021857 -0.021591 0.008845 0.00
3.55 0.000209 0.004131 0.021857 -0.021591 0.008845 0.00
3.55 0.000209 0.004131 0.021857 -0.021591 0.008845 0.00
3.56 0.000209 0.004131 0.021857 -0.021591 0.008845 0.00
3.56 0.000209 0.004131 0.021857 -0.021591 0.008845 0.00
3.58 0.000209 0.004131 0.021857 -0.021591 0.008845 0.00
3.58 0.000209 0.004131 0.021857 -0.021591 0.008845 0.00
3.58 0.000209 0.004131 0.021857 -0.021591 0.008845 0.00
3.59 0.000209 0.004131 0.021857 -0.021591 0.008845 0.00
3.59 0.000209 0.004131 0.021857 -0.021591 0.008845 0.00
3.59 0.000209 0.004131 0.021857 -0.021591 0.008845 0.00
3.60 0.000209 0.004131 0.021857 -0.021591 0.008845 0.00
3.60 0.000209 0.004131 0.021857 -0.021591 0.008845 0.00
3.62 0.000209 0.004131 0.021857 -0.021591 0.008845 0.00
3.62 0.000209 0.004131 0.021857 -0.021591 0.008845 0.00
3.62 0.000209 0.004131 0.021857 -0.021591 0.008845 0.00
3.63 0.000209 0.004131 0.021857 -0.021591 0.008845 0.00
3.63 0.000209 0.004131 0.021857 -0.021591 0.008845 0.00
3.63 0.000209 0.004131 0.021857 -0.021591 0.008845 0.00
3.64 0.000209 0.004131 0.021857 -0.021591 0.008845 0.00
3.64 0.000209 0.004131 0.021857 -0.021591 0.008845 0.00
3.66 0.000209 0.004131 0.021857 -0.021591 0.008845 0.00
3.66 0.000209 0.004131 0.021857 -0.021591 0.008845 0.00
3.66 0.000209 0.004131 0.021857 -0.021591 0.008845 0.00
3.67 0.000209 0.004131 0.021857 -0.021591 0.008845 0.00
3.67 0.000209 0.004131 0.021857 -0.021591 0.008845 0.00
3.67 0.000209 0.004131 0.021857 -0.021591 0.008845 0.00
3.68 0.000209 0.004131 0.021857 -0.021591 0.008845 0.00
3.68 0.000209 0.004131 0.021857 -0.021591 0.008845 0.00
3.70 0.000209 0.004131 0.021857 -0.021591 0.008845 0.00
3.70 0.000209 0.004131 0.021857 -0.021591 0.008845 0.00
3.70 0.000209 0.004131 0.021857 -0.021591 0.008845 0.00
3.71 0.000209 0.004131 0.021857 -0.021591 0.008845 0.00
3.71 0.000209 0.004131 0.021857 -0.021591 0.008845 0.00
3.71 0.000209 0.004131 0.021857 -0.021591 0.008845 0.00
3.72 0.000209 0.004131 0.021857 -0.021591 0.008845 0.00
3.72 0.000209 0.004131 0.021857 -0.021591 0.008845 0.00
3.74 0.000209 0.004131 0.021857 -0.021591 0.008845 0.00
3.74 0.000209 0.004131 0.021857 -0.021591 0.008845 0.00
3.74 0.000209 0.004131 0.021857 -0.021591 0.008845 0.00
3.75 0.000209 0.004131 0.021857 -0.021591 0.008845 0.00
3.75 0.000209 0.004131 0.021857 -0.021591 0.008845 0.00
3.75 0.000209 0.004131 0.021857 -0.021591 0.008845 0.00
3.76 0.000209 0.004131 0.021857 -0.021591 0.008845 0.00
3.76 0.000209 0.004131 0.021857 -0.021591 0.008845 0.00
3.78 0.000209 0.004131 0.021857 -0.021591 0.008845 0.00
3.78 0.000209 0.004131 0.021857 -0.021591 0.008845 0.00
3.78 0.000209 0.004131 0.021857 -0.021591 0.008845 0.00
3.79 0.000209 0.004131 0.021857 -0.021591 0.008845 0.00
3.79 0.000209 0.004131 0.021857 -0.021591 0.008845 0.00
3.79 0.000209 0.004131 0.021857 -0.021591 0.008845 0.00
3.80 0.000209 0.004131 0.021857 -0.021591 0.008845 0.00
3.80 0.000209 0.004131 0.021857 -0.021591 0.008845 0.00
3.80 0.000209 0.004131 0.021857 -0.021591 0.008845 0.00
3.82 0.000209 0.004131 0.021857 -0.021591 0.008845 0.00
3.82 0.000209 0.004131 0.021857 -0.021591 0.008845 0.00
3.83 0.000209 0.004131 0.021857 -0.021591 0.008845 0.00
3.83 0.000209 0.004131 0.021857 -0.021591 0.008845 0.00
3.83 0.000209 0.004131 0.021857 -0.021591 0.008845 0.00
3.84 0.000209 0.004131 0.021857 -0.021591 0.008845 0.00
3.84 0.000209 0.004131 0.021857 -0.021591 0.008845 0.00
3.84 0.000209 0.004131 0.021857 -0.021591 0.008845 0.00
3.86 0.000209 0.004131 0.021857 -0.021591 0.008845 0.00
3.86 0.000209 0.004131 0.021857 -0.021591 0.008845 0.00
3.87 0.000209 0.004131 0.021857 -0.021591 0.008845 0.00
3.87 0.000209 0.004131 0.021857 -0.021591 0.008845 0.00
3.87 0.000209 0.004131 0.021857 -0.021591 0.008845 0.00
3.88 0.000209 0.004131 0.021857 -0.021591 0.008845 0.00
3.88 0.000209 0.004131 0.021857 -0.021591 0.008845 0.00
3.88 0.000209 0.004131 0.021857 -0.021591 0.008845 0.00
3.90 0.000209 0.004131 0.021857 -0.021591 0.008845 0.00
3.90 0.000209 0.004131 0.021857 -0.021591 0.008845 0.00
3.91 0.000209 0.004131 0.021857 -0.021591 0.008845 0.00
3.91 0.000209 0.004131 0.021857 -0.021591 0.008845 0.00
3.91 0.000209 0.004131 0.021857 -0.021591 0.008845 0.00
3.92 0.000209 0.004131 0.021857 -0.021591 0.008845 0.00
3.92 0.000209 0.004131 0.021857 -0.021591 0.008845 0.00
3.92 0.000209 0.004131 0.021857 -0.021591 0.008845 0.00
3.94 0.000209 0.004131 0.021857 -0.021591 0.008845 0.00
3.94 0.000209 0.004131 0.021857 -0.021591 0.008845 0.00
3.95 0.000209 0.004131 0.021857 -0.021591 0.008845 0.00
3.95 0.000209 0.004131 0.021857 -0.021591 0.008845 0.00
3.95 0.000209 0.004131 0.021857 -0.021591 0.008845 0.00
3.96 0.000209 0.004131 0.021857 -0.021591 0.008845 0.00
3.96 0.000209 0.004131 0.021857 -0.021591 0.008845 0.00
3.96 0.000209 0.004131 0.021857 -0.021591 0.008845 0.00
3.98 0.000209 0.004131 0.021857 -0.021591 0.008845 0.00
3.98 0.000209 0.004131 0.021857 -0.021591 0.008845 0.00
3.99 0.000209 0.004131 0.021857 -0.021591 0.008845 0.00
3.99 0.000209 0.004131 0.021857 -0.021591 0.008845 0.00
3.99 0.000209 0.004131 0.021857 -0.021591 0.008845 0.00
4.00 0.000209 0.004131 0.021857 -0.021591 0.008845 0.00
4.00 0.000209 0.004131 0.021857 -0.021591 0.008845 0.00
4.00 0.000209 0.004131 0.021857 -0.021591 0.008845 0.00
4.01 0.000209 0.004131 0.021857 -0.021591 0.008845 0.00
4.02 0.000209 0.004131 0.021857 -0.021591 0.008845 0.00
4.03 0.000209 0.004131 0.021857 -0.021591 0.008845 0.00
4.03 0.000209 0.004131 0.021857 -0.021591 0.008845 0.00
4.03 0.000209 0.004131 0.021857 -0.021591 0.008845 0.00
4.04 0.000209 0.004131 0.021857 -0.021591 0.008845 0.00
4.04 0.000209 0.004131 0.021857 -0.021591 0.008845 0.00
4.04 0.000209 0.004131 0.021857 -0.021591 0.008845 0.00
4.05 0.000209 0.004131 0.021857 -0.021591 0.008845 0.00
4.06 0.000209 0.004131 0.021857 -0.021591 0.008845 0.00
4.06 0.000209 0.004131 0.021857 -0.021591 0.008845 0.00
4.07 0.000209 0.004131 0.021857 -0.021591 0.008845 0.00
4.07 0.000209 0.004131 0.021857 -0.021591 0.008845 0.00
4.08 0.000209 0.004131 0.021857 -0.021591 0.008845 0.00
4.08 0.000209 0.004131 0.021857 -0.021591 0.008845 0.00
4.08 0.000209 0.004131 0.021857 -0.021591 0.008845 0.00
4.09 0.000209 0.004131 0.021857 -0.021591 0.008845 0.00
4.10 0.000209 0.004131 0.021857 -0.021591 0.008845 0.00
4.10 0.000209 0.004131 0.021857 -0.021591 0.008845 0.00
4.11 0.000209 0.004131 0.021857 -0.021591 0.008845 0.00
4.11 0.000209 0.004131 0.021857 -0.021591 0.008845 0.00
4.12 0.000209 0.004131 0.021857 -0.021591 0.008845 0.00
4.12 0.000209 0.004131 0.021857 -0.021591 0.008845 0.00
4.12 0.000209 0.004131 0.021857 -0.021591 0.008845 0.00
4.13 0.000209 0.004131 0.021857 -0.021591 0.008845 0.00
4.14 0.000209 0.004131 0.021857 -0.021591 0.008845 0.00
4.14 0.000209 0.004131 0.021857 -0.021591 0.008845 0.00
4.15 0.000209 0.004131 0.021857 -0.021591 0.008845 0.00
4.15 0.000209 0.004131 0.021857 -0.021591 0.008845 0.00
4.16 0.000209 0.004131 0.021857 -0.021591 0.008845 0.00
4.16 0.000209 0.004131 0.021857 -0.021591 0.008845 0.00
4.16 0.000209 0.004131 0.021857 -0.021591 0.008845 0.00
4.17 0.000209 0.004131 0.021857 -0.021591 0.008845 0.00
4.18 0.000209 0.004131 0.021857 -0.021591 0.008845 0.00
4.18 0.000209 0.004131 0.021857 -0.021591 0.008845 0.00
4.19 0.000209 0.004131 0.021857 -0.021591 0.008845 0.00
4.19 0.000209 0.004131 0.021857 -0.021591 0.008845 0.00
4.20 0.000209 0.004131 0.021857 -0.021591 0.008845 0.00
4.20 0.000209 0.004131 0.021857 -0.021591 0.008845 0.00
4.20 0.000209 0.004131 0.021857 -0.021591 0.008845 0.00
4.21 0.000209 0.004131 0.021857 -0.021591 0.008845 0.00
4.21 0.000209 0.004131 0.021857 -0.021591 0.008845 0.00
4.22 0.000209 0.004131 0.021857 -0.021591 0.008845 0.00
4.23 0.000209 0.004131 0.021857 -0.021591 0.008845 0.00
4.23 0.000209 0.004131 0.021857 -0.021591 0.008845 0.00
4.24 0.000209 0.004131 0.021857 -0.021591 0.008845 0.00
4.24 0.000209 0.004131 0.021857 -0.021591 0.008845 0.00
4.24 0.000209 0.004131 0.021857 -0.021591 0.008845 0.00
4.25 0.000209 0.004131 0.021857 -0.021591 0.008845 0.00
4.25 0.000209 0.004131 0.021857 -0.021591 0.008845 0.00
4.26 0.000209 0.004131 0.021857 -0.021591 0.008845 0.00
4.27 0.000209 0.004131 0.021857 -0.021591 0.008845 0.00
4.27 0.000209 0.004131 0.021857 -0.021591 0.008845 0.00
4.28 0.000209 0.004131 0.021857 -0.021591 0.008845 0.00
4.28 0.000209 0.004131 0.021857 -0.021591 0.008845 0.00
4.28 0.000209 0.004131 0.021857 -0.021591 0.008845 0.00
4.29 0.000209 0.004131 0.021857 -0.021591 0.008845 0.00
4.29 0.000209 0.004131 0.021857 -0.021591 0.008845 0.00
4.30 0.000209 0.004131 0.021857 -0.021591 0.008845 0.00
4.31 0.000209 0.004131 0.021857 -0.021591 0.008845 0.00
4.31 0.000209 0.004131 0.021857 -0.021591 0.008845 0.00
4.31 0.000209 0.004131 0.021857 -0.021591 0.008845 0.00
4.32 0.000209 0.004131 0.021857 -0.021591 0.008845 0.00
4.32 0.000209 0.004131 0.021857 -0.021591 0.008845 0.00
4.33 0.000209 0.004131 0.021857 -0.021591 0.008845 0.00
4.33 0.000209 0.004131 0.021857 -0.021591 0.008845 0.00
4.34 0.000209 0.004131 0.021857 -0.021591 0.008845 0.00
4.35 0.000209 0.004131 0.021857 -0.021591 0.008845 0.00
4.35 0.000209 0.004131 0.021857 -0.021591 0.008845 0.00
4.35 0.000209 0.004131 0.021857 -0.021591 0.008845 0.00
4.36 0.000209 0.004131 0.021857 -0.021591 0.008845 0.00
4.36 0.000209 0.004131 0.021857 -0.021591 0.008845 0.00
4.37 0.000209 0.004131 0.021857 -0.021591 0.008845 0.00
4.37 0.000209 0.004131 0.021857 -0.021591 0.008845 0.00
4.38 0.000209 0.004131 0.021857 -0.021591 0.008845 0.00
4.39 0.000209 0.004131 0.021857 -0.021591 0.008845 0.00
4.39 0.000209 0.004131 0.021857 -0.021591 0.008845 0.00
4.39 0.000209 0.004131 0.021857 -0.021591 0.008845 0.00
4.40 0.000209 0.004131 0.021857 -0.021591 0.008845 0.00
4.40 0.000209 0.004131 0.021857 -0.021591 0.008845 0.00
4.41 0.000209 0.004131 0.021857 -0.021591 0.008845 0.00
4.41 0.000209 0.004131 0.021857 -0.021591 0.008845 0.00
4.41 0.000209 0.004131 0.021857 -0.021591 0.008845 0.00
4.43 0.000209 0.004131 0.021857 -0.021591 0.008845 0.00
4.43 0.000209 0.004131 0.021857 -0.021591 0.008845 0.00
4.43 0.000209 0.004131 0.021857 -0.021591 0.008845 0.00
4.44 0.000209 0.004131 0.021857 -0.021591 0.008845 0.00
4.44 0.000209 0.004131 0.021857 -0.021591 0.008845 0.00
4.45 0.000209 0.004131 0.021857 -0.021591 0.008845 0.00
4.45 0.000209 0.004131 0.021857 -0.021591 0.008845 0.00
4.45 0.000209 0.004131 0.021857 -0.021591 0.008845 0.00
4.47 0.000209 0.004131 0.021857 -0.021591 0.008845 0.00
4.47 0.000209 0.004131 0.021857 -0.021591 0.008845 0.00
4.47 0.000209 0.004131 0.021857 -0.021591 0.008845 0.00
4.48 0.000209 0.004131 0.021857 -0.021591 0.008845 0.00
4.48 0.000209 0.004131 0.021857 -0.021591 0.008845 0.00
4.49 0.000209 0.004131 0.021857 -0.021591 0.008845 0.00
4.49 0.000209 0.004131 0.021857 -0.021591 0.008845 0.00
4.49 0.000209 0.004131 0.021857 -0.021591 0.008845 0.00
4.51 0.000209 0.004131 0.021857 -0.021591 0.008845 0.00
4.51 0.000209 0.004131 0.021857 -0.021591 0.008845 0.00
4.51 0.000209 0.004131 0.021857 -0.021591 0.008845 0.00
4.52 0.000209 0.004131 0.021857 -0.021591 0.008845 0.00
4.52 0.000209 0.004131 0.021857 -0.021591 0.008845 0.00
4.53 0.000209 0.004131 0.021857 -0.021591 0.008845 0.00
4.53 0.000209 0.004131 0.021857 -0.021591 0.008845 0.00
4.53 0.000209 0.004131 0.021857 -0.021591 0.008845 0.00
4.55 0.000209 0.004131 0.021857 -0.021591 0.008845 0.00
4.55 0.000209 0.004131 0.021857 -0.021591 0.008845 0.00
4.55 0.000209 0.004131 0.021857 -0.021591 0.008845 0.00
4.56 0.000209 0.004131 0.021857 -0.021591 0.008845 0.00
4.56 0.000209 0.004131 0.021857 -0.021591 0.008845 0.00
4.56 0.000209 0.004131 0.021857 -0.021591 0.008845 0.00
4.57 0.000209 0.004131 0.021857 -0.021591 0.008845 0.00
4.57 0.000209 0.004131 0.021857 -0.021591 0.008845 0.00
4.59 0.000209 0.004131 0.021857 -0.021591 0.008845 0.00
4.59 0.000209 0.004131 0.021857 -0.021591 0.008845 0.00
4.59 0.000209 0.004131 0.021857 -0.021591 0.008845 0.00
4.60 0.000209 0.004131 0.021857 -0.021591 0.008845 0.00
4.60 0.000209 0.004131 0.021857 -0.021591 0.008845 0.00
4.60 0.000209 0.004131 0.021857 -0.021591 0.008845 0.00
4.61 0.000209 0.004131 0.021857 -0.021591 0.008845 0.00
4.61 0.000209 0.004131 0.021857 -0.021591 0.008845 0.00
4.63 0.000209 0.004131 0.021857 -0.021591 0.008845 0.00
4.63 0.000209 0.004131 0.021857 -0.021591 0.008845 0.00
4.63 0.000209 0.004131 0.021857 -0.021591 0.008845 0.00
4.64 0.000209 0.004131 0.021857 -0.021591 0.008845 0.00
4.64 0.000209 0.004131 0.021857 -0.021591 0.008845 0.00
4.64 0.000209 0.004131 0.021857 -0.021591 0.008845 0.00
4.65 0.000209 0.004131 0.021857 -0.021591 0.008845 0.00
4.65 0.000209 0.004131 0.021857 -0.021591 0.008845 0.00
4.67 0.000209 0.004131 0.021857 -0.021591 0.008845 0.00
4.67 0.000209 0.004131 0.021857 -0.021591 0.008845 0.00
4.67 0.000209 0.004131 0.021857 -0.021591 0.008845 0.00
4.68 0.000209 0.004131 0.021857 -0.021591 0.008845 0.00
4.68 0.000209 0.004131 0.021857 -0.021591 0.008845 0.00
4.68 0.000209 0.004131 0.021857 -0.021591 0.008845 0.00
4.69 0.000209 0.004131 0.021857 -0.021591 0.008845 0.00
4.69 0.000209 0.004131 0.021857 -0.021591 0.008845 0.00
4.70 0.000209 0.004131 0.021857 -0.021591 0.008845 0.00
4.71 0.000209 0.004131 0.021857 -0.021591 0.008845 0.00
4.71 0.000209 0.004131 0.021857 -0.021591 0.008845 0.00
4.72 0.000209 0.004131 0.021857 -0.021591 0.008845 0.00
4.72 0.000209 0.004131 0.021857 -0.021591 0.008845 0.00
4.72 0.000209 0.004131 0.021857 -0.021591 0.008845 0.00
4.73 0.000209 0.004131 0.021857 -0.021591 0.008845 0.00
4.73 0.000209 0.004131 0.021857 -0.021591 0.008845 0.00
4.74 0.000209 0.004131 0.021857 -0.021591 0.008845 0.00
4.75 0.000209 0.004131 0.021857 -0.021591 0.008845 0.00
4.75 0.000209 0.004131 0.021857 -0.021591 0.008845 0.00
4.76 0.000209 0.004131 0.021857 -0.021591 0.008845 0.00
4.76 0.000209 0.004131 0.021857 -0.021591 0.008845 0.00
4.76 0.000209 0.004131 0.021857 -0.021591 0.008845 0.00
4.77 0.000209 0.004131 0.021857 -0.021591 0.008845 0.00
4.77 0.000209 0.004131 0.021857 -0.021591 0.008845 0.00
4.78 0.000209 0.004131 0.021857 -0.021591 0.008845 0.00
4.79 0.000209 0.004131 0.021857 -0.021591 0.008845 0.00
4.79 0.000209 0.004131 0.021857 -0.021591 0.008845 0.00
4.80 0.000209 0.004131 0.021857 -0.021591 0.008845 0.00
4.80 0.000209 0.004131 0.021857 -0.021591 0.008845 0.00
4.80 0.000209 0.004131 0.021857 -0.021591 0.008845 0.00
4.81 0.000209 0.004131 0.021857 -0.021591 0.008845 0.00
4.81 0.000209 0.004131 0.021857 -0.021591 0.008845 0.00
4.81 0.000209 0.004131 0.021857 -0.021591 0.008845 0.00
4.83 0.000209 0.004131 0.021857 -0.021591 0.008845 0.00
4.83 0.000209 0.004131 0.021857 -0.021591 0.008845 0.00
4.84 0.000209 0.004131 0.021857 -0.021591 0.008845 0.00
4.84 0.000209 0.004131 0.021857 -0.021591 0.008845 0.00
4.84 0.000209 0.004131 0.021857 -0.021591 0.008845 0.00
4.85 0.000209 0.004131 0.021857 -0.021591 0.008845 0.00
4.85 0.000209 0.004131 0.021857 -0.021591 0.008845 0.00
4.85 0.000209 0.004131 0.021857 -0.021591 0.008845 0.00
4.87 0.000209 0.004131 0.021857 -0.021591 0.008845 0.00
4.87 0.000209 0.004131 0.021857 -0.021591 0.008845 0.00
4.88 0.000209 0.004131 0.021857 -0.021591 0.008845 0.00
4.88 0.000209 0.004131 0.021857 -0.021591 0.008845 0.00
4.88 0.000209 0.004131 0.021857 -0.021591 0.008845 0.00
4.89 0.000209 0.004131 0.021857 -0.021591 0.008845 0.00
4.89 0.000209 0.004131 0.021857 -0.021591 0.008845 0.00
4.89 0.000209 0.004131 0.021857 -0.021591 0.008845 0.00
4.90 0.000209 0.004131 0.021857 -0.021591 0.008845 0.00
4.91 0.000209 0.004131 0.021857 -0.021591 0.008845 0.00
4.92 0.000209 0.004131 0.021857 -0.021591 0.008845 0.00
4.92 0.000209 0.004131 0.021857 -0.021591 0.008845 0.00
4.92 0.000209 0.004131 0.021857 -0.021591 0.008845 0.00
4.93 0.000209 0.004131 0.021857 -0.021591 0.008845 0.00
4.93 0.000209 0.004131 0.021857 -0.021591 0.008845 0.00
4.93 0.000209 0.004131 0.021857 -0.021591 0.008845 0.00
4.94 0.000209 0.004131 0.021857 -0.021591 0.008845 0.00
4.95 0.000209 0.004131 0.021857 -0.021591 0.008845 0.00
4.96 0.000209 0.004131 0.021857 -0.021591 0.008845 0.00
4.96 0.000209 0.004131 0.021857 -0.021591 0.008845 0.00
4.96 0.000209 0.004131 0.021857 -0.021591 0.008845 0.00
4.97 0.000209 0.004131 0.021857 -0.021591 0.008845 0.00
4.97 0.000209 0.004131 0.021857 -0.021591 0.008845 0.00
4.97 0.000209 0.004131 0.021857 -0.021591 0.008845 0.00
4.98 0.000209 0.004131 0.021857 -0.021591 0.008845 0.00
4.99 0.000209 0.004131 0.021857 -0.021591 0.008845 0.00
5.00 0.000209 0.004131 0.021857 -0.021591 0.008845 0.00
5.00 0.000209 0.004131 0.021857 -0.021591 0.008845 0.00
5.00 0.000209 0.004131 0.021857 -0.021591 0.008845 0.00
5.01 0.000209 0.004131 0.021857 -0.021591 0.008845 0.00
5.01 0.000209 0.004131 0.021857 -0.021591 0.008845 0.00
5.01 0.000209 0.004131 0.021857 -0.021591 0.008845 0.00
5.02 0.000209 0.004131 0.021857 -0.021591 0.008845 0.00
5.03 0.000209 0.004131 0.021857 -0.021591 0.008845 0.00
5.04 0.000209 0.004131 0.021857 -0.021591 0.008845 0.00
5.04 0.000209 0.004131 0.021857 -0.021591 0.008845 0.00
5.04 0.000209 0.004131 0.021857 -0.021591 0.008845 0.00
5.05 0.000209 0.004131 0.021857 -0.021591 0.008845 0.00
5.05 0.000209 0.004131 0.021857 -0.021591 0.008845 0.00
5.05 0.000209 0.004131 0.021857 -0.021591 0.008845 0.00
5.06 0.000209 0.004131 0.021857 -0.021591 0.008845 0.00
5.07 0.000209 0.004131 0.021857 -0.021591 0.008845 0.00
5.07 0.000209 0.004131 0.021857 -0.021591 0.008845 0.00
5.08 0.000209 0.004131 0.021857 -0.021591 0.008845 0.00
5.08 0.000209 0.004131 0.021857 -0.021591 0.008845 0.00
5.09 0.000209 0.004131 0.021857 -0.021591 0.008845 0.00
5.09 0.000209 0.004131 0.021857 -0.021591 0.008845 0.00
5.09 0.000209 0.004131 0.021857 -0.021591 0.008845 0.00
5.10 0.000209 0.004131 0.021857 -0.021591 0.008845 0.00
5.10 0.000209 0.004131 0.021857 -0.021591 0.008845 0.00
5.11 0.000209 0.004131 0.021857 -0.021591 0.008845 0.00
5.12 0.000209 0.004131 0.021857 -0.021591 0.008845 0.00
5.12 0.000209 0.004131 0.021857 -0.021591 0.008845 0.00
5.13 0.000209 0.004131 0.021857 -0.021591 0.008845 0.00
5.13 0.000209 0.004131 0.021857 -0.021591 0.008845 0.00
5.13 0.000209 0.004131 0.021857 -0.021591 0.008845 0.00
5.14 0.000209 0.004131 0.021857 -0.021591 0.008845 0.00
5.14 0.000209 0.004131 0.021857 -0.021591 0.008845 0.00
5.15 0.000209 0.004131 0.021857 -0.021591 0.008845 0.00
5.16 0.000209 0.004131 0.021857 -0.021591 0.008845 0.00
5.16 0.000209 0.004131 0.021857 -0.021591 0.008845 0.00
5.17 0.000209 0.004131 0.021857 -0.021591 0.008845 0.00
5.17 0.000209 0.004131 0.021857 -0.021591 0.008845 0.00
5.17 0.000209 0.004131 0.021857 -0.021591 0.008845 0.00
5.18 0.000209 0.004131 0.021857 -0.021591 0.008845 0.00
5.18 0.000209 0.004131 0.021857 -0.021591 0.008845 0.00
5.19 0.000209 0.004131 0.021857 -0.021591 0.008845 0.00
5.20 0.000209 0.004131 0.021857 -0.021591 0.008845 0.00
5.20 0.000209 0.004131 0.021857 -0.021591 0.008845 0.00
5.21 0.000209 0.004131 0.021857 -0.021591 0.008845 0.00
5.21 0.000209 0.004131 0.021857 -0.021591 0.008845 0.00
5.21 0.000209 0.004131 0.021857 -0.021591 0.008845 0.00
5.22 0.000209 0.004131 0.021857 -0.021591 0.008845 0.00
5.22 0.000209 0.004131 0.021857 -0.021591 0.008845 0.00
5.23 0.000209 0.004131 0.021857 -0.021591 0.008845 0.00
5.24 0.000209 0.004131 0.021857 -0.021591 0.008845 0.00
5.24 0.000209 0.004131 0.021857 -0.021591 0.008845 0.00
5.25 0.000209 0.004131 0.021857 -0.021591 0.008845 0.00
5.25 0.000209 0.004131 0.021857 -0.021591 0.008845 0.00
5.25 0.000209 0.004131 0.021857 -0.021591 0.008845 0.00
5.26 0.000209 0.004131 0.021857 -0.021591 0.008845 0.00
5.26 0.000209 0.004131 0.021857 -0.021591 0.008845 0.00
5.27 0.000209 0.004131 0.021857 -0.021591 0.008845 0.00
5.28 0.000209 0.004131 0.021857 -0.021591 0.008845 0.00
5.28 0.000209 0.004131 0.021857 -0.021591 0.008845 0.00
5.29 0.000209 0.004131 0.021857 -0.021591 0.008845 0.00
5.29 0.000209 0.004131 0.021857 -0.021591 0.008845 0.00
5.29 0.000209 0.004131 0.021857 -0.021591 0.008845 0.00
5.30 0.000209 0.004131 0.021857 -0.021591 0.008845 0.00
5.30 0.000209 0.004131 0.021857 -0.021591 0.008845 0.00
5.31 0.000209 0.004131 0.021857 -0.021591 0.008845 0.00
5.32 0.000209 0.004131 0.021857 -0.021591 0.008845 0.00
5.32 0.000209 0.004131 0.021857 -0.021591 0.008845 0.00
5.32 0.000209 0.004131 0.021857 -0.021591 0.008845 0.00
5.33 0.000209 0.004131 0.021857 -0.021591 0.008845 0.00
5.33 0.000209 0.004131 0.021857 -0.021591 0.008845 0.00
5.34 0.000209 0.004131 0.021857 -0.021591 0.008845 0.00
5.34 0.000209 0.004131 0.021857 -0.021591 0.008845 0.00
5.34 0.000209 0.004131 0.021857 -0.021591 0.008845 0.00
5.36 0.000209 0.004131 0.021857 -0.021591 0.008845 0.00
5.36 0.000209 0.004131 0.021857 -0.021591 0.008845 0.00
5.36 0.000209 0.004131 0.021857 -0.021591 0.008845 0.00
5.37 0.000209 0.004131 0.021857 -0.021591 0.008845 0.00
5.37 0.000209 0.004131 0.021857 -0.021591 0.008845 0.00
5.38 0.000209 0.004131 0.021857 -0.021591 0.008845 0.00
5.38 0.000209 0.004131 0.021857 -0.021591 0.008845 0.00
5.38 0.000209 0.004131 0.021857 -0.021591 0.008845 0.00
5.40 0.000209 0.004131 0.021857 -0.021591 0.008845 0.00
5.40 0.000209 0.004131 0.021857 -0.021591 0.008845 0.00
5.40 0.000209 0.004131 0.021857 -0.021591 0.008845 0.00
5.41 0.000209 0.004131 0.021857 -0.021591 0.008845 0.00
5.41 0.000209 0.004131 0.021857 -0.021591 0.008845 0.00
5.42 0.000209 0.004131 0.021857 -0.021591 0.008845 0.00
5.42 0.000209 0.004131 0.021857 -0.021591 0.008845 0.00
5.42 0.000209 0.004131 0.021857 -0.021591 0.008845 0.00
5.44 0.000209 0.004131 0.021857 -0.021591 0.008845 0.00
5.44 0.000209 0.004131 0.021857 -0.021591 0.008845 0.00
5.44 0.000209 0.004131 0.021857 -0.021591 0.008845 0.00
5.45 0.000209 0.004131 0.021857 -0.021591 0.008845 0.00
5.45 0.000209 0.004131 0.021857 -0.021591 0.008845 0.00
5.46 0.000209 0.004131 0.021857 -0.021591 0.008845 0.00
5.46 0.000209 0.004131 0.021857 -0.021591 0.008845 0.00
5.46 0.000209 0.004131 0.021857 -0.021591 0.008845 0.00
5.48 0.000209 0.004131 0.021857 -0.021591 0.008845 0.00
5.48 0.000209 0.004131 0.021857 -0.021591 0.008845 0.00
5.48 0.000209 0.004131 0.021857 -0.021591 0.008845 0.00
5.49 0.000209 0.004131 0.021857 -0.021591 0.008845 0.00
5.49 0.000209 0.004131 0.021857 -0.021591 0.008845 0.00
5.50 0.000209 0.004131 0.021857 -0.021591 0.008845 0.00
5.50 0.000209 0.004131 0.021857 -0.021591 0.008845 0.00
5.50 0.000209 0.004131 0.021857 -0.021591 0.008845 0.00
5.52 0.000209 0.004131 0.021857 -0.021591 0.008845 0.00
5.52 0.000209 0.004131 0.021857 -0.021591 0.008845 0.00
5.52 0.000209 0.004131 0.021857 -0.021591 0.008845 0.00
5.53 0.000209 0.004131 0.021857 -0.021591 0.008845 0.00
5.53 0.000209 0.004131 0.021857 -0.021591 0.008845 0.00
5.54 0.000209 0.004131 0.021857 -0.021591 0.008845 0.00
5.54 0.000209 0.004131 0.021857 -0.021591 0.008845 0.00
5.54 0.000209 0.004131 0.021857 -0.021591 0.008845 0.00
5.56 0.000209 0.004131 0.021857 -0.021591 0.008845 0.00
5.56 0.000209 0.004131 0.021857 -0.021591 0.008845 0.00
5.56 0.000209 0.004131 0.021857 -0.021591 0.008845 0.00
5.57 0.000209 0.004131 0.021857 -0.021591 0.008845 0.00
5.57 0.000209 0.004131 0.021857 -0.021591 0.008845 0.00
5.57 0.000209 0.004131 0.021857 -0.021591 0.008845 0.00
5.58 0.000209 0.004131 0.021857 -0.021591 0.008845 0.00
5.58 0.000209 0.004131 0.021857 -0.021591 0.008845 0.00
5.59 0.000209 0.004131 0.021857 -0.021591 0.008845 0.00
5.60 0.000209 0.004131 0.021857 -0.021591 0.008845 0.00
5.60 0.000209 0.004131 0.021857 -0.021591 0.008845 0.00
5.61 0.000209 0.004131 0.021857 -0.021591 0.008845 0.00
5.61 0.000209 0.004131 0.021857 -0.021591 0.008845 0.00
5.61 0.000209 0.004131 0.021857 -0.021591 0.008845 0.00
5.62 0.000209 0.004131 0.021857 -0.021591 0.008845 0.00
5.62 0.000209 0.004131 0.021857 -0.021591 0.008845 0.00
5.63 0.000209 0.004131 0.021857 -0.021591 0.008845 0.00
5.64 0.000209 0.004131 0.021857 -0.021591 0.008845 0.00
5.64 0.000209 0.004131 0.021857 -0.021591 0.008845 0.00
5.65 0.000209 0.004131 0.021857 -0.021591 0.008845 0.00
5.65 0.000209 0.004131 0.021857 -0.021591 0.008845 0.00
5.65 0.000209 0.004131 0.021857 -0.021591 0.008845 0.00
5.66 0.000209 0.004131 0.021857 -0.021591 0.008845 0.00
5.66 0.000209 0.004131 0.021857 -0.021591 0.008845 0.00
5.67 0.000209 0.004131 0.021857 -0.021591 0.008845 0.00
5.68 0.000209 0.004131 0.021857 -0.021591 0.008845 0.00
5.68 0.000209 0.004131 0.021857 -0.021591 0.008845 0.00
5.69 0.000209 0.004131 0.021857 -0.021591 0.008845 0.00
5.69 0.000209 0.004131 0.021857 -0.021591 0.008845 0.00
5.69 0.000209 0.004131 0.021857 -0.021591 0.008845 0.00
5.70 0.000209 0.004131 0.021857 -0.021591 0.008845 0.00
5.70 0.000209 0.004131 0.021857 -0.021591 0.008845 0.00
5.71 0.000209 0.004131 0.021857 -0.021591 0.008845 0.00
5.72 0.000209 0.004131 0.021857 -0.021591 0.008845 0.00
5.72 0.000209 0.004131 0.021857 -0.021591 0.008845 0.00
5.73 0.000209 0.004131 0.021857 -0.021591 0.008845 0.00
5.73 0.000209 0.004131 0.021857 -0.021591 0.008845 0.00
5.73 0.000209 0.004131 0.021857 -0.021591 0.008845 0.00
5.74 0.000209 0.004131 0.021857 -0.021591 0.008845 0.00
5.74 0.000209 0.004131 0.021857 -0.021591 0.008845 0.00
5.75 0.000209 0.004131 0.021857 -0.021591 0.008845 0.00
5.76 0.000209 0.004131 0.021857 -0.021591 0.008845 0.00
5.76 0.000209 0.004131 0.021857 -0.021591 0.008845 0.00
5.77 0.000209 0.004131 0.021857 -0.021591 0.008845 0.00
5.77 0.000209 0.004131 0.021857 -0.021591 0.008845 0.00
5.77 0.000209 0.004131 0.021857 -0.021591 0.008845 0.00
5.78 0.000209 0.004131 0.021857 -0.021591 0.008845 0.00
5.78 0.000209 0.004131 0.021857 -0.021591 0.008845 0.00
5.79 0.000209 0.004131 0.021857 -0.021591 0.008845 0.00
5.79 0.000209 0.004131 0.021857 -0.021591 0.008845 0.00
5.80 0.000209 0.004131 0.021857 -0.021591 0.008845 0.00
5.81 0.000209 0.004131 0.021857 -0.021591 0.008845 0.00
5.81 0.000209 0.004131 0.021857 -0.021591 0.008845 0.00
5.81 0.000209 0.004131 0.021857 -0.021591 0.008845 0.00
5.82 0.000209 0.004131 0.021857 -0.021591 0.008845 0.00
5.82 0.000209 0.004131 0.021857 -0.021591 0.008845 0.00
5.82 0.000209 0.004131 0.021857 -0.021591 0.008845 0.00
5.83 0.000209 0.004131 0.021857 -0.021591 0.008845 0.00
5.84 0.000209 0.004131 0.021857 -0.021591 0.008845 0.00
5.85 0.000209 0.004131 0.021857 -0.021591 0.008845 0.00
5.85 0.000209 0.004131 0.021857 -0.021591 0.008845 0.00
5.85 0.000209 0.004131 0.021857 -0.021591 0.008845 0.00
5.86 0.000209 0.004131 0.021857 -0.021591 0.008845 0.00
5.86 0.000209 0.004131 0.021857 -0.021591 0.008845 0.00
5.86 0.000209 0.004131 0.021857 -0.021591 0.008845 0.00
5.87 0.000209 0.004131 0.021857 -0.021591 0.008845 0.00
5.88 0.000209 0.004131 0.021857 -0.021591 0.008845 0.00
5.89 0.000209 0.004131 0.021857 -0.021591 0.008845 0.00
5.89 0.000209 0.004131 0.021857 -0.021591 0.008845 0.00
5.89 0.000209 0.004131 0.021857 -0.021591 0.008845 0.00
5.90 0.000209 0.004131 0.021857 -0.021591 0.008845 0.00
5.90 0.000209 0.004131 0.021857 -0.021591 0.008845 0.00
5.90 0.000209 0.004131 0.021857 -0.021591 0.008845 0.00
5.91 0.000209 0.004131 0.021857 -0.021591 0.008845 0.00
5.92 0.000209 0.004131 0.021857 -0.021591 0.008845 0.00
5.93 0.000209 0.004131 0.021857 -0.021591 0.008845 0.00
5.93 0.000209 0.004131 0.021857 -0.021591 0.008845 0.00
5.93 0.000209 0.004131 0.021857 -0.021591 0.008845 0.00
5.94 0.000209 0.004131 0.021857 -0.021591 0.008845 0.00
5.94 0.000209 0.004131 0.021857 -0.021591 0.008845 0.00
5.94 0.000209 0.004131 0.021857 -0.021591 0.008845 0.00
5.95 0.000209 0.004131 0.021857 -0.021591 0.008845 0.00
5.96 0.000209 0.004131 0.021857 -0.021591 0.008845 0.00
5.97 0.000209 0.004131 0.021857 -0.021591 0.008845 0.00
5.97 0.000209 0.004131 0.021857 -0.021591 0.008845 0.00
5.97 0.000209 0.004131 0.021857 -0.021591 0.008845 0.00
5.98 0.000209 0.004131 0.021857 -0.021591 0.008845 0.00
5.98 0.000209 0.004131 0.021857 -0.021591 0.008845 0.00
5.98 0.000209 0.004131 0.021857 -0.021591 0.008845 0.00
5.99 0.000209 0.004131 0.021857 -0.021591 0.008845 0.00
5.99 0.000209 0.004131 0.021857 -0.021591 0.008845 0.00
6.01 0.000209 0.004131 0.021857 -0.021591 0.008845 0.00
6.01 0.000209 0.004131 0.021857 -0.021591 0.008845 0.00
6.01 0.000209 0.004131 0.021857 -0.021591 0.008845 0.00
6.02 0.000209 0.004131 0.021857 -0.021591 0.008845 0.00
6.02 0.000209 0.004131 0.021857 -0.021591 0.008845 0.00
6.02 0.000209 0.004131 0.021857 -0.021591 0.008845 0.00
6.03 0.000209 0.004131 0.021857 -0.021591 0.008845 0.00
6.03 0.000209 0.004131 0.021857 -0.021591 0.008845 0.00
6.05 0.000209 0.004131 0.021857 -0.021591 0.008845 0.00
6.05 0.000209 0.004131 0.021857 -0.021591 0.008845 0.00
6.05 0.000209 0.004131 0.021857 -0.021591 0.008845 0.00
6.06 0.000209 0.004131 0.021857 -0.021591 0.008845 0.00
6.06 0.000209 0.004131 0.021857 -0.021591 0.008845 0.00
6.06 0.000209 0.004131 0.021857 -0.021591 0.008845 0.00
6.07 0.000209 0.004131 0.021857 -0.021591 0.008845 0.00
6.07 0.000209 0.004131 0.021857 -0.021591 0.008845 0.00
6.08 0.000209 0.004131 0.021857 -0.021591 0.008845 0.00
6.09 0.000209 0.004131 0.021857 -0.021591 0.008845 0.00
6.09 0.000209 0.004131 0.021857 -0.021591 0.008845 0.00
6.10 0.000209 0.004131 0.021857 -0.021591 0.008845 0.00
6.10 0.000209 0.004131 0.021857 -0.021591 0.008845 0.00
6.10 0.000209 0.004131 0.021857 -0.021591 0.008845 0.00
6.11 0.000209 0.004131 0.021857 -0.021591 0.008845 0.00
6.11 0.000209 0.004131 0.021857 -0.021591 0.008845 0.00
6.12 0.000209 0.004131 0.021857 -0.021591 0.008845 0.00
6.13 0.000209 0.004131 0.021857 -0.021591 0.008845 0.00
6.13 0.000209 0.004131 0.021857 -0.021591 0.008845 0.00
6.14 0.000209 0.004131 0.021857 -0.021591 0.008845 0.00
6.14 0.000209 0.004131 0.021857 -0.021591 0.008845 0.00
6.14 0.000209 0.004131 0.021857 -0.021591 0.008845 0.00
6.15 0.000209 0.004131 0.021857 -0.021591 0.008845 0.00
6.15 0.000209 0.004131 0.021857 -0.021591 0.008845 0.00
6.16 0.000209 0.004131 0.021857 -0.021591 0.008845 0.00
6.17 0.000209 0.004131 0.021857 -0.021591 0.008845 0.00
6.17 0.000209 0.004131 0.021857 -0.021591 0.008845 0.00
6.18 0.000209 0.004131 0.021857 -0.021591 0.008845 0.00
6.18 0.000209 0.004131 0.021857 -0.021591 0.008845 0.00
6.18 0.000209 0.004131 0.021857 -0.021591 0.008845 0.00
6.19 0.000209 0.004131 0.021857 -0.021591 0.008845 0.00
6.19 0.000209 0.004131 0.021857 -0.021591 0.008845 0.00
6.20 0.000209 0.004131 0.021857 -0.021591 0.008845 0.00
6.21 0.000209 0.004131 0.021857 -0.021591 0.008845 0.00
6.21 0.000209 0.004131 0.021857 -0.021591 0.008845 0.00
6.22 0.000209 0.004131 0.021857 -0.021591 0.008845 0.00
6.22 0.000209 0.004131 0.021857 -0.021591 0.008845 0.00
6.22 0.000209 0.004131 0.021857 -0.021591 0.008845 0.00
6.23 0.000209 0.004131 0.021857 -0.021591 0.008845 0.00
6.23 0.000209 0.004131 0.021857 -0.021591 0.008845 0.00
6.23 0.000209 0.004131 0.021857 -0.021591 0.008845 0.00
6.25 0.000209 0.004131 0.021857 -0.021591 0.008845 0.00
6.25 0.000209 0.004131 0.021857 -0.021591 0.008845 0.00
6.26 0.000209 0.004131 0.021857 -0.021591 0.008845 0.00
6.26 0.000209 0.004131 0.021857 -0.021591 0.008845 0.00
6.26 0.000209 0.004131 0.021857 -0.021591 0.008845 0.00
6.27 0.000209 0.004131 0.021857 -0.021591 0.008845 0.00
6.27 0.000209 0.004131 0.021857 -0.021591 0.008845 0.00
6.27 0.000209 0.004131 0.021857 -0.021591 0.008845 0.00
6.29 0.000209 0.004131 0.021857 -0.021591 0.008845 0.00
6.29 0.000209 0.004131 0.021857 -0.021591 0.008845 0.00
6.30 0.000209 0.004131 0.021857 -0.021591 0.008845 0.00
6.30 0.000209 0.004131 0.021857 -0.021591 0.008845 0.00
6.30 0.000209 0.004131 0.021857 -0.021591 0.008845 0.00
6.31 0.000209 0.004131 0.021857 -0.021591 0.008845 0.00
6.31 0.000209 0.004131 0.021857 -0.021591 0.008845 0.00
6.31 0.000209 0.004131 0.021857 -0.021591 0.008845 0.00
6.33 0.000209 0.004131 0.021857 -0.021591 0.008845 0.00
6.33 0.000209 0.004131 0.021857 -0.021591 0.008845 0.00
6.33 0.000209 0.004131 0.021857 -0.021591 0.008845 0.00
6.34 0.000209 0.004131 0.021857 -0.021591 0.008845 0.00
6.34 0.000209 0.004131 0.021857 -0.021591 0.008845 0.00
6.35 0.000209 0.004131 0.021857 -0.021591 0.008845 0.00
6.35 0.000209 0.004131 0.021857 -0.021591 0.008845 0.00
6.35 0.000209 0.004131 0.021857 -0.021591 0.008845 0.00
6.37 0.000209 0.004131 0.021857 -0.021591 0.008845 0.00
6.37 0.000209 0.004131 0.021857 -0.021591 0.008845 0.00
6.37 0.000209 0.004131 0.021857 -0.021591 0.008845 0.00
6.38 0.000209 0.004131 0.021857 -0.021591 0.008845 0.00
6.38 0.000209 0.004131 0.021857 -0.021591 0.008845 0.00
6.39 0.000209 0.004131 0.021857 -0.021591 0.008845 0.00
6.39 0.000209 0.004131 0.021857 -0.021591 0.008845 0.00
6.39 0.000209 0.004131 0.021857 -0.021591 0.008845 0.00
6.41 0.000209 0.004131 0.021857 -0.021591 0.008845 0.00
6.41 0.000209 0.004131 0.021857 -0.021591 0.008845 0.00
6.41 0.000209 0.004131 0.021857 -0.021591 0.008845 0.00
6.42 0.000209 0.004131 0.021857 -0.021591 0.008845 0.00
6.42 0.000209 0.004131 0.021857 -0.021591 0.008845 0.00
6.43 0.000209 0.004131 0.021857 -0.021591 0.008845 0.00
6.43 0.000209 0.004131 0.021857 -0.021591 0.008845 0.00
6.43 0.000209 0.004131 0.021857 -0.021591 0.008845 0.00
6.45 0.000209 0.004131 0.021857 -0.021591 0.008845 0.00
6.45 0.000209 0.004131 0.021857 -0.021591 0.008845 0.00
6.45 0.000209 0.004131 0.021857 -0.021591 0.008845 0.00
6.46 0.000209 0.004131 0.021857 -0.021591 0.008845 0.00
6.46 0.000209 0.004131 0.021857 -0.021591 0.008845 0.00
6.47 0.000209 0.004131 0.021857 -0.021591 0.008845 0.00
6.47 0.000209 0.004131 0.021857 -0.021591 0.008845 0.00
6.47 0.000209 0.004131 0.021857 -0.021591 0.008845 0.00
6.48 0.000209 0.004131 0.021857 -0.021591 0.008845 0.00
6.49 0.000209 0.004131 0.021857 -0.021591 0.008845 0.00
6.49 0.000209 0.004131 0.021857 -0.021591 0.008845 0.00
6.50 0.000209 0.004131 0.021857 -0.021591 0.008845 0.00
6.50 0.000209 0.004131 0.021857 -0.021591 0.008845 0.00
6.51 0.000209 0.004131 0.021857 -0.021591 0.008845 0.00
6.51 0.000209 0.004131 0.021857 -0.021591 0.008845 0.00
6.51 0.000209 0.004131 0.021857 -0.021591 0.008845 0.00
6.52 0.000209 0.004131 0.021857 -0.021591 0.008845 0.00
6.53 0.000209 0.004131 0.021857 -0.021591 0.008845 0.00
6.53 0.000209 0.004131 0.021857 -0.021591 0.008845 0.00
6.54 0.000209 0.004131 0.021857 -0.021591 0.008845 0.00
6.54 0.000209 0.004131 0.021857 -0.021591 0.008845 0.00
6.55 0.000209 0.004131 0.021857 -0.021591 0.008845 0.00
6.55 0.000209 0.004131 0.021857 -0.021591 0.008845 0.00
6.55 0.000209 0.004131 0.021857 -0.021591 0.008845 0.00
6.56 0.000209 0.004131 0.021857 -0.021591 0.008845 0.00
6.57 0.000209 0.004131 0.021857 -0.021591 0.008845 0.00
6.57 0.000209 0.004131 0.021857 -0.021591 0.008845 0.00
6.58 0.000209 0.004131 0.021857 -0.021591 0.008845 0.00
6.58 0.000209 0.004131 0.021857 -0.021591 0.008845 0.00
6.58 0.000209 0.004131 0.021857 -0.021591 0.008845 0.00
6.59 0.000209 0.004131 0.021857 -0.021591 0.008845 0.00
6.59 0.000209 0.004131 0.021857 -0.021591 0.008845 0.00
6.60 0.000209 0.004131 0.021857 -0.021591 0.008845 0.00
6.61 0.000209 0.004131 0.021857 -0.021591 0.008845 0.00
6.61 0.000209 0.004131 0.021857 -0.021591 0.008845 0.00
6.62 0.000209 0.004131 0.021857 -0.021591 0.008845 0.00
6.62 0.000209 0.004131 0.021857 -0.021591 0.008845 0.00
6.62 0.000209 0.004131 0.021857 -0.021591 0.008845 0.00
6.63 0.000209 0.004131 0.021857 -0.021591 0.008845 0.00
6.63 0.000209 0.004131 0.021857 -0.021591 0.008845 0.00
6.64 0.000209 0.004131 0.021857 -0.021591 0.008845 0.00
6.65 0.000209 0.004131 0.021857 -0.021591 0.008845 0.00
6.65 0.000209 0.004131 0.021857 -0.021591 0.008845 0.00
6.66 0.000209 0.004131 0.021857 -0.021591 0.008845 0.00
6.66 0.000209 0.004131 0.021857 -0.021591 0.008845 0.00
6.66 0.000209 0.004131 0.021857 -0.021591 0.008845 0.00
6.67 0.000209 0.004131 0.021857 -0.021591 0.008845 0.00
6.67 0.000209 0.004131 0.021857 -0.021591 0.008845 0.00
6.68 0.000209 0.004131 0.021857 -0.021591 0.008845 0.00
6.68 0.000209 0.004131 0.021857 -0.021591 0.008845 0.00
6.69 0.000209 0.004131 0.021857 -0.021591 0.008845 0.00
6.70 0.000209 0.004131 0.021857 -0.021591 0.008845 0.00
6.70 0.000209 0.004131 0.021857 -0.021591 0.008845 0.00
6.70 0.000209 0.004131 0.021857 -0.021591 0.008845 0.00
6.71 0.000209 0.004131 0.021857 -0.021591 0.008845 0.00
6.71 0.000209 0.004131 0.021857 -0.021591 0.008845 0.00
6.72 0.000209 0.004131 0.021857 -0.021591 0.008845 0.00
6.72 0.000209 0.004131 0.021857 -0.021591 0.008845 0.00
6.73 0.000209 0.004131 0.021857 -0.021591 0.008845 0.00
6.74 0.000209 0.004131 0.021857 -0.021591 0.008845 0.00
6.74 0.000209 0.004131 0.021857 -0.021591 0.008845 0.00
6.74 0.000209 0.004131 0.021857 -0.021591 0.008845 0.00
6.75 0.000209 0.004131 0.021857 -0.021591 0.008845 0.00
6.75 0.000209 0.004131 0.021857 -0.021591 0.008845 0.00
6.76 0.000209 0.004131 0.021857 -0.021591 0.008845 0.00
6.76 0.000209 0.004131 0.021857 -0.021591 0.008845 0.00
6.77 0.000209 0.004131 0.021857 -0.021591 0.008845 0.00
6.78 0.000209 0.004131 0.021857 -0.021591 0.008845 0.00
6.78 0.000209 0.004131 0.021857 -0.021591 0.008845 0.00
6.78 0.000209 0.004131 0.021857 -0.021591 0.008845 0.00
6.79 0.000209 0.004131 0.021857 -0.021591 0.008845 0.00
6.79 0.000209 0.004131 0.021857 -0.021591 0.008845 0.00
6.80 0.000209 0.004131 0.021857 -0.021591 0.008845 0.00
6.80 0.000209 0.004131 0.021857 -0.021591 0.008845 0.00
6.81 0.000209 0.004131 0.021857 -0.021591 0.008845 0.00
6.82 0.000209 0.004131 0.021857 -0.021591 0.008845 0.00
6.82 0.000209 0.004131 0.021857 -0.021591 0.008845 0.00
6.82 0.000209 0.004131 0.021857 -0.021591 0.008845 0.00
6.83 0.000209 0.004131 0.021857 -0.021591 0.008845 0.00
6.83 0.000209 0.004131 0.021857 -0.021591 0.008845 0.00
6.83 0.000209 0.004131 0.021857 -0.021591 0.008845 0.00
6.84 0.000209 0.004131 0.021857 -0.021591 0.008845 0.00
6.85 0.000209 0.004131 0.021857 -0.021591 0.008845 0.00
6.86 0.000209 0.004131 0.021857 -0.021591 0.008845 0.00
6.86 0.000209 0.004131 0.021857 -0.021591 0.008845 0.00
6.86 0.000209 0.004131 0.021857 -0.021591 0.008845 0.00
6.87 0.000209 0.004131 0.021857 -0.021591 0.008845 0.00
6.87 0.000209 0.004131 0.021857 -0.021591 0.008845 0.00
6.87 0.000209 0.004131 0.021857 -0.021591 0.008845 0.00
6.88 0.000209 0.004131 0.021857 -0.021591 0.008845 0.00
6.88 0.000209 0.004131 0.021857 -0.021591 0.008845 0.00
6.90 0.000209 0.004131 0.021857 -0.021591 0.008845 0.00
6.90 0.000209 0.004131 0.021857 -0.021591 0.008845 0.00
6.90 0.000209 0.004131 0.021857 -0.021591 0.008845 0.00
6.91 0.000209 0.004131 0.021857 -0.021591 0.008845 0.00
6.91 0.000209 0.004131 0.021857 -0.021591 0.008845 0.00
6.91 0.000209 0.004131 0.021857 -0.021591 0.008845 0.00
6.92 0.000209 0.004131 0.021857 -0.021591 0.008845 0.00
6.92 0.000209 0.004131 0.021857 -0.021591 0.008845 0.00
6.94 0.000209 0.004131 0.021857 -0.021591 0.008845 0.00
6.94 0.000209 0.004131 0.021857 -0.021591 0.008845 0.00
6.94 0.000209 0.004131 0.021857 -0.021591 0.008845 0.00
6.95 0.000209 0.004131 0.021857 -0.021591 0.008845 0.00
6.95 0.000209 0.004131 0.021857 -0.021591 0.008845 0.00
6.95 0.000209 0.004131 0.021857 -0.021591 0.008845 0.00
6.96 0.000209 0.004131 0.021857 -0.021591 0.008845 0.00
6.96 0.000209 0.004131 0.021857 -0.021591 0.008845 0.00
6.98 0.000209 0.004131 0.021857 -0.021591 0.008845 0.00
6.98 0.000209 0.004131 0.021857 -0.021591 0.008845 0.00
6.98 0.000209 0.004131 0.021857 -0.021591 0.008845 0.00
6.99 0.000209 0.004131 0.021857 -0.021591 0.008845 0.00
6.99 0.000209 0.004131 0.021857 -0.021591 0.008845 0.00
6.99 0.000209 0.004131 0.021857 -0.021591 0.008845 0.00
7.00 0.000209 0.004131 0.021857 -0.021591 0.008845 0.00
7.00 0.000209 0.004131 0.021857 -0.021591 0.008845 0.00
7.02 0.000209 0.004131 0.021857 -0.021591 0.008845 0.00
7.02 0.000209 0.004131 0.021857 -0.021591 0.008845 0.00
7.02 0.000209 0.004131 0.021857 -0.021591 0.008845 0.00
7.03 0.000209 0.004131 0.021857 -0.021591 0.008845 0.00
7.03 0.000209 0.004131 0.021857 -0.021591 0.008845 0.00
7.03 0.000209 0.004131 0.021857 -0.021591 0.008845 0.00
7.04 0.000209 0.004131 0.021857 -0.021591 0.008845 0.00
7.04 0.000209 0.004131 0.021857 -0.021591 0.008845 0.00
7.06 0.000209 0.004131 0.021857 -0.021591 0.008845 0.00
7.06 0.000209 0.004131 0.021857 -0.021591 0.008845 0.00
7.06 0.000209 0.004131 0.021857 -0.021591 0.008845 0.00
7.07 0.000209 0.004131 0.021857 -0.021591 0.008845 0.00
7.07 0.000209 0.004131 0.021857 -0.021591 0.008845 0.00
7.07 0.000209 0.004131 0.021857 -0.021591 0.008845 0.00
7.08 0.000209 0.004131 0.021857 -0.021591 0.008845 0.00
7.08 0.000209 0.004131 0.021857 -0.021591 0.008845 0.00
7.09 0.000209 0.004131 0.021857 -0.021591 0.008845 0.00
7.10 0.000209 0.004131 0.021857 -0.021591 0.008845 0.00
7.10 0.000209 0.004131 0.021857 -0.021591 0.008845 0.00
7.11 0.000209 0.004131 0.021857 -0.021591 0.008845 0.00
7.11 0.000209 0.004131 0.021857 -0.021591 0.008845 0.00
7.11 0.000209 0.004131 0.021857 -0.021591 0.008845 0.00
7.12 0.000209 0.004131 0.021857 -0.021591 0.008845 0.00
7.12 0.000209 0.004131 0.021857 -0.021591 0.008845 0.00
7.12 0.000209 0.004131 0.021857 -0.021591 0.008845 0.00
7.14 0.000209 0.004131 0.021857 -0.021591 0.008845 0.00
7.14 0.000209 0.004131 0.021857 -0.021591 0.008845 0.00
7.15 0.000209 0.004131 0.021857 -0.021591 0.008845 0.00
7.15 0.000209 0.004131 0.021857 -0.021591 0.008845 0.00
7.15 0.000209 0.004131 0.021857 -0.021591 0.008845 0.00
7.16 0.000209 0.004131 0.021857 -0.021591 0.008845 0.00
7.16 0.000209 0.004131 0.021857 -0.021591 0.008845 0.00
7.16 0.000209 0.004131 0.021857 -0.021591 0.008845 0.00
7.18 0.000209 0.004131 0.021857 -0.021591 0.008845 0.00
7.18 0.000209 0.004131 0.021857 -0.021591 0.008845 0.00
7.19 0.000209 0.004131 0.021857 -0.021591 0.008845 0.00
7.19 0.000209 0.004131 0.021857 -0.021591 0.008845 0.00
7.19 0.000209 0.004131 0.021857 -0.021591 0.008845 0.00
7.20 0.000209 0.004131 0.021857 -0.021591 0.008845 0.00
7.20 0.000209 0.004131 0.021857 -0.021591 0.008845 0.00
7.20 0.000209 0.004131 0.021857 -0.021591 0.008845 0.00
7.22 0.000209 0.004131 0.021857 -0.021591 0.008845 0.00
7.22 0.000209 0.004131 0.021857 -0.021591 0.008845 0.00
7.23 0.000209 0.004131 0.021857 -0.021591 0.008845 0.00
7.23 0.000209 0.004131 0.021857 -0.021591 0.008845 0.00
7.23 0.000209 0.004131 0.021857 -0.021591 0.008845 0.00
7.24 0.000209 0.004131 0.021857 -0.021591 0.008845 0.00
7.24 0.000209 0.004131 0.021857 -0.021591 0.008845 0.00
7.24 0.000209 0.004131 0.021857 -0.021591 0.008845 0.00
7.26 0.000209 0.004131 0.021857 -0.021591 0.008845 0.00
7.26 0.000209 0.004131 0.021857 -0.021591 0.008845 0.00
7.27 0.000209 0.004131 0.021857 -0.021591 0.008845 0.00
7.27 0.000209 0.004131 0.021857 -0.021591 0.008845 0.00
7.27 0.000209 0.004131 0.021857 -0.021591 0.008845 0.00
7.28 0.000209 0.004131 0.021857 -0.021591 0.008845 0.00
7.28 0.000209 0.004131 0.021857 -0.021591 0.008845 0.00
7.28 0.000209 0.004131 0.021857 -0.021591 0.008845 0.00
7.30 0.000209 0.004131 0.021857 -0.021591 0.008845 0.00
7.30 0.000209 0.004131 0.021857 -0.021591 0.008845 0.00
7.31 0.000209 0.004131 0.021857 -0.021591 0.008845 0.00
7.31 0.000209 0.004131 0.021857 -0.021591 0.008845 0.00
7.31 0.000209 0.004131 0.021857 -0.021591 0.008845 0.00
7.32 0.000209 0.004131 0.021857 -0.021591 0.008845 0.00
7.32 0.000209 0.004131 0.021857 -0.021591 0.008845 0.00
7.32 0.000209 0.004131 0.021857 -0.021591 0.008845 0.00
7.34 0.000209 0.004131 0.021857 -0.021591 0.008845 0.00
7.34 0.000209 0.004131 0.021857 -0.021591 0.008845 0.00
7.34 0.000209 0.004131 0.021857 -0.021591 0.008845 0.00
7.35 0.000209 0.004131 0.021857 -0.021591 0.008845 0.00
7.35 0.000209 0.004131 0.021857 -0.021591 0.008845 0.00
7.36 0.000209 0.004131 0.021857 -0.021591 0.008845 0.00
7.36 0.000209 0.004131 0.021857 -0.021591 0.008845 0.00
7.36 0.000209 0.004131 0.021857 -0.021591 0.008845 0.00
7.37 0.000209 0.004131 0.021857 -0.021591 0.008845 0.00
7.38 0.000209 0.004131 0.021857 -0.021591 0.008845 0.00
7.38 0.000209 0.004131 0.021857 -0.021591 0.008845 0.00
7.39 0.000209 0.004131 0.021857 -0.021591 0.008845 0.00
7.39 0.000209 0.004131 0.021857 -0.021591 0.008845 0.00
7.40 0.000209 0.004131 0.021857 -0.021591 0.008845 0.00
7.40 0.000209 0.004131 0.021857 -0.021591 0.008845 0.00
7.40 0.000209 0.004131 0.021857 -0.021591 0.008845 0.00
7.41 0.000209 0.004131 0.021857 -0.021591 0.008845 0.00
7.42 0.000209 0.004131 0.021857 -0.021591 0.008845 0.00
7.42 0.000209 0.004131 0.021857 -0.021591 0.008845 0.00
7.43 0.000209 0.004131 0.021857 -0.021591 0.008845 0.00
7.43 0.000209 0.004131 0.021857 -0.021591 0.008845 0.00
7.44 0.000209 0.004131 0.021857 -0.021591 0.008845 0.00
7.44 0.000209 0.004131 0.021857 -0.021591 0.008845 0.00
7.44 0.000209 0.004131 0.021857 -0.021591 0.008845 0.00
7.45 0.000209 0.004131 0.021857 -0.021591 0.008845 0.00
7.46 0.000209 0.004131 0.021857 -0.021591 0.008845 0.00
7.46 0.000209 0.004131 0.021857 -0.021591 0.008845 0.00
7.47 0.000209 0.004131 0.021857 -0.021591 0.008845 0.00
7.47 0.000209 0.004131 0.021857 -0.021591 0.008845 0.00
7.48 0.000209 0.004131 0.021857 -0.021591 0.008845 0.00
7.48 0.000209 0.004131 0.021857 -0.021591 0.008845 0.00
7.48 0.000209 0.004131 0.021857 -0.021591 0.008845 0.00
7.49 0.000209 0.004131 0.021857 -0.021591 0.008845 0.00
7.50 0.000209 0.004131 0.021857 -0.021591 0.008845 0.00
7.50 0.000209 0.004131 0.021857 -0.021591 0.008845 0.00
7.51 0.000209 0.004131 0.021857 -0.021591 0.008845 0.00
7.51 0.000209 0.004131 0.021857 -0.021591 0.008845 0.00
7.52 0.000209 0.004131 0.021857 -0.021591 0.008845 0.00
7.52 0.000209 0.004131 0.021857 -0.021591 0.008845 0.00
7.52 0.000209 0.004131 0.021857 -0.021591 0.008845 0.00
7.53 0.000209 0.004131 0.021857 -0.021591 0.008845 0.00
7.54 0.000209 0.004131 0.021857 -0.021591 0.008845 0.00
7.54 0.000209 0.004131 0.021857 -0.021591 0.008845 0.00
7.55 0.000209 0.004131 0.021857 -0.021591 0.008845 0.00
7.55 0.000209 0.004131 0.021857 -0.021591 0.008845 0.00
7.56 0.000209 0.004131 0.021857 -0.021591 0.008845 0.00
7.56 0.000209 0.004131 0.021857 -0.021591 0.008845 0.00
7.56 0.000209 0.004131 0.021857 -0.021591 0.008845 0.00
7.57 0.000209 0.004131 0.021857 -0.021591 0.008845 0.00
7.57 0.000209 0.004131 0.021857 -0.021591 0.008845 0.00
7.58 0.000209 0.004131 0.021857 -0.021591 0.008845 0.00
7.59 0.000209 0.004131 0.021857 -0.021591 0.008845 0.00
7.59 0.000209 0.004131 0.021857 -0.021591 0.008845 0.00
7.59 0.000209 0.004131 0.021857 -0.021591 0.008845 0.00
7.60 0.000209 0.004131 0.021857 -0.021591 0.008845 0.00
7.60 0.000209 0.004131 0.021857 -0.021591 0.008845 0.00
7.61 0.000209 0.004131 0.021857 -0.021591 0.008845 0.00
7.61 0.000209 0.004131 0.021857 -0.021591 0.008845 0.00
7.62 0.000209 0.004131 0.021857 -0.021591 0.008845 0.00
7.63 0.000209 0.004131 0.021857 -0.021591 0.008845 0.00
7.63 0.000209 0.004131 0.021857 -0.021591 0.008845 0.00
7.63 0.000209 0.004131 0.021857 -0.021591 0.008845 0.00
7.64 0.000209 0.004131 0.021857 -0.021591 0.008845 0.00
7.64 0.000209 0.004131 0.021857 -0.021591 0.008845 0.00
7.65 0.000209 0.004131 0.021857 -0.021591 0.008845 0.00
7.65 0.000209 0.004131 0.021857 -0.021591 0.008845 0.00
7.66 0.000209 0.004131 0.021857 -0.021591 0.008845 0.00
7.67 0.000209 0.004131 0.021857 -0.021591 0.008845 0.00
7.67 0.000209 0.004131 0.021857 -0.021591 0.008845 0.00
7.67 0.000209 0.004131 0.021857 -0.021591 0.008845 0.00
7.68 0.000209 0.004131 0.021857 -0.021591 0.008845 0.00
7.68 0.000209 0.004131 0.021857 -0.021591 0.008845 0.00
7.69 0.000209 0.004131 0.021857 -0.021591 0.008845 0.00
7.69 0.000209 0.004131 0.021857 -0.021591 0.008845 0.00
7.70 0.000209 0.004131 0.021857 -0.021591 0.008845 0.00
7.71 0.000209 0.004131 0.021857 -0.021591 0.008845 0.00
7.71 0.000209 0.004131 0.021857 -0.021591 0.008845 0.00
7.71 0.000209 0.004131 0.021857 -0.021591 0.008845 0.00
7.72 0.000209 0.004131 0.021857 -0.021591 0.008845 0.00
7.72 0.000209 0.004131 0.021857 -0.021591 0.008845 0.00
7.73 0.000209 0.004131 0.021857 -0.021591 0.008845 0.00
7.73 0.000209 0.004131 0.021857 -0.021591 0.008845 0.00
7.74 0.000209 0.004131 0.021857 -0.021591 0.008845 0.00
7.75 0.000209 0.004131 0.021857 -0.021591 0.008845 0.00
7.75 0.000209 0.004131 0.021857 -0.021591 0.008845 0.00
7.75 0.000209 0.004131 0.021857 -0.021591 0.008845 0.00
7.76 0.000209 0.004131 0.021857 -0.021591 0.008845 0.00
7.76 0.000209 0.004131 0.021857 -0.021591 0.008845 0.00
7.77 0.000209 0.004131 0.021857 -0.021591 0.008845 0.00
7.77 0.000209 0.004131 0.021857 -0.021591 0.008845 0.00
7.77 0.000209 0.004131 0.021857 -0.021591 0.008845 0.00
7.79 0.000209 0.004131 0.021857 -0.021591 0.008845 0.00
7.79 0.000209 0.004131 0.021857 -0.021591 0.008845 0.00
7.79 0.000209 0.004131 0.021857 -0.021591 0.008845 0.00
7.80 0.000209 0.004131 0.021857 -0.021591 0.008845 0.00
7.80 0.000209 0.004131 0.021857 -0.021591 0.008845 0.00
7.81 0.000209 0.004131 0.021857 -0.021591 0.008845 0.00
7.81 0.000209 0.004131 0.021857 -0.021591 0.008845 0.00
7.81 0.000209 0.004131 0.021857 -0.021591 0.008845 0.00
7.83 0.000209 0.004131 0.021857 -0.021591 0.008845 0.00
7.83 0.000209 0.004131 0.021857 -0.021591 0.008845 0.00
7.83 0.000209 0.004131 0.021857 -0.021591 0.008845 0.00
7.84 0.000209 0.004131 0.021857 -0.021591 0.008845 0.00
7.84 0.000209 0.004131 0.021857 -0.021591 0.008845 0.00
7.84 0.000209 0.004131 0.021857 -0.021591 0.008845 0.00
7.85 0.000209 0.004131 0.021857 -0.021591 0.008845 0.00
7.85 0.000209 0.004131 0.021857 -0.021591 0.008845 0.00
7.87 0.000209 0.004131 0.021857 -0.021591 0.008845 0.00
7.87 0.000209 0.004131 0.021857 -0.021591 0.008845 0.00
7.87 0.000209 0.004131 0.021857 -0.021591 0.008845 0.00
7.88 0.000209 0.004131 0.021857 -0.021591 0.008845 0.00
7.88 0.000209 0.004131 0.021857 -0.021591 0.008845 0.00
7.88 0.000209 0.004131 0.021857 -0.021591 0.008845 0.00
7.89 0.000209 0.004131 0.021857 -0.021591 0.008845 0.00
7.89 0.000209 0.004131 0.021857 -0.021591 0.008845 0.00
7.91 0.000209 0.004131 0.021857 -0.021591 0.008845 0.00
7.91 0.000209 0.004131 0.021857 -0.021591 0.008845 0.00
7.91 0.000209 0.004131 0.021857 -0.021591 0.008845 0.00
7.92 0.000209 0.004131 0.021857 -0.021591 0.008845 0.00
7.92 0.000209 0.004131 0.021857 -0.021591 0.008845 0.00
7.92 0.000209 0.004131 0.021857 -0.021591 0.008845 0.00
7.93 0.000209 0.004131 0.021857 -0.021591 0.008845 0.00
7.93 0.000209 0.004131 0.021857 -0.021591 0.008845 0.00
7.95 0.000209 0.004131 0.021857 -0.021591 0.008845 0.00
7.95 0.000209 0.004131 0.021857 -0.021591 0.008845 0.00
7.95 0.000209 0.004131 0.021857 -0.021591 0.008845 0.00
7.96 0.000209 0.004131 0.021857 -0.021591 0.008845 0.00
7.96 0.000209 0.004131 0.021857 -0.021591 0.008845 0.00
7.96 0.000209 0.004131 0.021857 -0.021591 0.008845 0.00
7.97 0.000209 0.004131 0.021857 -0.021591 0.008845 0.00
7.97 0.000209 0.004131 0.021857 -0.021591 0.008845 0.00
7.99 0.000209 0.004131 0.021857 -0.021591 0.008845 0.00
7.99 0.000209 0.004131 0.021857 -0.021591 0.008845 0.00
7.99 0.000209 0.004131 0.021857 -0.021591 0.008845 0.00
8.00 0.000209 0.004131 0.021857 -0.021591 0.008845 0.00
8.00 0.000209 0.004131 0.021857 -0.021591 0.008845 0.00
8.00 0.000209 0.004131 0.021857 -0.021591 0.008845 0.00
8.01 0.000209 0.004131 0.021857 -0.021591 0.008845 0.00
8.01 0.000209 0.004131 0.021857 -0.021591 0.008845 0.00
8.03 0.000209 0.004131 0.021857 -0.021591 0.008845 0.00
8.03 0.000209 0.004131 0.021857 -0.021591 0.008845 0.00
8.03 0.000209 0.004131 0.021857 -0.021591 0.008845 0.00
8.04 0.000209 0.004131 0.021857 -0.021591 0.008845 0.00
8.04 0.000209 0.004131 0.021857 -0.021591 0.008845 0.00
8.04 0.000209 0.004131 0.021857 -0.021591 0.008845 0.00
8.05 0.000209 0.004131 0.021857 -0.021591 0.008845 0.00
8.05 0.000209 0.004131 0.021857 -0.021591 0.008845 0.00
8.06 0.000209 0.004131 0.021857 -0.021591 0.008845 0.00
8.07 0.000209 0.004131 0.021857 -0.021591 0.008845 0.00
8.07 0.000209 0.004131 0.021857 -0.021591 0.008845 0.00
8.08 0.000209 0.004131 0.021857 -0.021591 0.008845 0.00
8.08 0.000209 0.004131 0.021857 -0.021591 0.008845 0.00
8.08 0.000209 0.004131 0.021857 -0.021591 0.008845 0.00
8.09 0.000209 0.004131 0.021857 -0.021591 0.008845 0.00
8.09 0.000209 0.004131 0.021857 -0.021591 0.008845 0.00
8.09 0.000209 0.004131 0.021857 -0.021591 0.008845 0.00
8.11 0.000209 0.004131 0.021857 -0.021591 0.008845 0.00
8.11 0.000209 0.004131 0.021857 -0.021591 0.008845 0.00
8.12 0.000209 0.004131 0.021857 -0.021591 0.008845 0.00
8.12 0.000209 0.004131 0.021857 -0.021591 0.008845 0.00
8.12 0.000209 0.004131 0.021857 -0.021591 0.008845 0.00
8.13 0.000209 0.004131 0.021857 -0.021591 0.008845 0.00
8.13 0.000209 0.004131 0.021857 -0.021591 0.008845 0.00
8.13 0.000209 0.004131 0.021857 -0.021591 0.008845 0.00
8.15 0.000209 0.004131 0.021857 -0.021591 0.008845 0.00
8.15 0.000209 0.004131 0.021857 -0.021591 0.008845 0.00
8.16 0.000209 0.004131 0.021857 -0.021591 0.008845 0.00
8.16 0.000209 0.004131 0.021857 -0.021591 0.008845 0.00
8.16 0.000209 0.004131 0.021857 -0.021591 0.008845 0.00
8.17 0.000209 0.004131 0.021857 -0.021591 0.008845 0.00
8.17 0.000209 0.004131 0.021857 -0.021591 0.008845 0.00
8.17 0.000209 0.004131 0.021857 -0.021591 0.008845 0.00
8.19 0.000209 0.004131 0.021857 -0.021591 0.008845 0.00
8.19 0.000209 0.004131 0.021857 -0.021591 0.008845 0.00
8.20 0.000209 0.004131 0.021857 -0.021591 0.008845 0.00
8.20 0.000209 0.004131 0.021857 -0.021591 0.008845 0.00
8.20 0.000209 0.004131 0.021857 -0.021591 0.008845 0.00
8.21 0.000209 0.004131 0.021857 -0.021591 0.008845 0.00
8.21 0.000209 0.004131 0.021857 -0.021591 0.008845 0.00
8.21 0.000209 0.004131 0.021857 -0.021591 0.008845 0.00
8.23 0.000209 0.004131 0.021857 -0.021591 0.008845 0.00
8.23 0.000209 0.004131 0.021857 -0.021591 0.008845 0.00
8.24 0.000209 0.004131 0.021857 -0.021591 0.008845 0.00
8.24 0.000209 0.004131 0.021857 -0.021591 0.008845 0.00
8.24 0.000209 0.004131 0.021857 -0.021591 0.008845 0.00
8.25 0.000209 0.004131 0.021857 -0.021591 0.008845 0.00
8.25 0.000209 0.004131 0.021857 -0.021591 0.008845 0.00
8.25 0.000209 0.004131 0.021857 -0.021591 0.008845 0.00
8.26 0.000209 0.004131 0.021857 -0.021591 0.008845 0.00
8.27 0.000209 0.004131 0.021857 -0.021591 0.008845 0.00
8.28 0.000209 0.004131 0.021857 -0.021591 0.008845 0.00
8.28 0.000209 0.004131 0.021857 -0.021591 0.008845 0.00
8.28 0.000209 0.004131 0.021857 -0.021591 0.008845 0.00
8.29 0.000209 0.004131 0.021857 -0.021591 0.008845 0.00
8.29 0.000209 0.004131 0.021857 -0.021591 0.008845 0.00
8.29 0.000209 0.004131 0.021857 -0.021591 0.008845 0.00
8.30 0.000209 0.004131 0.021857 -0.021591 0.008845 0.00
8.31 0.000209 0.004131 0.021857 -0.021591 0.008845 0.00
8.32 0.000209 0.004131 0.021857 -0.021591 0.008845 0.00
8.32 0.000209 0.004131 0.021857 -0.021591 0.008845 0.00
8.32 0.000209 0.004131 0.021857 -0.021591 0.008845 0.00
8.33 0.000209 0.004131 0.021857 -0.021591 0.008845 0.00
8.33 0.000209 0.004131 0.021857 -0.021591 0.008845 0.00
8.33 0.000209 0.004131 0.021857 -0.021591 0.008845 0.00
8.34 0.000209 0.004131 0.021857 -0.021591 0.008845 0.00
8.35 0.000209 0.004131 0.021857 -0.021591 0.008845 0.00
8.35 0.000209 0.004131 0.021857 -0.021591 0.008845 0.00
8.36 0.000209 0.004131 0.021857 -0.021591 0.008845 0.00
8.36 0.000209 0.004131 0.021857 -0.021591 0.008845 0.00
8.37 0.000209 0.004131 0.021857 -0.021591 0.008845 0.00
8.37 0.000209 0.004131 0.021857 -0.021591 0.008845 0.00
8.37 0.000209 0.004131 0.021857 -0.021591 0.008845 0.00
8.38 0.000209 0.004131 0.021857 -0.021591 0.008845 0.00
8.39 0.000209 0.004131 0.021857 -0.021591 0.008845 0.00
8.39 0.000209 0.004131 0.021857 -0.021591 0.008845 0.00
8.40 0.000209 0.004131 0.021857 -0.021591 0.008845 0.00
8.40 0.000209 0.004131 0.021857 -0.021591 0.008845 0.00
8.41 0.000209 0.004131 0.021857 -0.021591 0.008845 0.00
8.41 0.000209 0.004131 0.021857 -0.021591 0.008845 0.00
8.41 0.000209 0.004131 0.021857 -0.021591 0.008845 0.00
8.42 0.000209 0.004131 0.021857 -0.021591 0.008845 0.00
8.43 0.000209 0.004131 0.021857 -0.021591 0.008845 0.00
8.43 0.000209 0.004131 0.021857 -0.021591 0.008845 0.00
8.44 0.000209 0.004131 0.021857 -0.021591 0.008845 0.00
8.44 0.000209 0.004131 0.021857 -0.021591 0.008845 0.00
8.45 0.000209 0.004131 0.021857 -0.021591 0.008845 0.00
8.45 0.000209 0.004131 0.021857 -0.021591 0.008845 0.00
8.45 0.000209 0.004131 0.021857 -0.021591 0.008845 0.00
8.46 0.000209 0.004131 0.021857 -0.021591 0.008845 0.00
8.46 0.000209 0.004131 0.021857 -0.021591 0.008845 0.00
8.47 0.000209 0.004131 0.021857 -0.021591 0.008845 0.00
8.48 0.000209 0.004131 0.021857 -0.021591 0.008845 0.00
8.48 0.000209 0.004131 0.021857 -0.021591 0.008845 0.00
8.49 0.000209 0.004131 0.021857 -0.021591 0.008845 0.00
8.49 0.000209 0.004131 0.021857 -0.021591 0.008845 0.00
8.49 0.000209 0.004131 0.021857 -0.021591 0.008845 0.00
8.50 0.000209 0.004131 0.021857 -0.021591 0.008845 0.00
8.50 0.000209 0.004131 0.021857 -0.021591 0.008845 0.00
8.51 0.000209 0.004131 0.021857 -0.021591 0.008845 0.00
8.52 0.000209 0.004131 0.021857 -0.021591 0.008845 0.00
8.52 0.000209 0.004131 0.021857 -0.021591 0.008845 0.00
8.53 0.000209 0.004131 0.021857 -0.021591 0.008845 0.00
8.53 0.000209 0.004131 0.021857 -0.021591 0.008845 0.00
8.53 0.000209 0.004131 0.021857 -0.021591 0.008845 0.00
8.54 0.000209 0.004131 0.021857 -0.021591 0.008845 0.00
8.54 0.000209 0.004131 0.021857 -0.021591 0.008845 0.00
8.55 0.000209 0.004131 0.021857 -0.021591 0.008845 0.00
8.56 0.000209 0.004131 0.021857 -0.021591 0.008845 0.00
8.56 0.000209 0.004131 0.021857 -0.021591 0.008845 0.00
8.57 0.000209 0.004131 0.021857 -0.021591 0.008845 0.00
8.57 0.000209 0.004131 0.021857 -0.021591 0.008845 0.00
8.57 0.000209 0.004131 0.021857 -0.021591 0.008845 0.00
8.58 0.000209 0.004131 0.021857 -0.021591 0.008845 0.00
8.58 0.000209 0.004131 0.021857 -0.021591 0.008845 0.00
8.59 0.000209 0.004131 0.021857 -0.021591 0.008845 0.00
8.60 0.000209 0.004131 0.021857 -0.021591 0.008845 0.00
8.60 0.000209 0.004131 0.021857 -0.021591 0.008845 0.00
8.60 0.000209 0.004131 0.021857 -0.021591 0.008845 0.00
8.61 0.000209 0.004131 0.021857 -0.021591 0.008845 0.00
8.61 0.000209 0.004131 0.021857 -0.021591 0.008845 0.00
8.62 0.000209 0.004131 0.021857 -0.021591 0.008845 0.00
8.62 0.000209 0.004131 0.021857 -0.021591 0.008845 0.00
8.63 0.000209 0.004131 0.021857 -0.021591 0.008845 0.00
8.64 0.000209 0.004131 0.021857 -0.021591 0.008845 0.00
8.64 0.000209 0.004131 0.021857 -0.021591 0.008845 0.00
8.64 0.000209 0.004131 0.021857 -0.021591 0.008845 0.00
8.65 0.000209 0.004131 0.021857 -0.021591 0.008845 0.00
8.65 0.000209 0.004131 0.021857 -0.021591 0.008845 0.00
8.66 0.000209 0.004131 0.021857 -0.021591 0.008845 0.00
8.66 0.000209 0.004131 0.021857 -0.021591 0.008845 0.00
8.67 0.000209 0.004131 0.021857 -0.021591 0.008845 0.00
8.68 0.000209 0.004131 0.021857 -0.021591 0.008845 0.00
8.68 0.000209 0.004131 0.021857 -0.021591 0.008845 0.00
8.68 0.000209 0.004131 0.021857 -0.021591 0.008845 0.00
8.69 0.000209 0.004131 0.021857 -0.021591 0.008845 0.00
8.69 0.000209 0.004131 0.021857 -0.021591 0.008845 0.00
8.70 0.000209 0.004131 0.021857 -0.021591 0.008845 0.00
8.70 0.000209 0.004131 0.021857 -0.021591 0.008845 0.00
8.70 0.000209 0.004131 0.021857 -0.021591 0.008845 0.00
8.72 0.000209 0.004131 0.021857 -0.021591 0.008845 0.00
8.72 0.000209 0.004131 0.021857 -0.021591 0.008845 0.00
8.72 0.000209 0.004131 0.021857 -0.021591 0.008845 0.00
8.73 0.000209 0.004131 0.021857 -0.021591 0.008845 0.00
8.73 0.000209 0.004131 0.021857 -0.021591 0.008845 0.00
8.74 0.000209 0.004131 0.021857 -0.021591 0.008845 0.00
8.74 0.000209 0.004131 0.021857 -0.021591 0.008845 0.00
8.74 0.000209 0.004131 0.021857 -0.021591 0.008845 0.00
8.76 0.000209 0.004131 0.021857 -0.021591 0.008845 0.00
8.76 0.000209 0.004131 0.021857 -0.021591 0.008845 0.00
8.76 0.000209 0.004131 0.021857 -0.021591 0.008845 0.00
8.77 0.000209 0.004131 0.021857 -0.021591 0.008845 0.00
8.77 0.000209 0.004131 0.021857 -0.021591 0.008845 0.00
8.78 0.000209 0.004131 0.021857 -0.021591 0.008845 0.00
8.78 0.000209 0.004131 0.021857 -0.021591 0.008845 0.00
8.78 0.000209 0.004131 0.021857 -0.021591 0.008845 0.00
8.80 0.000209 0.004131 0.021857 -0.021591 0.008845 0.00
8.80 0.000209 0.004131 0.021857 -0.021591 0.008845 0.00
8.80 0.000209 0.004131 0.021857 -0.021591 0.008845 0.00
8.81 0.000209 0.004131 0.021857 -0.021591 0.008845 0.00
8.81 0.000209 0.004131 0.021857 -0.021591 0.008845 0.00
8.82 0.000209 0.004131 0.021857 -0.021591 0.008845 0.00
8.82 0.000209 0.004131 0.021857 -0.021591 0.008845 0.00
8.82 0.000209 0.004131 0.021857 -0.021591 0.008845 0.00
8.84 0.000209 0.004131 0.021857 -0.021591 0.008845 0.00
8.84 0.000209 0.004131 0.021857 -0.021591 0.008845 0.00
8.84 0.000209 0.004131 0.021857 -0.021591 0.008845 0.00
8.85 0.000209 0.004131 0.021857 -0.021591 0.008845 0.00
8.85 0.000209 0.004131 0.021857 -0.021591 0.008845 0.00
8.85 0.000209 0.004131 0.021857 -0.021591 0.008845 0.00
8.86 0.000209 0.004131 0.021857 -0.021591 0.008845 0.00
8.86 0.000209 0.004131 0.021857 -0.021591 0.008845 0.00
8.88 0.000209 0.004131 0.021857 -0.021591 0.008845 0.00
8.88 0.000209 0.004131 0.021857 -0.021591 0.008845 0.00
8.88 0.000209 0.004131 0.021857 -0.021591 0.008845 0.00
8.89 0.000209 0.004131 0.021857 -0.021591 0.008845 0.00
8.89 0.000209 0.004131 0.021857 -0.021591 0.008845 0.00
8.89 0.000209 0.004131 0.021857 -0.021591 0.008845 0.00
8.90 0.000209 0.004131 0.021857 -0.021591 0.008845 0.00
8.90 0.000209 0.004131 0.021857 -0.021591 0.008845 0.00
8.92 0.000209 0.004131 0.021857 -0.021591 0.008845 0.00
8.92 0.000209 0.004131 0.021857 -0.021591 0.008845 0.00
8.92 0.000209 0.004131 0.021857 -0.021591 0.008845 0.00
8.93 0.000209 0.004131 0.021857 -0.021591 0.008845 0.00
8.93 0.000209 0.004131 0.021857 -0.021591 0.008845 0.00
8.93 0.000209 0.004131 0.021857 -0.021591 0.008845 0.00
8.94 0.000209 0.004131 0.021857 -0.021591 0.008845 0.00
8.94 0.000209 0.004131 0.021857 -0.021591 0.008845 0.00
8.95 0.000209 0.004131 0.021857 -0.021591 0.008845 0.00
8.96 0.000209 0.004131 0.021857 -0.021591 0.008845 0.00
8.96 0.000209 0.004131 0.021857 -0.021591 0.008845 0.00
8.97 0.000209 0.004131 0.021857 -0.021591 0.008845 0.00
8.97 0.000209 0.004131 0.021857 -0.021591 0.008845 0.00
8.97 0.000209 0.004131 0.021857 -0.021591 0.008845 0.00
8.98 0.000209 0.004131 0.021857 -0.021591 0.008845 0.00
8.98 0.000209 0.004131 0.021857 -0.021591 0.008845 0.00
8.99 0.000209 0.004131 0.021857 -0.021591 0.008845 0.00
9.00 0.000209 0.004131 0.021857 -0.021591 0.008845 0.00
9.00 0.000209 0.004131 0.021857 -0.021591 0.008845 0.00
9.01 0.000209 0.004131 0.021857 -0.021591 0.008845 0.00
9.01 0.000209 0.004131 0.021857 -0.021591 0.008845 0.00
9.01 0.000209 0.004131 0.021857 -0.021591 0.008845 0.00
9.02 0.000209 0.004131 0.021857 -0.021591 0.008845 0.00
9.02 0.000209 0.004131 0.021857 -0.021591 0.008845 0.00
9.03 0.000209 0.004131 0.021857 -0.021591 0.008845 0.00
9.04 0.000209 0.004131 0.021857 -0.021591 0.008845 0.00
9.04 0.000209 0.004131 0.021857 -0.021591 0.008845 0.00
9.05 0.000209 0.004131 0.021857 -0.021591 0.008845 0.00
9.05 0.000209 0.004131 0.021857 -0.021591 0.008845 0.00
9.05 0.000209 0.004131 0.021857 -0.021591 0.008845 0.00
9.06 0.000209 0.004131 0.021857 -0.021591 0.008845 0.00
9.06 0.000209 0.004131 0.021857 -0.021591 0.008845 0.00
9.07 0.000209 0.004131 0.021857 -0.021591 0.008845 0.00
9.08 0.000209 0.004131 0.021857 -0.021591 0.008845 0.00
9.08 0.000209 0.004131 0.021857 -0.021591 0.008845 0.00
9.09 0.000209 0.004131 0.021857 -0.021591 0.008845 0.00
9.09 0.000209 0.004131 0.021857 -0.021591 0.008845 0.00
9.09 0.000209 0.004131 0.021857 -0.021591 0.008845 0.00
9.10 0.000209 0.004131 0.021857 -0.021591 0.008845 0.00
9.10 0.000209 0.004131 0.021857 -0.021591 0.008845 0.00
9.10 0.000209 0.004131 0.021857 -0.021591 0.008845 0.00
9.12 0.000209 0.004131 0.021857 -0.021591 0.008845 0.00
9.12 0.000209 0.004131 0.021857 -0.021591 0.008845 0.00
9.13 0.000209 0.004131 0.021857 -0.021591 0.008845 0.00
9.13 0.000209 0.004131 0.021857 -0.021591 0.008845 0.00
9.13 0.000209 0.004131 0.021857 -0.021591 0.008845 0.00
9.14 0.000209 0.004131 0.021857 -0.021591 0.008845 0.00
9.14 0.000209 0.004131 0.021857 -0.021591 0.008845 0.00
9.14 0.000209 0.004131 0.021857 -0.021591 0.008845 0.00
9.15 0.000209 0.004131 0.021857 -0.021591 0.008845 0.00
9.16 0.000209 0.004131 0.021857 -0.021591 0.008845 0.00
9.17 0.000209 0.004131 0.021857 -0.021591 0.008845 0.00
9.17 0.000209 0.004131 0.021857 -0.021591 0.008845 0.00
9.17 0.000209 0.004131 0.021857 -0.021591 0.008845 0.00
9.18 0.000209 0.004131 0.021857 -0.021591 0.008845 0.00
9.18 0.000209 0.004131 0.021857 -0.021591 0.008845 0.00
9.18 0.000209 0.004131 0.021857 -0.021591 0.008845 0.00
9.19 0.000209 0.004131 0.021857 -0.021591 0.008845 0.00
9.20 0.000209 0.004131 0.021857 -0.021591 0.008845 0.00
9.21 0.000209 0.004131 0.021857 -0.021591 0.008845 0.00
9.21 0.000209 0.004131 0.021857 -0.021591 0.008845 0.00
9.21 0.000209 0.004131 0.021857 -0.021591 0.008845 0.00
9.22 0.000209 0.004131 0.021857 -0.021591 0.008845 0.00
9.22 0.000209 0.004131 0.021857 -0.021591 0.008845 0.00
9.22 0.000209 0.004131 0.021857 -0.021591 0.008845 0.00
9.23 0.000209 0.004131 0.021857 -0.021591 0.008845 0.00
9.24 0.000209 0.004131 0.021857 -0.021591 0.008845 0.00
9.25 0.000209 0.004131 0.021857 -0.021591 0.008845 0.00
9.25 0.000209 0.004131 0.021857 -0.021591 0.008845 0.00
9.25 0.000209 0.004131 0.021857 -0.021591 0.008845 0.00
9.26 0.000209 0.004131 0.021857 -0.021591 0.008845 0.00
9.26 0.000209 0.004131 0.021857 -0.021591 0.008845 0.00
9.26 0.000209 0.004131 0.021857 -0.021591 0.008845 0.00
9.27 0.000209 0.004131 0.021857 -0.021591 0.008845 0.00
9.28 0.000209 0.004131 0.021857 -0.021591 0.008845 0.00
9.29 0.000209 0.004131 0.021857 -0.021591 0.008845 0.00
9.29 0.000209 0.004131 0.021857 -0.021591 0.008845 0.00
9.29 0.000209 0.004131 0.021857 -0.021591 0.008845 0.00
9.30 0.000209 0.004131 0.021857 -0.021591 0.008845 0.00
9.30 0.000209 0.004131 0.021857 -0.021591 0.008845 0.00
9.30 0.000209 0.004131 0.021857 -0.021591 0.008845 0.00
9.31 0.000209 0.004131 0.021857 -0.021591 0.008845 0.00
9.32 0.000209 0.004131 0.021857 -0.021591 0.008845 0.00
9.33 0.000209 0.004131 0.021857 -0.021591 0.008845 0.00
9.33 0.000209 0.004131 0.021857 -0.021591 0.008845 0.00
9.33 0.000209 0.004131 0.021857 -0.021591 0.008845 0.00
9.34 0.000209 0.004131 0.021857 -0.021591 0.008845 0.00
9.34 0.000209 0.004131 0.021857 -0.021591 0.008845 0.00
9.34 0.000209 0.004131 0.021857 -0.021591 0.008845 0.00
9.35 0.000209 0.004131 0.021857 -0.021591 0.008845 0.00
9.35 0.000209 0.004131 0.021857 -0.021591 0.008845 0.00
9.36 0.000209 0.004131 0.021857 -0.021591 0.008845 0.00
9.37 0.000209 0.004131 0.021857 -0.021591 0.008845 0.00
9.37 0.000209 0.004131 0.021857 -0.021591 0.008845 0.00
9.38 0.000209 0.004131 0.021857 -0.021591 0.008845 0.00
9.38 0.000209 0.004131 0.021857 -0.021591 0.008845 0.00
9.38 0.000209 0.004131 0.021857 -0.021591 0.008845 0.00
9.39 0.000209 0.004131 0.021857 -0.021591 0.008845 0.00
9.39 0.000209 0.004131 0.021857 -0.021591 0.008845 0.00
9.40 0.000209 0.004131 0.021857 -0.021591 0.008845 0.00
9.41 0.000209 0.004131 0.021857 -0.021591 0.008845 0.00
9.41 0.000209 0.004131 0.021857 -0.021591 0.008845 0.00
9.42 0.000209 0.004131 0.021857 -0.021591 0.008845 0.00
9.42 0.000209 0.004131 0.021857 -0.021591 0.008845 0.00
9.42 0.000209 0.004131 0.021857 -0.021591 0.008845 0.00
9.43 0.000209 0.004131 0.021857 -0.021591 0.008845 0.00
9.43 0.000209 0.004131 0.021857 -0.021591 0.008845 0.00
9.44 0.000209 0.004131 0.021857 -0.021591 0.008845 0.00
9.45 0.000209 0.004131 0.021857 -0.021591 0.008845 0.00
9.45 0.000209 0.004131 0.021857 -0.021591 0.008845 0.00
9.46 0.000209 0.004131 0.021857 -0.021591 0.008845 0.00
9.46 0.000209 0.004131 0.021857 -0.021591 0.008845 0.00
9.46 0.000209 0.004131 0.021857 -0.021591 0.008845 0.00
9.47 0.000209 0.004131 0.021857 -0.021591 0.008845 0.00
9.47 0.000209 0.004131 0.021857 -0.021591 0.008845 0.00
9.48 0.000209 0.004131 0.021857 -0.021591 0.008845 0.00
9.49 0.000209 0.004131 0.021857 -0.021591 0.008845 0.00
9.49 0.000209 0.004131 0.021857 -0.021591 0.008845 0.00
9.50 0.000209 0.004131 0.021857 -0.021591 0.008845 0.00
9.50 0.000209 0.004131 0.021857 -0.021591 0.008845 0.00
9.50 0.000209 0.004131 0.021857 -0.021591 0.008845 0.00
9.51 0.000209 0.004131 0.021857 -0.021591 0.008845 0.00
9.51 0.000209 0.004131 0.021857 -0.021591 0.008845 0.00
9.52 0.000209 0.004131 0.021857 -0.021591 0.008845 0.00
9.53 0.000209 0.004131 0.021857 -0.021591 0.008845 0.00
9.53 0.000209 0.004131 0.021857 -0.021591 0.008845 0.00
9.54 0.000209 0.004131 0.021857 -0.021591 0.008845 0.00
9.54 0.000209 0.004131 0.021857 -0.021591 0.008845 0.00
9.54 0.000209 0.004131 0.021857 -0.021591 0.008845 0.00
9.55 0.000209 0.004131 0.021857 -0.021591 0.008845 0.00
9.55 0.000209 0.004131 0.021857 -0.021591 0.008845 0.00
9.56 0.000209 0.004131 0.021857 -0.021591 0.008845 0.00
9.57 0.000209 0.004131 0.021857 -0.021591 0.008845 0.00
9.57 0.000209 0.004131 0.021857 -0.021591 0.008845 0.00
9.58 0.000209 0.004131 0.021857 -0.021591 0.008845 0.00
9.58 0.000209 0.004131 0.021857 -0.021591 0.008845 0.00
9.58 0.000209 0.004131 0.021857 -0.021591 0.008845 0.00
9.59 0.000209 0.004131 0.021857 -0.021591 0.008845 0.00
9.59 0.000209 0.004131 0.021857 -0.021591 0.008845 0.00
9.59 0.000209 0.004131 0.021857 -0.021591 0.008845 0.00
9.61 0.000209 0.004131 0.021857 -0.021591 0.008845 0.00
9.61 0.000209 0.004131 0.021857 -0.021591 0.008845 0.00
9.61 0.000209 0.004131 0.021857 -0.021591 0.008845 0.00
9.62 0.000209 0.004131 0.021857 -0.021591 0.008845 0.00
9.62 0.000209 0.004131 0.021857 -0.021591 0.008845 0.00
9.63 0.000209 0.004131 0.021857 -0.021591 0.008845 0.00
9.63 0.000209 0.004131 0.021857 -0.021591 0.008845 0.00
9.63 0.000209 0.004131 0.021857 -0.021591 0.008845 0.00
9.65 0.000209 0.004131 0.021857 -0.021591 0.008845 0.00
9.65 0.000209 0.004131 0.021857 -0.021591 0.008845 0.00
9.65 0.000209 0.004131 0.021857 -0.021591 0.008845 0.00
9.66 0.000209 0.004131 0.021857 -0.021591 0.008845 0.00
9.66 0.000209 0.004131 0.021857 -0.021591 0.008845 0.00
9.67 0.000209 0.004131 0.021857 -0.021591 0.008845 0.00
9.67 0.000209 0.004131 0.021857 -0.021591 0.008845 0.00
9.67 0.000209 0.004131 0.021857 -0.021591 0.008845 0.00
9.69 0.000209 0.004131 0.021857 -0.021591 0.008845 0.00
9.69 0.000209 0.004131 0.021857 -0.021591 0.008845 0.00
9.69 0.000209 0.004131 0.021857 -0.021591 0.008845 0.00
9.70 0.000209 0.004131 0.021857 -0.021591 0.008845 0.00
9.70 0.000209 0.004131 0.021857 -0.021591 0.008845 0.00
9.71 0.000209 0.004131 0.021857 -0.021591 0.008845 0.00
9.71 0.000209 0.004131 0.021857 -0.021591 0.008845 0.00
9.71 0.000209 0.004131 0.021857 -0.021591 0.008845 0.00
9.73 0.000209 0.004131 0.021857 -0.021591 0.008845 0.00
9.73 0.000209 0.004131 0.021857 -0.021591 0.008845 0.00
9.73 0.000209 0.004131 0.021857 -0.021591 0.008845 0.00
9.74 0.000209 0.004131 0.021857 -0.021591 0.008845 0.00
9.74 0.000209 0.004131 0.021857 -0.021591 0.008845 0.00
9.75 0.000209 0.004131 0.021857 -0.021591 0.008845 0.00
9.75 0.000209 0.004131 0.021857 -0.021591 0.008845 0.00
9.75 0.000209 0.004131 0.021857 -0.021591 0.008845 0.00
9.77 0.000209 0.004131 0.021857 -0.021591 0.008845 0.00
9.77 0.000209 0.004131 0.021857 -0.021591 0.008845 0.00
9.77 0.000209 0.004131 0.021857 -0.021591 0.008845 0.00
9.78 0.000209 0.004131 0.021857 -0.021591 0.008845 0.00
9.78 0.000209 0.004131 0.021857 -0.021591 0.008845 0.00
9.79 0.000209 0.004131 0.021857 -0.021591 0.008845 0.00
9.79 0.000209 0.004131 0.021857 -0.021591 0.008845 0.00
9.79 0.000209 0.004131 0.021857 -0.021591 0.008845 0.00
9.81 0.000209 0.004131 0.021857 -0.021591 0.008845 0.00
9.81 0.000209 0.004131 0.021857 -0.021591 0.008845 0.00
9.81 0.000209 0.004131 0.021857 -0.021591 0.008845 0.00
9.82 0.000209 0.004131 0.021857 -0.021591 0.008845 0.00
9.82 0.000209 0.004131 0.021857 -0.021591 0.008845 0.00
9.83 0.000209 0.004131 0.021857 -0.021591 0.008845 0.00
9.83 0.000209 0.004131 0.021857 -0.021591 0.008845 0.00
9.83 0.000209 0.004131 0.021857 -0.021591 0.008845 0.00
9.84 0.000209 0.004131 0.021857 -0.021591 0.008845 0.00
9.85 0.000209 0.004131 0.021857 -0.021591 0.008845 0.00
9.85 0.000209 0.004131 0.021857 -0.021591 0.008845 0.00
9.86 0.000209 0.004131 0.021857 -0.021591 0.008845 0.00
9.86 0.000209 0.004131 0.021857 -0.021591 0.008845 0.00
9.86 0.000209 0.004131 0.021857 -0.021591 0.008845 0.00
9.87 0.000209 0.004131 0.021857 -0.021591 0.008845 0.00
9.87 0.000209 0.004131 0.021857 -0.021591 0.008845 0.00
9.88 0.000209 0.004131 0.021857 -0.021591 0.008845 0.00
9.89 0.000209 0.004131 0.021857 -0.021591 0.008845 0.00
9.89 0.000209 0.004131 0.021857 -0.021591 0.008845 0.00
9.90 0.000209 0.004131 0.021857 -0.021591 0.008845 0.00
9.90 0.000209 0.004131 0.021857 -0.021591 0.008845 0.00
9.90 0.000209 0.004131 0.021857 -0.021591 0.008845 0.00
9.91 0.000209 0.004131 0.021857 -0.021591 0.008845 0.00
9.91 0.000209 0.004131 0.021857 -0.021591 0.008845 0.00
9.92 0.000209 0.004131 0.021857 -0.021591 0.008845 0.00
9.93 0.000209 0.004131 0.021857 -0.021591 0.008845 0.00
9.93 0.000209 0.004131 0.021857 -0.021591 0.008845 0.00
9.94 0.000209 0.004131 0.021857 -0.021591 0.008845 0.00
9.94 0.000209 0.004131 0.021857 -0.021591 0.008845 0.00
9.94 0.000209 0.004131 0.021857 -0.021591 0.008845 0.00
9.95 0.000209 0.004131 0.021857 -0.021591 0.008845 0.00
9.95 0.000209 0.004131 0.021857 -0.021591 0.008845 0.00
9.96 0.000209 0.004131 0.021857 -0.021591 0.008845 0.00
9.97 0.000209 0.004131 0.021857 -0.021591 0.008845 0.00
9.97 0.000209 0.004131 0.021857 -0.021591 0.008845 0.00
9.98 0.000209 0.004131 0.021857 -0.021591 0.008845 0.00
9.98 0.000209 0.004131 0.021857 -0.021591 0.008845 0.00
9.98 0.000209 0.004131 0.021857 -0.021591 0.008845 0.00
9.99 0.000209 0.004131 0.021857 -0.021591 0.008845 0.00
9.99 0.000209 0.004131 0.021857 -0.021591 0.008845 0.00
10.00 0.000209 0.004131 0.021857 -0.021591 0.008845 1.00
10.01 0.000209 0.004131 0.021857 -0.021591 0.008845 1.00
10.01 0.000209 0.004131 0.021857 -0.021591 0.008845 1.00
10.02 0.010453 -0.001284 0.919508 -0.529770 -0.222579 1.00
10.02 0.010453 -0.001284 0.919508 -0.529770 -0.222579 1.00
10.02 0.010453 -0.001284 0.919508 -0.529770 -0.222579 1.00
10.03 0.027267 -0.010575 1.567984 -0.891311 -0.414263 1.00
10.03 0.027267 -0.010575 1.567984 -0.891311 -0.414263 1.00
10.04 0.054717 -0.025561 2.210496 -1.238930 -0.630313 1.00
10.05 0.054717 -0.025561 2.210496 -1.238930 -0.630313 1.00
10.05 0.054717 -0.025561 2.210496 -1.238930 -0.630313 1.00
10.06 0.086802 -0.043213 2.636119 -1.452521 -0.807721 1.00
10.06 0.086802 -0.043213 2.636119 -1.452521 -0.807721 1.00
10.07 0.120072 -0.059163 2.834024 -1.436032 -0.914366 1.00
10.07 0.120072 -0.059163 2.834024 -1.436032 -0.914366 1.00
10.07 0.120072 -0.059163 2.834024 -1.436032 -0.914366 1.00
10.08 0.152979 -0.073373 2.877081 -1.303028 -0.975229 1.00
10.09 0.152979 -0.073373 2.877081 -1.303028 -0.975229 1.00
10.10 0.185137 -0.083906 2.837847 -1.046270 -0.993357 1.00
10.10 0.185137 -0.083906 2.837847 -1.046270 -0.993357 1.00
10.10 0.185137 -0.083906 2.837847 -1.046270 -0.993357 1.00
10.11 0.207912 -0.087758 2.490607 -0.623234 -0.912010 1.00
10.11 0.207912 -0.087758 2.490607 -0.623234 -0.912010 1.00
10.12 0.225356 -0.087747 2.139964 -0.244674 -0.818585 1.00
10.12 0.225356 -0.087747 2.139964 -0.244674 -0.818585 1.00
10.13 0.225356 -0.087747 2.139964 -0.244674 -0.818585 1.00
10.14 0.231680 -0.084015 1.605759 0.091250 -0.681898 1.00
10.14 0.231680 -0.084015 1.605759 0.091250 -0.681898 1.00
10.15 0.241170 -0.075935 1.454854 0.401630 -0.594191 1.00
10.15 0.241170 -0.075935 1.454854 0.401630 -0.594191 1.00
10.15 0.241170 -0.075935 1.454854 0.401630 -0.594191 1.00
10.16 0.244844 -0.066374 1.222725 0.608278 -0.498367 1.00
10.16 0.244844 -0.066374 1.222725 0.608278 -0.498367 1.00
10.17 0.244844 -0.066374 1.222725 0.608278 -0.498367 1.00
10.18 0.254416 -0.053821 1.333365 0.799104 -0.450515 1.00
10.18 0.254416 -0.053821 1.333365 0.799104 -0.450515 1.00
10.19 0.267972 -0.042497 1.568774 0.844171 -0.447754 1.00
10.19 0.267972 -0.042497 1.568774 0.844171 -0.447754 1.00
10.19 0.267972 -0.042497 1.568774 0.844171 -0.447754 1.00
10.20 0.283762 -0.032426 1.799548 0.815070 -0.459738 1.00
10.20 0.283762 -0.032426 1.799548 0.815070 -0.459738 1.00
10.22 0.300481 -0.025669 1.973637 0.670715 -0.490449 1.00
10.22 0.300481 -0.025669 1.973637 0.670715 -0.490449 1.00
10.22 0.300481 -0.025669 1.973637 0.670715 -0.490449 1.00
10.23 0.326131 -0.020618 2.364992 0.522276 -0.567040 1.00
10.23 0.326131 -0.020618 2.364992 0.522276 -0.567040 1.00
10.24 0.356573 -0.018890 2.728501 0.333267 -0.659508 1.00
10.24 0.356573 -0.018890 2.728501 0.333267 -0.659508 1.00
10.24 0.356573 -0.018890 2.728501 0.333267 -0.659508 1.00
10.26 0.380221 -0.016809 2.684333 0.261070 -0.668055 1.00
10.26 0.380221 -0.016809 2.684333 0.261070 -0.668055 1.00
10.26 0.380221 -0.016809 2.684333 0.261070 -0.668055 1.00
10.27 0.408025 -0.013652 2.791500 0.254004 -0.690282 1.00
10.27 0.408025 -0.013652 2.791500 0.254004 -0.690282 1.00
10.28 0.438288 -0.009804 2.930783 0.279584 -0.712201 1.00
10.28 0.438288 -0.009804 2.930783 0.279584 -0.712201 1.00
10.28 0.438288 -0.009804 2.930783 0.279584 -0.712201 1.00
10.30 0.460987 -0.005840 2.759591 0.303755 -0.681039 1.00
10.30 0.460987 -0.005840 2.759591 0.303755 -0.681039 1.00
10.31 0.487894 0.000981 2.813162 0.404391 -0.667041 1.00
10.31 0.487894 0.000981 2.813162 0.404391 -0.667041 1.00
10.31 0.487894 0.000981 2.813162 0.404391 -0.667041 1.00
10.32 0.508792 0.006656 2.659956 0.412729 -0.633400 1.00
10.32 0.508792 0.006656 2.659956 0.412729 -0.633400 1.00
10.32 0.508792 0.006656 2.659956 0.412729 -0.633400 1.00
10.34 0.534967 0.011812 2.759812 0.377880 -0.649784 1.00
10.34 0.534967 0.011812 2.759812 0.377880 -0.649784 1.00
10.35 0.555702 0.016167 2.637264 0.326552 -0.633374 1.00
10.35 0.555702 0.016167 2.637264 0.326552 -0.633374 1.00
10.35 0.555702 0.016167 2.637264 0.326552 -0.633374 1.00
10.36 0.581916 0.020477 2.753170 0.279407 -0.656975 1.00
10.36 0.581916 0.020477 2.753170 0.279407 -0.656975 1.00
10.37 0.602729 0.024401 2.637801 0.239218 -0.641873 1.00
10.37 0.602729 0.024401 2.637801 0.239218 -0.641873 1.00
10.38 0.602729 0.024401 2.637801 0.239218 -0.641873 1.00
10.39 0.629007 0.028568 2.756954 0.210630 -0.664152 1.00
10.39 0.629007 0.028568 2.756954 0.210630 -0.664152 1.00
10.39 0.629007 0.028568 2.756954 0.210630 -0.664152 1.00
10.40 0.649863 0.032508 2.643688 0.187758 -0.647112 1.00
10.40 0.649863 0.032508 2.643688 0.187758 -0.647112 1.00
10.41 0.676155 0.034366 2.762106 0.084890 -0.687337 1.00
10.41 0.676155 0.034366 2.762106 0.084890 -0.687337 1.00
10.42 0.676155 0.034366 2.762106 0.084890 -0.687337 1.00
10.43 0.696978 0.034563 2.634026 -0.027992 -0.693313 1.00
10.43 0.696978 0.034563 2.634026 -0.027992 -0.693313 1.00
10.43 0.696978 0.034563 2.634026 -0.027992 -0.693313 1.00
10.44 0.723182 0.036751 2.729768 -0.027031 -0.715345 1.00
10.44 0.723182 0.036751 2.729768 -0.027031 -0.715345 1.00
10.45 0.743893 0.037551 2.596825 -0.071474 -0.709457 1.00
10.45 0.743893 0.037551 2.596825 -0.071474 -0.709457 1.00
10.46 0.743893 0.037551 2.596825 -0.071474 -0.709457 1.00
10.47 0.761241 0.037628 2.405274 -0.131436 -0.697124 1.00
10.47 0.761241 0.037628 2.405274 -0.131436 -0.697124 1.00
10.48 0.785650 0.037666 2.524470 -0.177907 -0.735780 1.00
10.48 0.785650 0.037666 2.524470 -0.177907 -0.735780 1.00
10.48 0.785650 0.037666 2.524470 -0.177907 -0.735780 1.00
10.49 0.805651 0.037334 2.432393 -0.206344 -0.737945 1.00
10.49 0.805651 0.037334 2.432393 -0.206344 -0.737945 1.00
10.51 0.822836 0.034601 2.277746 -0.312393 -0.747533 1.00
10.51 0.822836 0.034601 2.277746 -0.312393 -0.747533 1.00
10.51 0.822836 0.034601 2.277746 -0.312393 -0.747533 1.00
10.52 0.838522 0.032898 2.124575 -0.337792 -0.742292 1.00
10.52 0.838522 0.032898 2.124575 -0.337792 -0.742292 1.00
10.52 0.838522 0.032898 2.124575 -0.337792 -0.742292 1.00
10.53 0.853587 0.034425 2.012107 -0.238614 -0.715119 1.00
10.53 0.853587 0.034425 2.012107 -0.238614 -0.715119 1.00
10.55 0.859778 0.035265 1.663489 -0.214713 -0.658171 1.00
10.55 0.859778 0.035265 1.663489 -0.214713 -0.658171 1.00
10.55 0.859778 0.035265 1.663489 -0.214713 -0.658171 1.00
10.56 0.869872 0.035916 1.604365 -0.232352 -0.654706 1.00
10.56 0.869872 0.035916 1.604365 -0.232352 -0.654706 1.00
10.57 0.882838 0.033848 1.661817 -0.345425 -0.693394 1.00
10.57 0.882838 0.033848 1.661817 -0.345425 -0.693394 1.00
10.57 0.882838 0.033848 1.661817 -0.345425 -0.693394 1.00
10.59 0.888750 0.032199 1.442900 -0.385293 -0.673877 1.00
10.59 0.888750 0.032199 1.442900 -0.385293 -0.673877 1.00
10.59 0.888750 0.032199 1.442900 -0.385293 -0.673877 1.00
10.60 0.899230 0.031471 1.466126 -0.384774 -0.686205 1.00
10.60 0.899230 0.031471 1.466126 -0.384774 -0.686205 1.00
10.61 0.912700 0.028862 1.570297 -0.447402 -0.727948 1.00
10.61 0.912700 0.028862 1.570297 -0.447402 -0.727948 1.00
10.61 0.912700 0.028862 1.570297 -0.447402 -0.727948 1.00
10.63 0.919030 0.027186 1.376233 -0.434360 -0.705827 1.00
10.63 0.919030 0.027186 1.376233 -0.434360 -0.705827 1.00
10.64 0.929788 0.024281 1.409774 -0.479177 -0.733766 1.00
10.64 0.929788 0.024281 1.409774 -0.479177 -0.733766 1.00
10.64 0.929788 0.024281 1.409774 -0.479177 -0.733766 1.00
10.65 0.934639 0.022598 1.219526 -0.449664 -0.709279 1.00
10.65 0.934639 0.022598 1.219526 -0.449664 -0.709279 1.00
10.66 0.944780 0.022178 1.287500 -0.394067 -0.720154 1.00
10.67 0.944780 0.022178 1.287500 -0.394067 -0.720154 1.00
10.67 0.944780 0.022178 1.287500 -0.394067 -0.720154 1.00
10.68 0.949510 0.019663 1.143273 -0.430362 -0.714318 1.00
10.68 0.949510 0.019663 1.143273 -0.430362 -0.714318 1.00
10.68 0.949510 0.019663 1.143273 -0.430362 -0.714318 1.00
10.69 0.950988 0.018297 0.947482 -0.412747 -0.687377 1.00
10.69 0.950988 0.018297 0.947482 -0.412747 -0.687377 1.00
10.70 0.959621 0.018026 1.075047 -0.371907 -0.708026 1.00
10.71 0.959621 0.018026 1.075047 -0.371907 -0.708026 1.00
10.71 0.959621 0.018026 1.075047 -0.371907 -0.708026 1.00
10.72 0.963929 0.015542 0.998855 -0.417691 -0.713671 1.00
10.72 0.963929 0.015542 0.998855 -0.417691 -0.713671 1.00
10.73 0.965497 0.014156 0.856517 -0.402885 -0.695554 1.00
10.73 0.965497 0.014156 0.856517 -0.402885 -0.695554 1.00
10.73 0.965497 0.014156 0.856517 -0.402885 -0.695554 1.00
10.74 0.965603 0.013573 0.728235 -0.371071 -0.673640 1.00
10.75 0.965603 0.013573 0.728235 -0.371071 -0.673640 1.00
10.76 0.973899 0.011350 0.927680 -0.419000 -0.723924 1.00
10.76 0.973899 0.011350 0.927680 -0.419000 -0.723924 1.00
10.76 0.973899 0.011350 0.927680 -0.419000 -0.723924 1.00
10.77 0.978345 0.010005 0.897781 -0.394499 -0.723623 1.00
10.77 0.978345 0.010005 0.897781 -0.394499 -0.723623 1.00
10.77 0.978345 0.010005 0.897781 -0.394499 -0.723623 1.00
10.78 0.980178 0.009433 0.792457 -0.349977 -0.704616 1.00
10.79 0.980178 0.009433 0.792457 -0.349977 -0.704616 1.00
10.80 0.980544 0.006948 0.685832 -0.398988 -0.703637 1.00
10.80 0.980544 0.006948 0.685832 -0.398988 -0.703637 1.00
10.80 0.980544 0.006948 0.685832 -0.398988 -0.703637 1.00
10.81 0.980253 0.005618 0.596806 -0.386722 -0.692877 1.00
10.81 0.980253 0.005618 0.596806 -0.386722 -0.692877 1.00
10.82 0.979759 0.005084 0.539634 -0.353423 -0.681338 1.00
10.82 0.979759 0.005084 0.539634 -0.353423 -0.681338 1.00
10.83 0.979759 0.005084 0.539634 -0.353423 -0.681338 1.00
10.84 0.979313 0.004999 0.511440 -0.320168 -0.672699 1.00
10.84 0.979313 0.004999 0.511440 -0.320168 -0.672699 1.00
10.85 0.987791 0.005406 0.793263 -0.284129 -0.715456 1.00
10.85 0.987791 0.005406 0.793263 -0.284129 -0.715456 1.00
10.85 0.987791 0.005406 0.793263 -0.284129 -0.715456 1.00
10.86 0.992677 0.005598 0.828664 -0.251084 -0.718855 1.00
10.86 0.992677 0.005598 0.828664 -0.251084 -0.718855 1.00
10.87 0.992677 0.005598 0.828664 -0.251084 -0.718855 1.00
10.88 0.994977 0.005741 0.763721 -0.230778 -0.706918 1.00
10.88 0.994977 0.005741 0.763721 -0.230778 -0.706918 1.00
10.89 0.995728 0.005851 0.678266 -0.224562 -0.692819 1.00
10.89 0.995728 0.005851 0.678266 -0.224562 -0.692819 1.00
10.89 0.995728 0.005851 0.678266 -0.224562 -0.692819 1.00
10.90 0.995711 0.005912 0.606879 -0.228757 -0.681991 1.00
10.90 0.995711 0.005912 0.606879 -0.228757 -0.681991 1.00
10.92 0.995412 0.005919 0.558566 -0.238241 -0.675476 1.00
10.92 0.995412 0.005919 0.558566 -0.238241 -0.675476 1.00
10.92 0.995412 0.005919 0.558566 -0.238241 -0.675476 1.00
10.93 0.995082 0.005885 0.530687 -0.248709 -0.672409 1.00
10.93 0.995082 0.005885 0.530687 -0.248709 -0.672409 1.00
10.93 0.995082 0.005885 0.530687 -0.248709 -0.672409 1.00
10.94 0.994822 0.005830 0.517084 -0.257530 -0.671477 1.00
10.94 0.994822 0.005830 0.517084 -0.257530 -0.671477 1.00
10.96 0.994650 0.005771 0.511943 -0.263668 -0.671583 1.00
10.96 0.994650 0.005771 0.511943 -0.263668 -0.671583 1.00
10.96 0.994650 0.005771 0.511943 -0.263668 -0.671583 1.00
10.97 0.994552 0.005721 0.511071 -0.267182 -0.672027 1.00
10.97 0.994552 0.005721 0.511071 -0.267182 -0.672027 1.00
10.98 0.994505 0.005685 0.511927 -0.268676 -0.672458 1.00
10.98 0.994505 0.005685 0.511927 -0.268676 -0.672458 1.00
10.98 0.994505 0.005685 0.511927 -0.268676 -0.672458 1.00
11.00 0.994487 0.005663 0.513198 -0.268890 -0.672753 1.00
11.00 0.994487 0.005663 0.513198 -0.268890 -0.672753 1.00
11.01 0.994484 0.005653 0.514324 -0.268459 -0.672909 0.00
11.01 0.994484 0.005653 0.514324 -0.268459 -0.672909 0.00
11.01 0.994484 0.005653 0.514324 -0.268459 -0.672909 0.00
11.02 0.984211 0.006285 -0.387952 0.066430 -0.480653 0.00
11.02 0.984211 0.006285 -0.387952 0.066430 -0.480653 0.00
11.02 0.984211 0.006285 -0.387952 0.066430 -0.480653 0.00
11.04 0.976087 0.010590 -0.776539 0.331116 -0.365363 0.00
11.04 0.976087 0.010590 -0.776539 0.331116 -0.365363 0.00
11.05 0.962237 0.018293 -1.141088 0.570648 -0.241265 0.00
11.05 0.962237 0.018293 -1.141088 0.570648 -0.241265 0.00
11.05 0.962237 0.018293 -1.141088 0.570648 -0.241265 0.00
11.06 0.945958 0.025111 -1.378035 0.631802 -0.161914 0.00
11.06 0.945958 0.025111 -1.378035 0.631802 -0.161914 0.00
11.07 0.929098 0.030801 -1.498651 0.590069 -0.117785 0.00
11.08 0.929098 0.030801 -1.498651 0.590069 -0.117785 0.00
11.08 0.929098 0.030801 -1.498651 0.590069 -0.117785 0.00
11.09 0.921220 0.035843 -1.249930 0.516663 -0.142968 0.00
11.09 0.921220 0.035843 -1.249930 0.516663 -0.142968 0.00
11.10 0.918758 0.035523 -0.929143 0.281693 -0.223064 0.00
11.10 0.918758 0.035523 -0.929143 0.281693 -0.223064 0.00
11.10 0.918758 0.035523 -0.929143 0.281693 -0.223064 0.00
11.11 0.910158 0.034110 -0.974302 0.126215 -0.236254 0.00
11.12 0.910158 0.034110 -0.974302 0.126215 -0.236254 0.00
11.12 0.910158 0.034110 -0.974302 0.126215 -0.236254 0.00
11.13 0.906144 0.030565 -0.861232 -0.043498 -0.286462 0.00
11.13 0.906144 0.030565 -0.861232 -0.043498 -0.286462 0.00
11.14 0.904781 0.025928 -0.733339 -0.166622 -0.338521 0.00
11.14 0.904781 0.025928 -0.733339 -0.166622 -0.338521 0.00
11.14 0.904781 0.025928 -0.733339 -0.166622 -0.338521 0.00
11.15 0.904649 0.020961 -0.644314 -0.230487 -0.378797 0.00
11.16 0.904649 0.020961 -0.644314 -0.230487 -0.378797 0.00
11.17 0.904909 0.016085 -0.601019 -0.245983 -0.405598 0.00
11.17 0.904909 0.016085 -0.601019 -0.245983 -0.405598 0.00
11.17 0.904909 0.016085 -0.601019 -0.245983 -0.405598 0.00
11.18 0.905180 0.013843 -0.589430 -0.143860 -0.402619 0.00
11.18 0.905180 0.013843 -0.589430 -0.143860 -0.402619 0.00
11.19 0.896554 0.010606 -0.876973 -0.114051 -0.360776 0.00
11.19 0.896554 0.010606 -0.876973 -0.114051 -0.360776 0.00
11.20 0.896554 0.010606 -0.876973 -0.114051 -0.360776 0.00
11.21 0.882796 0.009153 -1.205306 -0.045037 -0.297976 0.00
11.21 0.882796 0.009153 -1.205306 -0.045037 -0.297976 0.00
11.22 0.875428 0.011440 -1.164467 0.110427 -0.271612 0.00
11.22 0.875428 0.011440 -1.164467 0.110427 -0.271612 0.00
11.22 0.875428 0.011440 -1.164467 0.110427 -0.271612 0.00
11.23 0.863603 0.012981 -1.270591 0.169967 -0.234838 0.00
11.23 0.863603 0.012981 -1.270591 0.169967 -0.234838 0.00
11.24 0.863603 0.012981 -1.270591 0.169967 -0.234838 0.00
11.25 0.849183 0.011458 -1.404518 0.079905 -0.222763 0.00
11.25 0.849183 0.011458 -1.404518 0.079905 -0.222763 0.00
11.26 0.842274 0.010642 -1.234569 0.045229 -0.252721 0.00
11.26 0.842274 0.010642 -1.234569 0.045229 -0.252721 0.00
11.26 0.842274 0.010642 -1.234569 0.045229 -0.252721 0.00
11.27 0.839902 0.007865 -0.996509 -0.033743 -0.308857 0.00
11.27 0.839902 0.007865 -0.996509 -0.033743 -0.308857 0.00
11.29 0.831021 0.006039 -1.093259 -0.022819 -0.293888 0.00
11.29 0.831021 0.006039 -1.093259 -0.022819 -0.293888 0.00
11.29 0.831021 0.006039 -1.093259 -0.022819 -0.293888 0.00
11.30 0.826699 0.003042 -0.997965 -0.062431 -0.322347 0.00
11.30 0.826699 0.003042 -0.997965 -0.062431 -0.322347 0.00
11.31 0.816385 0.001322 -1.152342 -0.026121 -0.293887 0.00
11.31 0.816385 0.001322 -1.152342 -0.026121 -0.293887 0.00
11.31 0.816385 0.001322 -1.152342 -0.026121 -0.293887 0.00
11.33 0.811201 -0.001491 -1.066916 -0.052515 -0.317928 0.00
11.33 0.811201 -0.001491 -1.066916 -0.052515 -0.317928 0.00
11.34 0.809255 -0.002764 -0.920148 0.000284 -0.337552 0.00
11.34 0.809255 -0.002764 -0.920148 0.000284 -0.337552 0.00
11.34 0.809255 -0.002764 -0.920148 0.000284 -0.337552 0.00
11.35 0.800201 -0.005743 -1.075722 -0.018190 -0.321328 0.00
11.35 0.800201 -0.005743 -1.075722 -0.018190 -0.321328 0.00
11.36 0.795569 -0.006990 -1.019400 0.029401 -0.325856 0.00
11.37 0.795569 -0.006990 -1.019400 0.029401 -0.325856 0.00
11.37 0.795569 -0.006990 -1.019400 0.029401 -0.325856 0.00
11.38 0.784981 -0.007544 -1.183422 0.088452 -0.288519 0.00
11.38 0.784981 -0.007544 -1.183422 0.088452 -0.288519 0.00
11.39 0.779662 -0.007344 -1.092096 0.138967 -0.292422 0.00
11.39 0.779662 -0.007344 -1.092096 0.138967 -0.292422 0.00
11.39 0.779662 -0.007344 -1.092096 0.138967 -0.292422 0.00
11.40 0.768919 -0.007228 -1.215721 0.170117 -0.262439 0.00
11.41 0.768919 -0.007228 -1.215721 0.170117 -0.262439 0.00
11.41 0.768919 -0.007228 -1.215721 0.170117 -0.262439 0.00
11.42 0.763695 -0.006848 -1.094645 0.187488 -0.274654 0.00
11.42 0.763695 -0.006848 -1.094645 0.187488 -0.274654 0.00
11.43 0.753111 -0.006798 -1.202011 0.191855 -0.250997 0.00
11.43 0.753111 -0.006798 -1.202011 0.191855 -0.250997 0.00
11.43 0.753111 -0.006798 -1.202011 0.191855 -0.250997 0.00
11.44 0.748018 -0.006568 -1.075122 0.191803 -0.266991 0.00
11.45 0.748018 -0.006568 -1.075122 0.191803 -0.266991 0.00
11.46 0.746296 -0.006372 -0.892569 0.197953 -0.292953 0.00
11.46 0.746296 -0.006372 -0.892569 0.197953 -0.292953 0.00
11.46 0.746296 -0.006372 -0.892569 0.197953 -0.292953 0.00
11.47 0.746284 -0.006223 -0.735304 0.211678 -0.315162 0.00
11.47 0.746284 -0.006223 -0.735304 0.211678 -0.315162 0.00
11.48 0.738123 -0.008774 -0.919818 0.131495 -0.301334 0.00
11.48 0.738123 -0.008774 -0.919818 0.131495 -0.301334 0.00
11.49 0.738123 -0.008774 -0.919818 0.131495 -0.301334 0.00
11.50 0.733757 -0.010118 -0.903720 0.120868 -0.307608 0.00
11.50 0.733757 -0.010118 -0.903720 0.120868 -0.307608 0.00
11.51 0.731896 -0.010684 -0.814650 0.146787 -0.319152 0.00
11.51 0.731896 -0.010684 -0.814650 0.146787 -0.319152 0.00
11.51 0.731896 -0.010684 -0.814650 0.146787 -0.319152 0.00
11.52 0.731442 -0.010787 -0.718495 0.186130 -0.329191 0.00
11.52 0.731442 -0.010787 -0.718495 0.186130 -0.329191 0.00
11.54 0.731657 -0.008260 -0.639165 0.311722 -0.316218 0.00
11.54 0.731657 -0.008260 -0.639165 0.311722 -0.316218 0.00
11.54 0.731657 -0.008260 -0.639165 0.311722 -0.316218 0.00
11.55 0.723321 -0.006879 -0.863705 0.342402 -0.267311 0.00
11.55 0.723321 -0.006879 -0.863705 0.342402 -0.267311 0.00
11.56 0.718749 -0.005984 -0.853430 0.322435 -0.265545 0.00
11.56 0.718749 -0.005984 -0.853430 0.322435 -0.265545 0.00
11.56 0.718749 -0.005984 -0.853430 0.322435 -0.265545 0.00
11.58 0.716779 -0.005591 -0.759773 0.290221 -0.281721 0.00
11.58 0.716779 -0.005591 -0.759773 0.290221 -0.281721 0.00
11.58 0.716779 -0.005591 -0.759773 0.290221 -0.281721 0.00
11.59 0.716291 -0.005519 -0.660693 0.264768 -0.299914 0.00
11.59 0.716291 -0.005519 -0.660693 0.264768 -0.299914 0.00
11.60 0.716476 -0.005588 -0.586065 0.251311 -0.313653 0.00
11.60 0.716476 -0.005588 -0.586065 0.251311 -0.313653 0.00
11.60 0.716476 -0.005588 -0.586065 0.251311 -0.313653 0.00
11.62 0.716859 -0.005680 -0.540115 0.247948 -0.321813 0.00
11.62 0.716859 -0.005680 -0.540115 0.247948 -0.321813 0.00
11.63 0.717214 -0.005741 -0.516628 0.250528 -0.325576 0.00
11.63 0.717214 -0.005741 -0.516628 0.250528 -0.325576 0.00
11.63 0.717214 -0.005741 -0.516628 0.250528 -0.325576 0.00
11.64 0.717466 -0.005763 -0.507321 0.255307 -0.326639 0.00
11.64 0.717466 -0.005763 -0.507321 0.255307 -0.326639 0.00
11.66 0.717616 -0.005756 -0.505432 0.259894 -0.326404 0.00
11.66 0.717616 -0.005756 -0.505432 0.259894 -0.326404 0.00
11.66 0.717616 -0.005756 -0.505432 0.259894 -0.326404 0.00
11.67 0.717690 -0.005736 -0.506593 0.263218 -0.325762 0.00
11.67 0.717690 -0.005736 -0.506593 0.263218 -0.325762 0.00
11.68 0.717719 -0.005713 -0.508474 0.265115 -0.325159 0.00
11.68 0.717719 -0.005713 -0.508474 0.265115 -0.325159 0.00
11.68 0.717719 -0.005713 -0.508474 0.265115 -0.325159 0.00
11.70 0.717740 -0.003306 -0.507362 0.352839 -0.305192 0.00
11.70 0.717740 -0.003306 -0.507362 0.352839 -0.305192 0.00
11.71 0.717778 -0.001850 -0.494412 0.363656 -0.300496 0.00
11.71 0.717778 -0.001850 -0.494412 0.363656 -0.300496 0.00
11.71 0.717778 -0.001850 -0.494412 0.363656 -0.300496 0.00
11.72 0.717854 -0.001155 -0.481998 0.339537 -0.303038 0.00
11.72 0.717854 -0.001155 -0.481998 0.339537 -0.303038 0.00
11.73 0.717937 -0.000952 -0.475223 0.306578 -0.307652 0.00
11.74 0.717937 -0.000952 -0.475223 0.306578 -0.307652 0.00
11.74 0.717937 -0.000952 -0.475223 0.306578 -0.307652 0.00
11.75 0.717996 -0.001008 -0.474261 0.277814 -0.311751 0.00
11.75 0.717996 -0.001008 -0.474261 0.277814 -0.311751 0.00
11.76 0.718021 -0.001160 -0.477095 0.257650 -0.314481 0.00
11.76 0.718021 -0.001160 -0.477095 0.257650 -0.314481 0.00
11.76 0.718021 -0.001160 -0.477095 0.257650 -0.314481 0.00
11.77 0.718017 -0.001316 -0.481422 0.245843 -0.315900 0.00
11.78 0.718017 -0.001316 -0.481422 0.245843 -0.315900 0.00
11.78 0.718017 -0.001316 -0.481422 0.245843 -0.315900 0.00
11.79 0.717995 -0.001437 -0.485568 0.240287 -0.316403 0.00
11.79 0.717995 -0.001437 -0.485568 0.240287 -0.316403 0.00
11.80 0.717967 -0.001515 -0.488686 0.238620 -0.316401 0.00
11.80 0.717967 -0.001515 -0.488686 0.238620 -0.316401 0.00
11.80 0.717967 -0.001515 -0.488686 0.238620 -0.316401 0.00
11.81 0.717941 -0.001557 -0.490591 0.238946 -0.316200 0.00
11.82 0.717941 -0.001557 -0.490591 0.238946 -0.316200 0.00
11.83 0.717922 -0.001574 -0.491474 0.240015 -0.315974 0.00
11.83 0.717922 -0.001574 -0.491474 0.240015 -0.315974 0.00
11.83 0.717922 -0.001574 -0.491474 0.240015 -0.315974 0.00
11.84 0.717910 -0.001576 -0.491670 0.241139 -0.315801 0.00
11.84 0.717910 -0.001576 -0.491670 0.241139 -0.315801 0.00
11.85 0.717904 -0.001572 -0.491498 0.242024 -0.315695 0.00
11.85 0.717904 -0.001572 -0.491498 0.242024 -0.315695 0.00
11.86 0.717904 -0.001572 -0.491498 0.242024 -0.315695 0.00
11.87 0.717902 -0.001566 -0.491193 0.242608 -0.315645 0.00
11.87 0.717902 -0.001566 -0.491193 0.242608 -0.315645 0.00
11.88 0.717903 -0.001561 -0.490895 0.242934 -0.315631 0.00
11.88 0.717903 -0.001561 -0.490895 0.242934 -0.315631 0.00
11.88 0.717903 -0.001561 -0.490895 0.242934 -0.315631 0.00
11.89 0.717905 -0.001557 -0.490664 0.243080 -0.315635 0.00
11.89 0.717905 -0.001557 -0.490664 0.243080 -0.315635 0.00
11.91 0.717906 -0.001555 -0.490517 0.243120 -0.315646 0.00
11.91 0.717906 -0.001555 -0.490517 0.243120 -0.315646 0.00
11.91 0.717906 -0.001555 -0.490517 0.243120 -0.315646 0.00
11.92 0.717908 -0.001554 -0.490441 0.243107 -0.315656 0.00
11.92 0.717908 -0.001554 -0.490441 0.243107 -0.315656 0.00
11.93 0.717908 -0.001554 -0.490413 0.243076 -0.315663 0.00
11.93 0.717908 -0.001554 -0.490413 0.243076 -0.315663 0.00
11.93 0.717908 -0.001554 -0.490413 0.243076 -0.315663 0.00
11.95 0.717909 -0.001553 -0.490413 0.243044 -0.315667 0.00
11.95 0.717909 -0.001553 -0.490413 0.243044 -0.315667 0.00
11.96 0.717909 -0.001554 -0.490424 0.243019 -0.315669 0.00
11.96 0.717909 -0.001554 -0.490424 0.243019 -0.315669 0.00
11.96 0.717909 -0.001554 -0.490424 0.243019 -0.315669 0.00
11.97 0.717909 -0.001554 -0.490438 0.243003 -0.315670 0.00
11.97 0.717909 -0.001554 -0.490438 0.243003 -0.315670 0.00
11.97 0.717909 -0.001554 -0.490438 0.243003 -0.315670 0.00
11.99 0.717909 -0.001554 -0.490450 0.242993 -0.315670 0.00
11.99 0.717909 -0.001554 -0.490450 0.242993 -0.315670 0.00
12.00 0.717909 -0.001554 -0.490458 0.242989 -0.315669 0.00
12.00 0.717909 -0.001554 -0.490458 0.242989 -0.315669 0.00
12.00 0.717909 -0.001554 -0.490458 0.242989 -0.315669 0.00
12.01 0.717909 -0.001554 -0.490463 0.242987 -0.315669 0.00
12.01 0.717909 -0.001554 -0.490463 0.242987 -0.315669 0.00
12.02 0.717909 -0.001554 -0.490466 0.242988 -0.315669 0.00
12.03 0.717909 -0.001554 -0.490466 0.242988 -0.315669 0.00
12.03 0.717909 -0.001554 -0.490466 0.242988 -0.315669 0.00
12.04 0.717909 -0.001554 -0.490467 0.242988 -0.315668 0.00
12.04 0.717909 -0.001554 -0.490467 0.242988 -0.315668 0.00
12.05 0.717909 -0.001554 -0.490468 0.242989 -0.315668 0.00
12.05 0.717909 -0.001554 -0.490468 0.242989 -0.315668 0.00
12.05 0.717909 -0.001554 -0.490468 0.242989 -0.315668 0.00
12.06 0.717909 -0.001554 -0.490468 0.242990 -0.315668 0.00
12.07 0.717909 -0.001554 -0.490468 0.242990 -0.315668 0.00
12.08 0.709125 -0.001846 -0.780626 0.231941 -0.267785 0.00
12.08 0.709125 -0.001846 -0.780626 0.231941 -0.267785 0.00
12.08 0.709125 -0.001846 -0.780626 0.231941 -0.267785 0.00
12.09 0.704074 -0.001871 -0.813699 0.214491 -0.262033 0.00
12.09 0.704074 -0.001871 -0.813699 0.214491 -0.262033 0.00
12.10 0.701715 -0.001869 -0.742473 0.202288 -0.273336 0.00
12.10 0.701715 -0.001869 -0.742473 0.202288 -0.273336 0.00
12.11 0.701715 -0.001869 -0.742473 0.202288 -0.273336 0.00
12.12 0.709750 -0.001586 -0.360495 0.210333 -0.335525 0.00
12.12 0.709750 -0.001586 -0.360495 0.210333 -0.335525 0.00
12.13 0.706060 -0.001853 -0.541410 0.221467 -0.304699 0.00
12.13 0.706060 -0.001853 -0.541410 0.221467 -0.304699 0.00
12.13 0.706060 -0.001853 -0.541410 0.221467 -0.304699 0.00
12.14 0.703716 0.000529 -0.591756 0.312038 -0.275053 0.00
12.14 0.703716 0.000529 -0.591756 0.312038 -0.275053 0.00
12.16 0.702503 0.002028 -0.569032 0.323147 -0.270959 0.00
12.16 0.702503 0.002028 -0.569032 0.323147 -0.270959 0.00
12.16 0.702503 0.002028 -0.569032 0.323147 -0.270959 0.00
12.17 0.702070 0.002766 -0.526325 0.299582 -0.277701 0.00
12.17 0.702070 0.002766 -0.526325 0.299582 -0.277701 0.00
12.17 0.702070 0.002766 -0.526325 0.299582 -0.277701 0.00
12.18 0.702036 0.000610 -0.491970 0.181465 -0.306190 0.00
12.18 0.702036 0.000610 -0.491970 0.181465 -0.306190 0.00
12.20 0.702134 -0.000866 -0.482377 0.144733 -0.317898 0.00
12.20 0.702134 -0.000866 -0.482377 0.144733 -0.317898 0.00
12.20 0.702134 -0.000866 -0.482377 0.144733 -0.317898 0.00
12.21 0.702204 -0.001685 -0.484099 0.151477 -0.319807 0.00
12.21 0.702204 -0.001685 -0.484099 0.151477 -0.319807 0.00
12.22 0.702226 -0.002022 -0.488032 0.174972 -0.317411 0.00
12.22 0.702226 -0.002022 -0.488032 0.174972 -0.317411 0.00
12.22 0.702226 -0.002022 -0.488032 0.174972 -0.317411 0.00
12.24 0.702239 0.000321 -0.487372 0.286825 -0.294495 0.00
12.24 0.702239 0.000321 -0.487372 0.286825 -0.294495 0.00
12.25 0.702274 0.001853 -0.472840 0.317096 -0.287253 0.00
12.25 0.702274 0.001853 -0.472840 0.317096 -0.287253 0.00
12.25 0.702274 0.001853 -0.472840 0.317096 -0.287253 0.00
12.26 0.702360 0.002668 -0.457618 0.305858 -0.288138 0.00
12.26 0.702360 0.002668 -0.457618 0.305858 -0.288138 0.00
12.26 0.702360 0.002668 -0.457618 0.305858 -0.288138 0.00
12.28 0.702461 0.002980 -0.447820 0.279985 -0.291917 0.00
12.28 0.702461 0.002980 -0.447820 0.279985 -0.291917 0.00
12.29 0.702542 0.003004 -0.444332 0.254222 -0.295744 0.00
12.29 0.702542 0.003004 -0.444332 0.254222 -0.295744 0.00
12.29 0.702542 0.003004 -0.444332 0.254222 -0.295744 0.00
12.30 0.702587 0.002901 -0.445440 0.234656 -0.298502 0.00
12.30 0.702587 0.002901 -0.445440 0.234656 -0.298502 0.00
12.31 0.702599 0.002768 -0.448824 0.222310 -0.300060 0.00
12.32 0.702599 0.002768 -0.448824 0.222310 -0.300060 0.00
12.32 0.702599 0.002768 -0.448824 0.222310 -0.300060 0.00
12.33 0.702588 0.002654 -0.452622 0.215870 -0.300708 0.00
12.33 0.702588 0.002654 -0.452622 0.215870 -0.300708 0.00
12.34 0.702566 0.002576 -0.455764 0.213382 -0.300815 0.00
12.34 0.702566 0.002576 -0.455764 0.213382 -0.300815 0.00
12.34 0.702566 0.002576 -0.455764 0.213382 -0.300815 0.00
12.35 0.702543 0.002530 -0.457868 0.213102 -0.300676 0.00
12.36 0.702543 0.002530 -0.457868 0.213102 -0.300676 0.00
12.36 0.702543 0.002530 -0.457868 0.213102 -0.300676 0.00
12.37 0.702524 0.002509 -0.458991 0.213794 -0.300478 0.00
12.37 0.702524 0.002509 -0.458991 0.213794 -0.300478 0.00
12.38 0.702511 0.002503 -0.459393 0.214721 -0.300311 0.00
12.38 0.702511 0.002503 -0.459393 0.214721 -0.300311 0.00
12.38 0.702511 0.002503 -0.459393 0.214721 -0.300311 0.00
12.39 0.702504 0.002505 -0.459364 0.215528 -0.300201 0.00
12.40 0.702504 0.002505 -0.459364 0.215528 -0.300201 0.00
12.41 0.702501 0.002509 -0.459145 0.216101 -0.300144 0.00
12.41 0.702501 0.002509 -0.459145 0.216101 -0.300144 0.00
12.41 0.702501 0.002509 -0.459145 0.216101 -0.300144 0.00
12.42 0.702501 0.002514 -0.458886 0.216445 -0.300123 0.00
12.42 0.702501 0.002514 -0.458886 0.216445 -0.300123 0.00
12.43 0.702502 0.002517 -0.458666 0.216618 -0.300123 0.00
12.43 0.702502 0.002517 -0.458666 0.216618 -0.300123 0.00
12.44 0.702502 0.002517 -0.458666 0.216618 -0.300123 0.00
12.45 0.702503 0.002519 -0.458514 0.216681 -0.300130 0.00
12.45 0.702503 0.002519 -0.458514 0.216681 -0.300130 0.00
12.45 0.702503 0.002519 -0.458514 0.216681 -0.300130 0.00
12.46 0.702505 0.002521 -0.458427 0.216686 -0.300139 0.00
12.46 0.702505 0.002521 -0.458427 0.216686 -0.300139 0.00
12.47 0.702506 0.002521 -0.458388 0.216666 -0.300147 0.00
12.47 0.702506 0.002521 -0.458388 0.216666 -0.300147 0.00
12.48 0.702506 0.002521 -0.458388 0.216666 -0.300147 0.00
12.49 0.702506 0.002521 -0.458378 0.216640 -0.300151 0.00
12.49 0.702506 0.002521 -0.458378 0.216640 -0.300151 0.00
12.50 0.702506 0.002521 -0.458384 0.216618 -0.300153 0.00
12.50 0.702506 0.002521 -0.458384 0.216618 -0.300153 0.00
12.50 0.702506 0.002521 -0.458384 0.216618 -0.300153 0.00
12.51 0.702506 0.002521 -0.458396 0.216602 -0.300154 0.00
12.51 0.702506 0.002521 -0.458396 0.216602 -0.300154 0.00
12.52 0.702506 0.002521 -0.458396 0.216602 -0.300154 0.00
12.53 0.702506 0.002521 -0.458408 0.216592 -0.300154 0.00
12.53 0.702506 0.002521 -0.458408 0.216592 -0.300154 0.00
12.54 0.702506 0.002521 -0.458417 0.216587 -0.300154 0.00
12.54 0.702506 0.002521 -0.458417 0.216587 -0.300154 0.00
12.54 0.702506 0.002521 -0.458417 0.216587 -0.300154 0.00
12.55 0.702506 0.002521 -0.458422 0.216584 -0.300153 0.00
12.55 0.702506 0.002521 -0.458422 0.216584 -0.300153 0.00
12.57 0.702506 0.002521 -0.458425 0.216584 -0.300153 0.00
12.57 0.702506 0.002521 -0.458425 0.216584 -0.300153 0.00
12.57 0.702506 0.002521 -0.458425 0.216584 -0.300153 0.00
12.58 0.702506 0.002521 -0.458426 0.216584 -0.300153 0.00
12.58 0.702506 0.002521 -0.458426 0.216584 -0.300153 0.00
12.59 0.702506 0.002521 -0.458427 0.216585 -0.300153 0.00
12.59 0.702506 0.002521 -0.458427 0.216585 -0.300153 0.00
12.59 0.702506 0.002521 -0.458427 0.216585 -0.300153 0.00
12.61 0.702506 0.002521 -0.458427 0.216585 -0.300153 0.00
12.61 0.702506 0.002521 -0.458427 0.216585 -0.300153 0.00
12.61 0.702506 0.002521 -0.458427 0.216585 -0.300153 0.00
12.62 0.702506 0.002521 -0.458428 0.216586 -0.300153 0.00
12.62 0.702506 0.002521 -0.458428 0.216586 -0.300153 0.00
12.63 0.702506 0.002521 -0.458428 0.216586 -0.300152 0.00
12.63 0.702506 0.002521 -0.458428 0.216586 -0.300152 0.00
12.63 0.702506 0.002521 -0.458428 0.216586 -0.300152 0.00
12.65 0.702506 0.002521 -0.458429 0.216586 -0.300152 0.00
12.65 0.702506 0.002521 -0.458429 0.216586 -0.300152 0.00
12.66 0.702506 0.002521 -0.458429 0.216586 -0.300152 0.00
12.66 0.702506 0.002521 -0.458429 0.216586 -0.300152 0.00
12.66 0.702506 0.002521 -0.458429 0.216586 -0.300152 0.00
12.67 0.702506 0.002521 -0.458428 0.216586 -0.300152 0.00
12.67 0.702506 0.002521 -0.458428 0.216586 -0.300152 0.00
12.68 0.702506 0.002521 -0.458427 0.216586 -0.300153 0.00
12.69 0.702506 0.002521 -0.458427 0.216586 -0.300153 0.00
12.69 0.702506 0.002521 -0.458427 0.216586 -0.300153 0.00
12.70 0.702506 0.002521 -0.458426 0.216586 -0.300153 0.00
12.70 0.702506 0.002521 -0.458426 0.216586 -0.300153 0.00
12.70 0.702506 0.002521 -0.458426 0.216586 -0.300153 0.00
12.71 0.702506 0.002521 -0.458426 0.216586 -0.300153 0.00
12.71 0.702506 0.002521 -0.458426 0.216586 -0.300153 0.00
12.72 0.702506 0.002521 -0.458425 0.216586 -0.300153 0.00
12.73 0.702506 0.002521 -0.458425 0.216586 -0.300153 0.00
12.73 0.702506 0.002521 -0.458425 0.216586 -0.300153 0.00
12.74 0.702506 0.002521 -0.458425 0.216586 -0.300153 0.00
12.74 0.702506 0.002521 -0.458425 0.216586 -0.300153 0.00
12.75 0.702506 0.002521 -0.458425 0.216586 -0.300153 0.00
12.75 0.702506 0.002521 -0.458425 0.216586 -0.300153 0.00
12.75 0.702506 0.002521 -0.458425 0.216586 -0.300153 0.00
12.76 0.702506 0.002521 -0.458424 0.216586 -0.300153 0.00
12.77 0.702506 0.002521 -0.458424 0.216586 -0.300153 0.00
12.77 0.702506 0.002521 -0.458424 0.216586 -0.300153 0.00
12.78 0.702506 0.002521 -0.458424 0.216586 -0.300153 0.00
12.78 0.702506 0.002521 -0.458424 0.216586 -0.300153 0.00
12.79 0.702506 0.002521 -0.458424 0.216587 -0.300153 0.00
12.79 0.702506 0.002521 -0.458424 0.216587 -0.300153 0.00
12.79 0.702506 0.002521 -0.458424 0.216587 -0.300153 0.00
12.80 0.702506 0.002521 -0.458423 0.216587 -0.300153 0.00
12.81 0.702506 0.002521 -0.458423 0.216587 -0.300153 0.00
12.82 0.702506 0.002521 -0.458423 0.216587 -0.300153 0.00
12.82 0.702506 0.002521 -0.458423 0.216587 -0.300153 0.00
12.82 0.702506 0.002521 -0.458423 0.216587 -0.300153 0.00
12.83 0.702506 0.002521 -0.458423 0.216587 -0.300153 0.00
12.83 0.702506 0.002521 -0.458423 0.216587 -0.300153 0.00
12.84 0.702506 0.002521 -0.458423 0.216587 -0.300153 0.00
12.84 0.702506 0.002521 -0.458423 0.216587 -0.300153 0.00
12.85 0.702506 0.002521 -0.458423 0.216587 -0.300153 0.00
12.86 0.702506 0.002521 -0.458423 0.216587 -0.300153 0.00
12.86 0.702506 0.002521 -0.458423 0.216587 -0.300153 0.00
12.86 0.702506 0.002521 -0.458423 0.216587 -0.300153 0.00
12.87 0.702506 0.002521 -0.458423 0.216587 -0.300153 0.00
12.87 0.702506 0.002521 -0.458423 0.216587 -0.300153 0.00
12.88 0.702506 0.002521 -0.458423 0.216587 -0.300153 0.00
12.88 0.702506 0.002521 -0.458423 0.216587 -0.300153 0.00
12.89 0.702506 0.002521 -0.458423 0.216587 -0.300153 0.00
12.90 0.702506 0.002521 -0.458423 0.216587 -0.300153 0.00
12.90 0.702506 0.002521 -0.458423 0.216587 -0.300153 0.00
12.91 0.702506 0.002521 -0.458423 0.216587 -0.300153 0.00
12.91 0.702506 0.002521 -0.458423 0.216587 -0.300153 0.00
12.91 0.702506 0.002521 -0.458423 0.216587 -0.300153 0.00
12.92 0.702506 0.002521 -0.458422 0.216587 -0.300153 0.00
12.92 0.702506 0.002521 -0.458422 0.216587 -0.300153 0.00
12.94 0.702506 0.002521 -0.458423 0.216587 -0.300153 0.00
12.94 0.702506 0.002521 -0.458423 0.216587 -0.300153 0.00
12.94 0.702506 0.002521 -0.458423 0.216587 -0.300153 0.00
12.95 0.702506 0.002521 -0.458424 0.216587 -0.300153 0.00
12.95 0.702506 0.002521 -0.458424 0.216587 -0.300153 0.00
12.95 0.702506 0.002521 -0.458424 0.216587 -0.300153 0.00
12.96 0.702506 0.002521 -0.458425 0.216587 -0.300153 0.00
12.96 0.702506 0.002521 -0.458425 0.216587 -0.300153 0.00
12.98 0.702506 0.002521 -0.458426 0.216586 -0.300153 0.00
12.98 0.702506 0.002521 -0.458426 0.216586 -0.300153 0.00
12.98 0.702506 0.002521 -0.458426 0.216586 -0.300153 0.00
12.99 0.702506 0.002521 -0.458426 0.216586 -0.300153 0.00
12.99 0.702506 0.002521 -0.458426 0.216586 -0.300153 0.00
13.00 0.702506 0.002521 -0.458427 0.216586 -0.300153 0.00
13.00 0.702506 0.002521 -0.458427 0.216586 -0.300153 0.00
13.00 0.702506 0.002521 -0.458427 0.216586 -0.300153 0.00
13.02 0.702506 0.002521 -0.458427 0.216586 -0.300153 0.00
13.02 0.702506 0.002521 -0.458427 0.216586 -0.300153 0.00
13.02 0.702506 0.002521 -0.458427 0.216586 -0.300153 0.00
13.03 0.702506 0.002521 -0.458428 0.216586 -0.300152 0.00
13.03 0.702506 0.002521 -0.458428 0.216586 -0.300152 0.00
13.04 0.702506 0.002521 -0.458428 0.216586 -0.300152 0.00
13.04 0.702506 0.002521 -0.458428 0.216586 -0.300152 0.00
13.04 0.702506 0.002521 -0.458428 0.216586 -0.300152 0.00
13.06 0.702490 0.000131 -0.461153 0.129624 -0.319707 0.00
13.06 0.702490 0.000131 -0.461153 0.129624 -0.319707 0.00
13.07 0.702448 -0.001314 -0.475193 0.118859 -0.324183 0.00
13.07 0.702448 -0.001314 -0.475193 0.118859 -0.324183 0.00
13.07 0.702448 -0.001314 -0.475193 0.118859 -0.324183 0.00
13.08 0.702366 -0.002003 -0.488240 0.142691 -0.321557 0.00
13.08 0.702366 -0.002003 -0.488240 0.142691 -0.321557 0.00
13.09 0.702278 -0.002205 -0.495338 0.175277 -0.316934 0.00
13.10 0.702278 -0.002205 -0.495338 0.175277 -0.316934 0.00
13.10 0.702278 -0.002205 -0.495338 0.175277 -0.316934 0.00
13.11 0.702215 -0.002150 -0.496445 0.203716 -0.312856 0.00
13.11 0.702215 -0.002150 -0.496445 0.203716 -0.312856 0.00
13.12 0.702188 -0.002000 -0.493666 0.223652 -0.310152 0.00
13.12 0.702188 -0.002000 -0.493666 0.223652 -0.310152 0.00
13.12 0.702188 -0.002000 -0.493666 0.223652 -0.310152 0.00
13.13 0.702191 -0.001846 -0.489356 0.235328 -0.308752 0.00
13.14 0.702191 -0.001846 -0.489356 0.235328 -0.308752 0.00
13.15 0.702212 -0.001726 -0.485212 0.240826 -0.308262 0.00
13.15 0.702212 -0.001726 -0.485212 0.240826 -0.308262 0.00
13.15 0.702212 -0.001726 -0.485212 0.240826 -0.308262 0.00
13.16 0.702240 -0.001649 -0.482091 0.242480 -0.308268 0.00
13.16 0.702240 -0.001649 -0.482091 0.242480 -0.308268 0.00
13.16 0.702240 -0.001649 -0.482091 0.242480 -0.308268 0.00
13.17 0.702282 0.000783 -0.477457 0.329126 -0.288916 0.00
13.18 0.702282 0.000783 -0.477457 0.329126 -0.288916 0.00
13.19 0.702342 0.002244 -0.462525 0.338839 -0.284665 0.00
13.19 0.702342 0.002244 -0.462525 0.338839 -0.284665 0.00
13.19 0.702342 0.002244 -0.462525 0.338839 -0.284665 0.00
13.20 0.702437 0.002936 -0.449273 0.313900 -0.287464 0.00
13.20 0.702437 0.002936 -0.449273 0.313900 -0.287464 0.00
13.21 0.702531 0.003133 -0.442341 0.280442 -0.292192 0.00
13.21 0.702531 0.003133 -0.442341 0.280442 -0.292192 0.00
13.22 0.702531 0.003133 -0.442341 0.280442 -0.292192 0.00
13.23 0.702596 0.003073 -0.441536 0.251427 -0.296319 0.00
13.23 0.702596 0.003073 -0.441536 0.251427 -0.296319 0.00
13.24 0.702622 0.002918 -0.444609 0.231169 -0.299037 0.00
13.24 0.702622 0.002918 -0.444609 0.231169 -0.299037 0.00
13.24 0.702622 0.002918 -0.444609 0.231169 -0.299037 0.00
13.25 0.702618 0.002760 -0.449145 0.219349 -0.300432 0.00
13.25 0.702618 0.002760 -0.449145 0.219349 -0.300432 0.00
13.26 0.702618 0.002760 -0.449145 0.219349 -0.300432 0.00
13.27 0.702594 0.002638 -0.453435 0.213812 -0.300913 0.00
13.27 0.702594 0.002638 -0.453435 0.213812 -0.300913 0.00
13.28 0.702565 0.002559 -0.456634 0.212170 -0.300896 0.00
13.28 0.702565 0.002559 -0.456634 0.212170 -0.300896 0.00
13.28 0.702565 0.002559 -0.456634 0.212170 -0.300896 0.00
13.29 0.702539 0.002518 -0.458574 0.212517 -0.300686 0.00
13.29 0.702539 0.002518 -0.458574 0.212517 -0.300686 0.00
13.31 0.702519 0.002501 -0.459466 0.213599 -0.300456 0.00
13.31 0.702519 0.002501 -0.459466 0.213599 -0.300456 0.00
13.31 0.702519 0.002501 -0.459466 0.213599 -0.300456 0.00
13.32 0.702507 0.002499 -0.459657 0.214730 -0.300282 0.00
13.32 0.702507 0.002499 -0.459657 0.214730 -0.300282 0.00
13.33 0.702501 0.002503 -0.459475 0.215620 -0.300177 0.00
13.33 0.702501 0.002503 -0.459475 0.215620 -0.300177 0.00
13.33 0.702501 0.002503 -0.459475 0.215620 -0.300177 0.00
13.35 0.702500 0.002509 -0.459162 0.216204 -0.300128 0.00
13.35 0.702500 0.002509 -0.459162 0.216204 -0.300128 0.00
13.35 0.702500 0.002509 -0.459162 0.216204 -0.300128 0.00
13.36 0.702500 0.002514 -0.458857 0.216531 -0.300115 0.00
13.36 0.702500 0.002514 -0.458857 0.216531 -0.300115 0.00
13.37 0.702502 0.002518 -0.458624 0.216677 -0.300119 0.00
13.37 0.702502 0.002518 -0.458624 0.216677 -0.300119 0.00
13.37 0.702502 0.002518 -0.458624 0.216677 -0.300119 0.00
13.39 0.702503 0.002520 -0.458475 0.216716 -0.300130 0.00
13.39 0.702503 0.002520 -0.458475 0.216716 -0.300130 0.00
13.40 0.702505 0.002521 -0.458398 0.216703 -0.300140 0.00
13.40 0.702505 0.002521 -0.458398 0.216703 -0.300140 0.00
13.40 0.702505 0.002521 -0.458398 0.216703 -0.300140 0.00
13.41 0.702506 0.002522 -0.458369 0.216672 -0.300148 0.00
13.41 0.702506 0.002522 -0.458369 0.216672 -0.300148 0.00
13.41 0.702506 0.002522 -0.458369 0.216672 -0.300148 0.00
13.42 0.702506 0.002522 -0.458369 0.216640 -0.300152 0.00
13.43 0.702506 0.002522 -0.458369 0.216640 -0.300152 0.00
13.44 0.702506 0.002521 -0.458381 0.216615 -0.300154 0.00
13.44 0.702506 0.002521 -0.458381 0.216615 -0.300154 0.00
13.44 0.702506 0.002521 -0.458381 0.216615 -0.300154 0.00
13.45 0.702507 0.002521 -0.458395 0.216599 -0.300155 0.00
13.45 0.702507 0.002521 -0.458395 0.216599 -0.300155 0.00
13.46 0.702506 0.002521 -0.458407 0.216590 -0.300155 0.00
13.47 0.702506 0.002521 -0.458407 0.216590 -0.300155 0.00
13.47 0.702506 0.002521 -0.458407 0.216590 -0.300155 0.00
13.48 0.702506 0.002521 -0.458415 0.216585 -0.300154 0.00
13.48 0.702506 0.002521 -0.458415 0.216585 -0.300154 0.00
13.49 0.702506 0.002521 -0.458422 0.216584 -0.300154 0.00
13.49 0.702506 0.002521 -0.458422 0.216584 -0.300154 0.00
13.49 0.702506 0.002521 -0.458422 0.216584 -0.300154 0.00
13.50 0.702506 0.002521 -0.458425 0.216584 -0.300153 0.00
13.50 0.702506 0.002521 -0.458425 0.216584 -0.300153 0.00
13.51 0.702506 0.002521 -0.458425 0.216584 -0.300153 0.00
13.52 0.702506 0.002521 -0.458426 0.216584 -0.300153 0.00
13.52 0.702506 0.002521 -0.458426 0.216584 -0.300153 0.00
13.53 0.702506 0.002521 -0.458427 0.216585 -0.300153 0.00
13.53 0.702506 0.002521 -0.458427 0.216585 -0.300153 0.00
13.53 0.702506 0.002521 -0.458427 0.216585 -0.300153 0.00
13.54 0.702506 0.002521 -0.458428 0.216585 -0.300153 0.00
13.54 0.702506 0.002521 -0.458428 0.216585 -0.300153 0.00
13.56 0.702506 0.002521 -0.458428 0.216586 -0.300153 0.00
13.56 0.702506 0.002521 -0.458428 0.216586 -0.300153 0.00
13.56 0.702506 0.002521 -0.458428 0.216586 -0.300153 0.00
13.57 0.702506 0.002521 -0.458428 0.216586 -0.300152 0.00
13.57 0.702506 0.002521 -0.458428 0.216586 -0.300152 0.00
13.58 0.702506 0.002521 -0.458429 0.216586 -0.300152 0.00
13.58 0.702506 0.002521 -0.458429 0.216586 -0.300152 0.00
13.58 0.702506 0.002521 -0.458429 0.216586 -0.300152 0.00
13.60 0.702506 0.002521 -0.458428 0.216586 -0.300152 0.00
13.60 0.702506 0.002521 -0.458428 0.216586 -0.300152 0.00
13.60 0.702506 0.002521 -0.458428 0.216586 -0.300152 0.00
13.61 0.702506 0.002521 -0.458427 0.216586 -0.300153 0.00
13.61 0.702506 0.002521 -0.458427 0.216586 -0.300153 0.00
13.62 0.702506 0.002521 -0.458426 0.216586 -0.300153 0.00
13.62 0.702506 0.002521 -0.458426 0.216586 -0.300153 0.00
13.62 0.702506 0.002521 -0.458426 0.216586 -0.300153 0.00
13.64 0.702506 0.002521 -0.458426 0.216586 -0.300153 0.00
13.64 0.702506 0.002521 -0.458426 0.216586 -0.300153 0.00
13.65 0.702506 0.002521 -0.458425 0.216586 -0.300153 0.00
13.65 0.702506 0.002521 -0.458425 0.216586 -0.300153 0.00
13.65 0.702506 0.002521 -0.458425 0.216586 -0.300153 0.00
13.66 0.702506 0.002521 -0.458425 0.216586 -0.300153 0.00
13.66 0.702506 0.002521 -0.458425 0.216586 -0.300153 0.00
13.66 0.702506 0.002521 -0.458425 0.216586 -0.300153 0.00
13.68 0.702506 0.002521 -0.458425 0.216586 -0.300153 0.00
13.68 0.702506 0.002521 -0.458425 0.216586 -0.300153 0.00
13.69 0.702506 0.002521 -0.458424 0.216586 -0.300153 0.00
13.69 0.702506 0.002521 -0.458424 0.216586 -0.300153 0.00
13.69 0.702506 0.002521 -0.458424 0.216586 -0.300153 0.00
13.70 0.702506 0.002521 -0.458424 0.216586 -0.300153 0.00
13.70 0.702506 0.002521 -0.458424 0.216586 -0.300153 0.00
13.71 0.702506 0.002521 -0.458424 0.216587 -0.300153 0.00
13.72 0.702506 0.002521 -0.458424 0.216587 -0.300153 0.00
13.72 0.702506 0.002521 -0.458424 0.216587 -0.300153 0.00
13.73 0.702506 0.002521 -0.458423 0.216587 -0.300153 0.00
13.73 0.702506 0.002521 -0.458423 0.216587 -0.300153 0.00
13.74 0.702506 0.002521 -0.458423 0.216587 -0.300153 0.00
13.74 0.702506 0.002521 -0.458423 0.216587 -0.300153 0.00
13.74 0.702506 0.002521 -0.458423 0.216587 -0.300153 0.00
13.75 0.702506 0.002521 -0.458423 0.216587 -0.300153 0.00
13.76 0.702506 0.002521 -0.458423 0.216587 -0.300153 0.00
13.76 0.702506 0.002521 -0.458423 0.216587 -0.300153 0.00
13.77 0.702506 0.002521 -0.458423 0.216587 -0.300153 0.00
13.77 0.702506 0.002521 -0.458423 0.216587 -0.300153 0.00
13.78 0.702506 0.002521 -0.458423 0.216587 -0.300153 0.00
13.78 0.702506 0.002521 -0.458423 0.216587 -0.300153 0.00
13.78 0.702506 0.002521 -0.458423 0.216587 -0.300153 0.00
13.79 0.702506 0.002521 -0.458423 0.216587 -0.300153 0.00
13.80 0.702506 0.002521 -0.458423 0.216587 -0.300153 0.00
13.81 0.702506 0.002521 -0.458423 0.216587 -0.300153 0.00
13.81 0.702506 0.002521 -0.458423 0.216587 -0.300153 0.00
13.81 0.702506 0.002521 -0.458423 0.216587 -0.300153 0.00
13.82 0.702506 0.002521 -0.458423 0.216587 -0.300153 0.00
13.82 0.702506 0.002521 -0.458423 0.216587 -0.300153 0.00
13.83 0.702506 0.002521 -0.458423 0.216587 -0.300153 0.00
13.83 0.702506 0.002521 -0.458423 0.216587 -0.300153 0.00
13.84 0.702506 0.002521 -0.458423 0.216587 -0.300153 0.00
13.85 0.702506 0.002521 -0.458422 0.216587 -0.300153 0.00
13.85 0.702506 0.002521 -0.458422 0.216587 -0.300153 0.00
13.85 0.702506 0.002521 -0.458422 0.216587 -0.300153 0.00
13.86 0.702506 0.002521 -0.458423 0.216587 -0.300153 0.00
13.86 0.702506 0.002521 -0.458423 0.216587 -0.300153 0.00
13.87 0.702506 0.002521 -0.458424 0.216587 -0.300153 0.00
13.87 0.702506 0.002521 -0.458424 0.216587 -0.300153 0.00
13.88 0.702506 0.002521 -0.458424 0.216587 -0.300153 0.00
13.89 0.702506 0.002521 -0.458425 0.216587 -0.300153 0.00
13.89 0.702506 0.002521 -0.458425 0.216587 -0.300153 0.00
13.90 0.702506 0.002521 -0.458426 0.216586 -0.300153 0.00
13.90 0.702506 0.002521 -0.458426 0.216586 -0.300153 0.00
13.90 0.702506 0.002521 -0.458426 0.216586 -0.300153 0.00
13.91 0.702506 0.002521 -0.458426 0.216586 -0.300153 0.00
13.91 0.702506 0.002521 -0.458426 0.216586 -0.300153 0.00
13.92 0.702506 0.002521 -0.458426 0.216586 -0.300153 0.00
13.93 0.702506 0.002521 -0.458427 0.216586 -0.300153 0.00
13.93 0.702506 0.002521 -0.458427 0.216586 -0.300153 0.00
13.94 0.702506 0.002521 -0.458427 0.216586 -0.300153 0.00
13.94 0.702506 0.002521 -0.458427 0.216586 -0.300153 0.00
13.94 0.702506 0.002521 -0.458427 0.216586 -0.300153 0.00
13.95 0.702506 0.002521 -0.458428 0.216586 -0.300152 0.00
13.95 0.702506 0.002521 -0.458428 0.216586 -0.300152 0.00
13.97 0.702506 0.002521 -0.458428 0.216586 -0.300152 0.00
13.97 0.702506 0.002521 -0.458428 0.216586 -0.300152 0.00
13.97 0.702506 0.002521 -0.458428 0.216586 -0.300152 0.00
13.98 0.702506 0.002521 -0.458428 0.216586 -0.300152 0.00
13.98 0.702506 0.002521 -0.458428 0.216586 -0.300152 0.00
13.99 0.702506 0.002521 -0.458429 0.216586 -0.300152 0.00
13.99 0.702506 0.002521 -0.458429 0.216586 -0.300152 0.00
13.99 0.702506 0.002521 -0.458429 0.216586 -0.300152 0.00
14.01 0.702506 0.002521 -0.458428 0.216586 -0.300152 0.00
14.01 0.702506 0.002521 -0.458428 0.216586 -0.300152 0.00
14.01 0.702506 0.002521 -0.458428 0.216586 -0.300152 0.00
14.02 0.702506 0.002521 -0.458427 0.216586 -0.300153 0.00
14.02 0.702506 0.002521 -0.458427 0.216586 -0.300153 0.00
14.03 0.702506 0.002521 -0.458426 0.216586 -0.300153 0.00
14.03 0.702506 0.002521 -0.458426 0.216586 -0.300153 0.00
14.03 0.702506 0.002521 -0.458426 0.216586 -0.300153 0.00
14.05 0.702506 0.002521 -0.458426 0.216586 -0.300153 0.00
14.05 0.702506 0.002521 -0.458426 0.216586 -0.300153 0.00
14.06 0.702506 0.002521 -0.458425 0.216586 -0.300153 0.00
14.06 0.702506 0.002521 -0.458425 0.216586 -0.300153 0.00
14.06 0.702506 0.002521 -0.458425 0.216586 -0.300153 0.00
14.07 0.702506 0.002521 -0.458425 0.216586 -0.300153 0.00
14.07 0.702506 0.002521 -0.458425 0.216586 -0.300153 0.00
14.08 0.702506 0.002521 -0.458425 0.216586 -0.300153 0.00
14.09 0.702506 0.002521 -0.458425 0.216586 -0.300153 0.00
14.09 0.702506 0.002521 -0.458425 0.216586 -0.300153 0.00
14.10 0.702506 0.002521 -0.458424 0.216586 -0.300153 0.00
14.10 0.702506 0.002521 -0.458424 0.216586 -0.300153 0.00
14.10 0.702506 0.002521 -0.458424 0.216586 -0.300153 0.00
14.11 0.702506 0.002521 -0.458424 0.216586 -0.300153 0.00
14.11 0.702506 0.002521 -0.458424 0.216586 -0.300153 0.00
14.12 0.702506 0.002521 -0.458424 0.216587 -0.300153 0.00
14.13 0.702506 0.002521 -0.458424 0.216587 -0.300153 0.00
14.13 0.702506 0.002521 -0.458424 0.216587 -0.300153 0.00
14.14 0.702506 0.002521 -0.458423 0.216587 -0.300153 0.00
14.14 0.702506 0.002521 -0.458423 0.216587 -0.300153 0.00
14.15 0.702506 0.002521 -0.458423 0.216587 -0.300153 0.00
14.15 0.702506 0.002521 -0.458423 0.216587 -0.300153 0.00
14.15 0.702506 0.002521 -0.458423 0.216587 -0.300153 0.00
14.16 0.702506 0.002521 -0.458423 0.216587 -0.300153 0.00
14.17 0.702506 0.002521 -0.458423 0.216587 -0.300153 0.00
14.17 0.702506 0.002521 -0.458423 0.216587 -0.300153 0.00
14.18 0.702506 0.002521 -0.458423 0.216587 -0.300153 0.00
14.18 0.702506 0.002521 -0.458423 0.216587 -0.300153 0.00
14.19 0.702506 0.002521 -0.458423 0.216587 -0.300153 0.00
14.19 0.702506 0.002521 -0.458423 0.216587 -0.300153 0.00
14.19 0.702506 0.002521 -0.458423 0.216587 -0.300153 0.00
14.20 0.702506 0.002521 -0.458423 0.216587 -0.300153 0.00
14.21 0.702506 0.002521 -0.458423 0.216587 -0.300153 0.00
14.22 0.702506 0.002521 -0.458423 0.216587 -0.300153 0.00
14.22 0.702506 0.002521 -0.458423 0.216587 -0.300153 0.00
14.22 0.702506 0.002521 -0.458423 0.216587 -0.300153 0.00
14.23 0.702506 0.002521 -0.458423 0.216587 -0.300153 0.00
14.23 0.702506 0.002521 -0.458423 0.216587 -0.300153 0.00
14.24 0.702506 0.002521 -0.458423 0.216587 -0.300153 0.00
14.24 0.702506 0.002521 -0.458423 0.216587 -0.300153 0.00
14.25 0.702506 0.002521 -0.458423 0.216587 -0.300153 0.00
14.26 0.702506 0.002521 -0.458422 0.216587 -0.300153 0.00
14.26 0.702506 0.002521 -0.458422 0.216587 -0.300153 0.00
14.26 0.702506 0.002521 -0.458422 0.216587 -0.300153 0.00
14.27 0.702506 0.002521 -0.458423 0.216587 -0.300153 0.00
14.27 0.702506 0.002521 -0.458423 0.216587 -0.300153 0.00
14.28 0.702506 0.002521 -0.458424 0.216587 -0.300153 0.00
14.28 0.702506 0.002521 -0.458424 0.216587 -0.300153 0.00
14.29 0.702506 0.002521 -0.458424 0.216587 -0.300153 0.00
14.30 0.702506 0.002521 -0.458425 0.216587 -0.300153 0.00
14.30 0.702506 0.002521 -0.458425 0.216587 -0.300153 0.00
14.31 0.702506 0.002521 -0.458426 0.216586 -0.300153 0.00
14.31 0.702506 0.002521 -0.458426 0.216586 -0.300153 0.00
14.31 0.702506 0.002521 -0.458426 0.216586 -0.300153 0.00
14.32 0.702506 0.002521 -0.458426 0.216586 -0.300153 0.00
14.32 0.702506 0.002521 -0.458426 0.216586 -0.300153 0.00
14.34 0.702506 0.002521 -0.458427 0.216586 -0.300153 0.00
14.34 0.702506 0.002521 -0.458427 0.216586 -0.300153 0.00
14.34 0.702506 0.002521 -0.458427 0.216586 -0.300153 0.00
14.35 0.702506 0.002521 -0.458427 0.216586 -0.300153 0.00
14.35 0.702506 0.002521 -0.458427 0.216586 -0.300153 0.00
14.35 0.702506 0.002521 -0.458427 0.216586 -0.300153 0.00
14.36 0.702506 0.002521 -0.458428 0.216586 -0.300152 0.00
14.36 0.702506 0.002521 -0.458428 0.216586 -0.300152 0.00
14.38 0.702506 0.002521 -0.458428 0.216586 -0.300152 0.00
14.38 0.702506 0.002521 -0.458428 0.216586 -0.300152 0.00
14.38 0.702506 0.002521 -0.458428 0.216586 -0.300152 0.00
14.39 0.702506 0.002521 -0.458428 0.216586 -0.300152 0.00
14.39 0.702506 0.002521 -0.458428 0.216586 -0.300152 0.00
14.40 0.702506 0.002521 -0.458429 0.216586 -0.300152 0.00
14.40 0.702506 0.002521 -0.458429 0.216586 -0.300152 0.00
14.40 0.702506 0.002521 -0.458429 0.216586 -0.300152 0.00
14.42 0.702506 0.002521 -0.458428 0.216586 -0.300152 0.00
14.42 0.702506 0.002521 -0.458428 0.216586 -0.300152 0.00
14.42 0.702506 0.002521 -0.458428 0.216586 -0.300152 0.00
14.43 0.702506 0.002521 -0.458427 0.216586 -0.300153 0.00
14.43 0.702506 0.002521 -0.458427 0.216586 -0.300153 0.00
14.44 0.702506 0.002521 -0.458426 0.216586 -0.300153 0.00
14.44 0.702506 0.002521 -0.458426 0.216586 -0.300153 0.00
14.44 0.702506 0.002521 -0.458426 0.216586 -0.300153 0.00
14.45 0.702506 0.002521 -0.458426 0.216586 -0.300153 0.00
14.46 0.702506 0.002521 -0.458426 0.216586 -0.300153 0.00
14.47 0.702506 0.002521 -0.458425 0.216586 -0.300153 0.00
14.47 0.702506 0.002521 -0.458425 0.216586 -0.300153 0.00
14.47 0.702506 0.002521 -0.458425 0.216586 -0.300153 0.00
14.48 0.702506 0.002521 -0.458425 0.216586 -0.300153 0.00
14.48 0.702506 0.002521 -0.458425 0.216586 -0.300153 0.00
14.49 0.702506 0.002521 -0.458425 0.216586 -0.300153 0.00
14.49 0.702506 0.002521 -0.458425 0.216586 -0.300153 0.00
14.50 0.702506 0.002521 -0.458425 0.216586 -0.300153 0.00
14.51 0.702506 0.002521 -0.458424 0.216586 -0.300153 0.00
14.51 0.702506 0.002521 -0.458424 0.216586 -0.300153 0.00
14.51 0.702506 0.002521 -0.458424 0.216586 -0.300153 0.00
14.52 0.702506 0.002521 -0.458424 0.216586 -0.300153 0.00
14.52 0.702506 0.002521 -0.458424 0.216586 -0.300153 0.00
14.53 0.702506 0.002521 -0.458424 0.216587 -0.300153 0.00
14.53 0.702506 0.002521 -0.458424 0.216587 -0.300153 0.00
14.54 0.702506 0.002521 -0.458424 0.216587 -0.300153 0.00
14.55 0.702506 0.002521 -0.458423 0.216587 -0.300153 0.00
14.55 0.702506 0.002521 -0.458423 0.216587 -0.300153 0.00
14.56 0.702506 0.002521 -0.458423 0.216587 -0.300153 0.00
14.56 0.702506 0.002521 -0.458423 0.216587 -0.300153 0.00
14.56 0.702506 0.002521 -0.458423 0.216587 -0.300153 0.00
14.57 0.702506 0.002521 -0.458423 0.216587 -0.300153 0.00
14.57 0.702506 0.002521 -0.458423 0.216587 -0.300153 0.00
14.59 0.702506 0.002521 -0.458423 0.216587 -0.300153 0.00
14.59 0.702506 0.002521 -0.458423 0.216587 -0.300153 0.00
14.59 0.702506 0.002521 -0.458423 0.216587 -0.300153 0.00
14.60 0.702506 0.002521 -0.458423 0.216587 -0.300153 0.00
14.60 0.702506 0.002521 -0.458423 0.216587 -0.300153 0.00
14.60 0.702506 0.002521 -0.458423 0.216587 -0.300153 0.00
14.61 0.702506 0.002521 -0.458423 0.216587 -0.300153 0.00
14.61 0.702506 0.002521 -0.458423 0.216587 -0.300153 0.00
14.63 0.702506 0.002521 -0.458423 0.216587 -0.300153 0.00
14.63 0.702506 0.002521 -0.458423 0.216587 -0.300153 0.00
14.63 0.702506 0.002521 -0.458423 0.216587 -0.300153 0.00
14.64 0.702506 0.002521 -0.458423 0.216587 -0.300153 0.00
14.64 0.702506 0.002521 -0.458423 0.216587 -0.300153 0.00
14.65 0.702506 0.002521 -0.458423 0.216587 -0.300153 0.00
14.65 0.702506 0.002521 -0.458423 0.216587 -0.300153 0.00
14.65 0.702506 0.002521 -0.458423 0.216587 -0.300153 0.00
14.67 0.702506 0.002521 -0.458422 0.216587 -0.300153 0.00
14.67 0.702506 0.002521 -0.458422 0.216587 -0.300153 0.00
14.67 0.702506 0.002521 -0.458422 0.216587 -0.300153 0.00
14.68 0.702506 0.002521 -0.458423 0.216587 -0.300153 0.00
14.68 0.702506 0.002521 -0.458423 0.216587 -0.300153 0.00
14.69 0.702506 0.002521 -0.458424 0.216587 -0.300153 0.00
14.69 0.702506 0.002521 -0.458424 0.216587 -0.300153 0.00
14.69 0.702506 0.002521 -0.458424 0.216587 -0.300153 0.00
14.71 0.702506 0.002521 -0.458425 0.216587 -0.300153 0.00
14.71 0.702506 0.002521 -0.458425 0.216587 -0.300153 0.00
14.72 0.702506 0.002521 -0.458426 0.216586 -0.300153 0.00
14.72 0.702506 0.002521 -0.458426 0.216586 -0.300153 0.00
14.72 0.702506 0.002521 -0.458426 0.216586 -0.300153 0.00
14.73 0.702506 0.002521 -0.458426 0.216586 -0.300153 0.00
14.73 0.702506 0.002521 -0.458426 0.216586 -0.300153 0.00
14.74 0.702506 0.002521 -0.458427 0.216586 -0.300153 0.00
14.75 0.702506 0.002521 -0.458427 0.216586 -0.300153 0.00
14.75 0.702506 0.002521 -0.458427 0.216586 -0.300153 0.00
14.76 0.702506 0.002521 -0.458427 0.216586 -0.300153 0.00
14.76 0.702506 0.002521 -0.458427 0.216586 -0.300153 0.00
14.76 0.702506 0.002521 -0.458427 0.216586 -0.300153 0.00
14.77 0.702506 0.002521 -0.458428 0.216586 -0.300152 0.00
14.77 0.702506 0.002521 -0.458428 0.216586 -0.300152 0.00
14.78 0.702506 0.002521 -0.458428 0.216586 -0.300152 0.00
14.79 0.702506 0.002521 -0.458428 0.216586 -0.300152 0.00
14.79 0.702506 0.002521 -0.458428 0.216586 -0.300152 0.00
14.80 0.702506 0.002521 -0.458428 0.216586 -0.300152 0.00
14.80 0.702506 0.002521 -0.458428 0.216586 -0.300152 0.00
14.81 0.702506 0.002521 -0.458429 0.216586 -0.300152 0.00
14.81 0.702506 0.002521 -0.458429 0.216586 -0.300152 0.00
14.81 0.702506 0.002521 -0.458429 0.216586 -0.300152 0.00
14.82 0.702506 0.002521 -0.458428 0.216586 -0.300152 0.00
14.83 0.702506 0.002521 -0.458428 0.216586 -0.300152 0.00
14.84 0.702506 0.002521 -0.458427 0.216586 -0.300153 0.00
14.84 0.702506 0.002521 -0.458427 0.216586 -0.300153 0.00
14.84 0.702506 0.002521 -0.458427 0.216586 -0.300153 0.00
14.85 0.702506 0.002521 -0.458426 0.216586 -0.300153 0.00
14.85 0.702506 0.002521 -0.458426 0.216586 -0.300153 0.00
14.85 0.702506 0.002521 -0.458426 0.216586 -0.300153 0.00
14.86 0.702506 0.002521 -0.458426 0.216586 -0.300153 0.00
14.87 0.702506 0.002521 -0.458426 0.216586 -0.300153 0.00
14.88 0.702506 0.002521 -0.458425 0.216586 -0.300153 0.00
14.88 0.702506 0.002521 -0.458425 0.216586 -0.300153 0.00
14.88 0.702506 0.002521 -0.458425 0.216586 -0.300153 0.00
14.89 0.702506 0.002521 -0.458425 0.216586 -0.300153 0.00
14.89 0.702506 0.002521 -0.458425 0.216586 -0.300153 0.00
14.90 0.702506 0.002521 -0.458425 0.216586 -0.300153 0.00
14.90 0.702506 0.002521 -0.458425 0.216586 -0.300153 0.00
14.91 0.702506 0.002521 -0.458425 0.216586 -0.300153 0.00
14.92 0.702506 0.002521 -0.458424 0.216586 -0.300153 0.00
14.92 0.702506 0.002521 -0.458424 0.216586 -0.300153 0.00
14.92 0.702506 0.002521 -0.458424 0.216586 -0.300153 0.00
14.93 0.702506 0.002521 -0.458424 0.216586 -0.300153 0.00
14.93 0.702506 0.002521 -0.458424 0.216586 -0.300153 0.00
14.94 0.702506 0.002521 -0.458424 0.216587 -0.300153 0.00
14.94 0.702506 0.002521 -0.458424 0.216587 -0.300153 0.00
14.95 0.702506 0.002521 -0.458424 0.216587 -0.300153 0.00
14.96 0.702506 0.002521 -0.458423 0.216587 -0.300153 0.00
14.96 0.702506 0.002521 -0.458423 0.216587 -0.300153 0.00
14.97 0.702506 0.002521 -0.458423 0.216587 -0.300153 0.00
14.97 0.702506 0.002521 -0.458423 0.216587 -0.300153 0.00
14.97 0.702506 0.002521 -0.458423 0.216587 -0.300153 0.00
14.98 0.702506 0.002521 -0.458423 0.216587 -0.300153 0.00
14.98 0.702506 0.002521 -0.458423 0.216587 -0.300153 0.00
15.00 0.702506 0.002521 -0.458423 0.216587 -0.300153 0.00
15.00 0.702506 0.002521 -0.458423 0.216587 -0.300153 0.00
15.00 0.702506 0.002521 -0.458423 0.216587 -0.300153 0.00
15.01 0.702506 0.002521 -0.458423 0.216587 -0.300153 0.00
15.01 0.702506 0.002521 -0.458423 0.216587 -0.300153 0.00
15.01 0.702506 0.002521 -0.458423 0.216587 -0.300153 0.00
15.02 0.702506 0.002521 -0.458423 0.216587 -0.300153 0.00
15.02 0.702506 0.002521 -0.458423 0.216587 -0.300153 0.00
15.04 0.702506 0.002521 -0.458423 0.216587 -0.300153 0.00
15.04 0.702506 0.002521 -0.458423 0.216587 -0.300153 0.00
15.04 0.702506 0.002521 -0.458423 0.216587 -0.300153 0.00
15.05 0.702506 0.002521 -0.458423 0.216587 -0.300153 0.00
15.05 0.702506 0.002521 -0.458423 0.216587 -0.300153 0.00
15.06 0.702506 0.002521 -0.458423 0.216587 -0.300153 0.00
15.06 0.702506 0.002521 -0.458423 0.216587 -0.300153 0.00
15.06 0.702506 0.002521 -0.458423 0.216587 -0.300153 0.00
15.08 0.702506 0.002521 -0.458422 0.216587 -0.300153 0.00
15.08 0.702506 0.002521 -0.458422 0.216587 -0.300153 0.00
15.09 0.702506 0.002521 -0.458423 0.216587 -0.300153 0.00
15.09 0.702506 0.002521 -0.458423 0.216587 -0.300153 0.00
15.09 0.702506 0.002521 -0.458423 0.216587 -0.300153 0.00
15.10 0.702506 0.002521 -0.458424 0.216587 -0.300153 0.00
15.10 0.702506 0.002521 -0.458424 0.216587 -0.300153 0.00
15.10 0.702506 0.002521 -0.458424 0.216587 -0.300153 0.00
15.12 0.702506 0.002521 -0.458425 0.216587 -0.300153 0.00
15.12 0.702506 0.002521 -0.458425 0.216587 -0.300153 0.00
15.13 0.702506 0.002521 -0.458426 0.216586 -0.300153 0.00
15.13 0.702506 0.002521 -0.458426 0.216586 -0.300153 0.00
15.13 0.702506 0.002521 -0.458426 0.216586 -0.300153 0.00
15.14 0.702506 0.002521 -0.458426 0.216586 -0.300153 0.00
15.14 0.702506 0.002521 -0.458426 0.216586 -0.300153 0.00
15.15 0.702506 0.002521 -0.458427 0.216586 -0.300153 0.00
15.16 0.702506 0.002521 -0.458427 0.216586 -0.300153 0.00
15.16 0.702506 0.002521 -0.458427 0.216586 -0.300153 0.00
15.17 0.702506 0.002521 -0.458427 0.216586 -0.300153 0.00
15.17 0.702506 0.002521 -0.458427 0.216586 -0.300153 0.00
15.17 0.702506 0.002521 -0.458427 0.216586 -0.300153 0.00
15.18 0.702506 0.002521 -0.458428 0.216586 -0.300152 0.00
15.18 0.702506 0.002521 -0.458428 0.216586 -0.300152 0.00
15.19 0.702506 0.002521 -0.458428 0.216586 -0.300152 0.00
15.20 0.702506 0.002521 -0.458428 0.216586 -0.300152 0.00
15.20 0.702506 0.002521 -0.458428 0.216586 -0.300152 0.00
15.21 0.702506 0.002521 -0.458428 0.216586 -0.300152 0.00
15.21 0.702506 0.002521 -0.458428 0.216586 -0.300152 0.00
15.22 0.702506 0.002521 -0.458429 0.216586 -0.300152 0.00
15.22 0.702506 0.002521 -0.458429 0.216586 -0.300152 0.00
15.22 0.702506 0.002521 -0.458429 0.216586 -0.300152 0.00
15.23 0.702506 0.002521 -0.458428 0.216586 -0.300152 0.00
15.24 0.702506 0.002521 -0.458428 0.216586 -0.300152 0.00
15.25 0.702506 0.002521 -0.458427 0.216586 -0.300153 0.00
15.25 0.702506 0.002521 -0.458427 0.216586 -0.300153 0.00
15.25 0.702506 0.002521 -0.458427 0.216586 -0.300153 0.00
15.26 0.702506 0.002521 -0.458426 0.216586 -0.300153 0.00
15.26 0.702506 0.002521 -0.458426 0.216586 -0.300153 0.00
15.26 0.702506 0.002521 -0.458426 0.216586 -0.300153 0.00
15.27 0.702506 0.002521 -0.458426 0.216586 -0.300153 0.00
15.28 0.702506 0.002521 -0.458426 0.216586 -0.300153 0.00
15.29 0.702506 0.002521 -0.458425 0.216586 -0.300153 0.00
15.29 0.702506 0.002521 -0.458425 0.216586 -0.300153 0.00
15.29 0.702506 0.002521 -0.458425 0.216586 -0.300153 0.00
15.30 0.702506 0.002521 -0.458425 0.216586 -0.300153 0.00
15.30 0.702506 0.002521 -0.458425 0.216586 -0.300153 0.00
15.31 0.702506 0.002521 -0.458425 0.216586 -0.300153 0.00
15.31 0.702506 0.002521 -0.458425 0.216586 -0.300153 0.00
15.32 0.702506 0.002521 -0.458425 0.216586 -0.300153 0.00
15.33 0.702506 0.002521 -0.458424 0.216586 -0.300153 0.00
15.33 0.702506 0.002521 -0.458424 0.216586 -0.300153 0.00
15.34 0.702506 0.002521 -0.458424 0.216586 -0.300153 0.00
15.34 0.702506 0.002521 -0.458424 0.216586 -0.300153 0.00
15.34 0.702506 0.002521 -0.458424 0.216586 -0.300153 0.00
15.35 0.702506 0.002521 -0.458424 0.216587 -0.300153 0.00
15.35 0.702506 0.002521 -0.458424 0.216587 -0.300153 0.00
15.35 0.702506 0.002521 -0.458424 0.216587 -0.300153 0.00
15.37 0.702506 0.002521 -0.458423 0.216587 -0.300153 0.00
15.37 0.702506 0.002521 -0.458423 0.216587 -0.300153 0.00
15.38 0.702506 0.002521 -0.458423 0.216587 -0.300153 0.00
15.38 0.702506 0.002521 -0.458423 0.216587 -0.300153 0.00
15.38 0.702506 0.002521 -0.458423 0.216587 -0.300153 0.00
15.39 0.702506 0.002521 -0.458423 0.216587 -0.300153 0.00
15.39 0.702506 0.002521 -0.458423 0.216587 -0.300153 0.00
15.41 0.702506 0.002521 -0.458423 0.216587 -0.300153 0.00
15.41 0.702506 0.002521 -0.458423 0.216587 -0.300153 0.00
15.41 0.702506 0.002521 -0.458423 0.216587 -0.300153 0.00
15.42 0.702506 0.002521 -0.458423 0.216587 -0.300153 0.00
15.42 0.702506 0.002521 -0.458423 0.216587 -0.300153 0.00
15.43 0.702506 0.002521 -0.458423 0.216587 -0.300153 0.00
15.43 0.702506 0.002521 -0.458423 0.216587 -0.300153 0.00
15.43 0.702506 0.002521 -0.458423 0.216587 -0.300153 0.00
15.44 0.702506 0.002521 -0.458423 0.216587 -0.300153 0.00
15.45 0.702506 0.002521 -0.458423 0.216587 -0.300153 0.00
15.45 0.702506 0.002521 -0.458423 0.216587 -0.300153 0.00
15.46 0.702506 0.002521 -0.458423 0.216587 -0.300153 0.00
15.46 0.702506 0.002521 -0.458423 0.216587 -0.300153 0.00
15.47 0.702506 0.002521 -0.458423 0.216587 -0.300153 0.00
15.47 0.702506 0.002521 -0.458423 0.216587 -0.300153 0.00
15.47 0.702506 0.002521 -0.458423 0.216587 -0.300153 0.00
15.48 0.702506 0.002521 -0.458422 0.216587 -0.300153 0.00
15.49 0.702506 0.002521 -0.458422 0.216587 -0.300153 0.00
15.50 0.702506 0.002521 -0.458423 0.216587 -0.300153 0.00
15.50 0.702506 0.002521 -0.458423 0.216587 -0.300153 0.00
15.50 0.702506 0.002521 -0.458423 0.216587 -0.300153 0.00
15.51 0.702506 0.002521 -0.458424 0.216587 -0.300153 0.00
15.51 0.702506 0.002521 -0.458424 0.216587 -0.300153 0.00
15.51 0.702506 0.002521 -0.458424 0.216587 -0.300153 0.00
15.52 0.702506 0.002521 -0.458425 0.216587 -0.300153 0.00
15.53 0.702506 0.002521 -0.458425 0.216587 -0.300153 0.00
15.54 0.702506 0.002521 -0.458426 0.216586 -0.300153 0.00
15.54 0.702506 0.002521 -0.458426 0.216586 -0.300153 0.00
15.54 0.702506 0.002521 -0.458426 0.216586 -0.300153 0.00
15.55 0.702506 0.002521 -0.458426 0.216586 -0.300153 0.00
15.55 0.702506 0.002521 -0.458426 0.216586 -0.300153 0.00
15.56 0.702506 0.002521 -0.458427 0.216586 -0.300153 0.00
15.56 0.702506 0.002521 -0.458427 0.216586 -0.300153 0.00
15.57 0.702506 0.002521 -0.458427 0.216586 -0.300153 0.00
15.58 0.702506 0.002521 -0.458427 0.216586 -0.300153 0.00
15.58 0.702506 0.002521 -0.458427 0.216586 -0.300153 0.00
15.59 0.702506 0.002521 -0.458428 0.216586 -0.300152 0.00
15.59 0.702506 0.002521 -0.458428 0.216586 -0.300152 0.00
15.59 0.702506 0.002521 -0.458428 0.216586 -0.300152 0.00
15.60 0.702506 0.002521 -0.458428 0.216586 -0.300152 0.00
15.60 0.702506 0.002521 -0.458428 0.216586 -0.300152 0.00
15.61 0.702506 0.002521 -0.458428 0.216586 -0.300152 0.00
15.62 0.702506 0.002521 -0.458428 0.216586 -0.300152 0.00
15.62 0.702506 0.002521 -0.458428 0.216586 -0.300152 0.00
15.63 0.702506 0.002521 -0.458429 0.216586 -0.300152 0.00
15.63 0.702506 0.002521 -0.458429 0.216586 -0.300152 0.00
15.63 0.702506 0.002521 -0.458429 0.216586 -0.300152 0.00
15.64 0.702506 0.002521 -0.458428 0.216586 -0.300152 0.00
15.64 0.702506 0.002521 -0.458428 0.216586 -0.300152 0.00
15.66 0.702506 0.002521 -0.458427 0.216586 -0.300153 0.00
15.66 0.702506 0.002521 -0.458427 0.216586 -0.300153 0.00
15.66 0.702506 0.002521 -0.458427 0.216586 -0.300153 0.00
15.67 0.702506 0.002521 -0.458426 0.216586 -0.300153 0.00
15.67 0.702506 0.002521 -0.458426 0.216586 -0.300153 0.00
15.68 0.702506 0.002521 -0.458426 0.216586 -0.300153 0.00
15.68 0.702506 0.002521 -0.458426 0.216586 -0.300153 0.00
15.68 0.702506 0.002521 -0.458426 0.216586 -0.300153 0.00
15.70 0.702506 0.002521 -0.458425 0.216586 -0.300153 0.00
15.70 0.702506 0.002521 -0.458425 0.216586 -0.300153 0.00
15.70 0.702506 0.002521 -0.458425 0.216586 -0.300153 0.00
15.71 0.702506 0.002521 -0.458425 0.216586 -0.300153 0.00
15.71 0.702506 0.002521 -0.458425 0.216586 -0.300153 0.00
15.72 0.702506 0.002521 -0.458425 0.216586 -0.300153 0.00
15.72 0.702506 0.002521 -0.458425 0.216586 -0.300153 0.00
15.72 0.702506 0.002521 -0.458425 0.216586 -0.300153 0.00
15.74 0.702506 0.002521 -0.458424 0.216586 -0.300153 0.00
15.74 0.702506 0.002521 -0.458424 0.216586 -0.300153 0.00
15.75 0.702506 0.002521 -0.458424 0.216586 -0.300153 0.00
15.75 0.702506 0.002521 -0.458424 0.216586 -0.300153 0.00
15.75 0.702506 0.002521 -0.458424 0.216586 -0.300153 0.00
15.76 0.702506 0.002521 -0.458424 0.216587 -0.300153 0.00
15.76 0.702506 0.002521 -0.458424 0.216587 -0.300153 0.00
15.76 0.702506 0.002521 -0.458424 0.216587 -0.300153 0.00
15.78 0.702506 0.002521 -0.458423 0.216587 -0.300153 0.00
15.78 0.702506 0.002521 -0.458423 0.216587 -0.300153 0.00
15.79 0.702506 0.002521 -0.458423 0.216587 -0.300153 0.00
15.79 0.702506 0.002521 -0.458423 0.216587 -0.300153 0.00
15.79 0.702506 0.002521 -0.458423 0.216587 -0.300153 0.00
15.80 0.702506 0.002521 -0.458423 0.216587 -0.300153 0.00
15.80 0.702506 0.002521 -0.458423 0.216587 -0.300153 0.00
15.81 0.702506 0.002521 -0.458423 0.216587 -0.300153 0.00
15.82 0.702506 0.002521 -0.458423 0.216587 -0.300153 0.00
15.82 0.702506 0.002521 -0.458423 0.216587 -0.300153 0.00
15.83 0.702506 0.002521 -0.458423 0.216587 -0.300153 0.00
15.83 0.702506 0.002521 -0.458423 0.216587 -0.300153 0.00
15.84 0.702506 0.002521 -0.458423 0.216587 -0.300153 0.00
15.84 0.702506 0.002521 -0.458423 0.216587 -0.300153 0.00
15.84 0.702506 0.002521 -0.458423 0.216587 -0.300153 0.00
15.85 0.702506 0.002521 -0.458423 0.216587 -0.300153 0.00
15.86 0.702506 0.002521 -0.458423 0.216587 -0.300153 0.00
15.86 0.702506 0.002521 -0.458423 0.216587 -0.300153 0.00
15.87 0.702506 0.002521 -0.458423 0.216587 -0.300153 0.00
15.87 0.702506 0.002521 -0.458423 0.216587 -0.300153 0.00
15.88 0.702506 0.002521 -0.458423 0.216587 -0.300153 0.00
15.88 0.702506 0.002521 -0.458423 0.216587 -0.300153 0.00
15.88 0.702506 0.002521 -0.458423 0.216587 -0.300153 0.00
15.89 0.702506 0.002521 -0.458422 0.216587 -0.300153 0.00
15.90 0.702506 0.002521 -0.458422 0.216587 -0.300153 0.00
15.91 0.702506 0.002521 -0.458423 0.216587 -0.300153 0.00
15.91 0.702506 0.002521 -0.458423 0.216587 -0.300153 0.00
15.91 0.702506 0.002521 -0.458423 0.216587 -0.300153 0.00
15.92 0.702506 0.002521 -0.458424 0.216587 -0.300153 0.00
15.92 0.702506 0.002521 -0.458424 0.216587 -0.300153 0.00
15.93 0.702506 0.002521 -0.458425 0.216587 -0.300153 0.00
15.93 0.702506 0.002521 -0.458425 0.216587 -0.300153 0.00
15.94 0.702506 0.002521 -0.458425 0.216587 -0.300153 0.00
15.95 0.702506 0.002521 -0.458426 0.216586 -0.300153 0.00
15.95 0.702506 0.002521 -0.458426 0.216586 -0.300153 0.00
15.95 0.702506 0.002521 -0.458426 0.216586 -0.300153 0.00
15.96 0.702506 0.002521 -0.458426 0.216586 -0.300153 0.00
15.96 0.702506 0.002521 -0.458426 0.216586 -0.300153 0.00
15.97 0.702506 0.002521 -0.458427 0.216586 -0.300153 0.00
15.97 0.702506 0.002521 -0.458427 0.216586 -0.300153 0.00
15.98 0.702506 0.002521 -0.458427 0.216586 -0.300153 0.00
15.99 0.702506 0.002521 -0.458427 0.216586 -0.300153 0.00
15.99 0.702506 0.002521 -0.458427 0.216586 -0.300153 0.00
16.00 0.702506 0.002521 -0.458428 0.216586 -0.300152 0.00
16.00 0.702506 0.002521 -0.458428 0.216586 -0.300152 0.00
16.00 0.702506 0.002521 -0.458428 0.216586 -0.300152 0.00
16.01 0.702506 0.002521 -0.458428 0.216586 -0.300152 0.00
16.01 0.702506 0.002521 -0.458428 0.216586 -0.300152 0.00
16.02 0.702506 0.002521 -0.458428 0.216586 -0.300152 0.00
16.03 0.702506 0.002521 -0.458428 0.216586 -0.300152 0.00
16.03 0.702506 0.002521 -0.458428 0.216586 -0.300152 0.00
16.04 0.702506 0.002521 -0.458429 0.216586 -0.300152 0.00
16.04 0.702506 0.002521 -0.458429 0.216586 -0.300152 0.00
16.04 0.702506 0.002521 -0.458429 0.216586 -0.300152 0.00
16.05 0.702506 0.002521 -0.458428 0.216586 -0.300152 0.00
16.05 0.702506 0.002521 -0.458428 0.216586 -0.300152 0.00
16.07 0.702506 0.002521 -0.458427 0.216586 -0.300153 0.00
16.07 0.702506 0.002521 -0.458427 0.216586 -0.300153 0.00
16.07 0.702506 0.002521 -0.458427 0.216586 -0.300153 0.00
16.08 0.702506 0.002521 -0.458426 0.216586 -0.300153 0.00
16.08 0.702506 0.002521 -0.458426 0.216586 -0.300153 0.00
16.09 0.702506 0.002521 -0.458426 0.216586 -0.300153 0.00
16.09 0.702506 0.002521 -0.458426 0.216586 -0.300153 0.00
16.09 0.702506 0.002521 -0.458426 0.216586 -0.300153 0.00
16.11 0.702506 0.002521 -0.458425 0.216586 -0.300153 0.00
16.11 0.702506 0.002521 -0.458425 0.216586 -0.300153 0.00
16.11 0.702506 0.002521 -0.458425 0.216586 -0.300153 0.00
16.12 0.702506 0.002521 -0.458425 0.216586 -0.300153 0.00
16.12 0.702506 0.002521 -0.458425 0.216586 -0.300153 0.00
16.13 0.702506 0.002521 -0.458425 0.216586 -0.300153 0.00
16.13 0.702506 0.002521 -0.458425 0.216586 -0.300153 0.00
16.13 0.702506 0.002521 -0.458425 0.216586 -0.300153 0.00
16.15 0.702506 0.002521 -0.458424 0.216586 -0.300153 0.00
16.15 0.702506 0.002521 -0.458424 0.216586 -0.300153 0.00
16.16 0.702506 0.002521 -0.458424 0.216586 -0.300153 0.00
16.16 0.702506 0.002521 -0.458424 0.216586 -0.300153 0.00
16.16 0.702506 0.002521 -0.458424 0.216586 -0.300153 0.00
16.17 0.702506 0.002521 -0.458424 0.216587 -0.300153 0.00
16.17 0.702506 0.002521 -0.458424 0.216587 -0.300153 0.00
16.18 0.702506 0.002521 -0.458423 0.216587 -0.300153 0.00
16.19 0.702506 0.002521 -0.458423 0.216587 -0.300153 0.00
16.19 0.702506 0.002521 -0.458423 0.216587 -0.300153 0.00
16.20 0.702506 0.002521 -0.458423 0.216587 -0.300153 0.00
16.20 0.702506 0.002521 -0.458423 0.216587 -0.300153 0.00
16.20 0.702506 0.002521 -0.458423 0.216587 -0.300153 0.00
16.21 0.702506 0.002521 -0.458423 0.216587 -0.300153 0.00
16.21 0.702506 0.002521 -0.458423 0.216587 -0.300153 0.00
16.22 0.702506 0.002521 -0.458423 0.216587 -0.300153 0.00
16.23 0.702506 0.002521 -0.458423 0.216587 -0.300153 0.00
16.23 0.702506 0.002521 -0.458423 0.216587 -0.300153 0.00
16.24 0.702506 0.002521 -0.458423 0.216587 -0.300153 0.00
16.24 0.702506 0.002521 -0.458423 0.216587 -0.300153 0.00
16.25 0.702506 0.002521 -0.458423 0.216587 -0.300153 0.00
16.25 0.702506 0.002521 -0.458423 0.216587 -0.300153 0.00
16.25 0.702506 0.002521 -0.458423 0.216587 -0.300153 0.00
16.26 0.702506 0.002521 -0.458423 0.216587 -0.300153 0.00
16.27 0.702506 0.002521 -0.458423 0.216587 -0.300153 0.00
16.27 0.702506 0.002521 -0.458423 0.216587 -0.300153 0.00
16.28 0.702506 0.002521 -0.458423 0.216587 -0.300153 0.00
16.28 0.702506 0.002521 -0.458423 0.216587 -0.300153 0.00
16.29 0.702506 0.002521 -0.458423 0.216587 -0.300153 0.00
16.29 0.702506 0.002521 -0.458423 0.216587 -0.300153 0.00
16.29 0.702506 0.002521 -0.458423 0.216587 -0.300153 0.00
16.30 0.702506 0.002521 -0.458422 0.216587 -0.300153 0.00
16.31 0.702506 0.002521 -0.458422 0.216587 -0.300153 0.00
16.32 0.702506 0.002521 -0.458423 0.216587 -0.300153 0.00
16.32 0.702506 0.002521 -0.458423 0.216587 -0.300153 0.00
16.32 0.702506 0.002521 -0.458423 0.216587 -0.300153 0.00
16.33 0.702506 0.002521 -0.458424 0.216587 -0.300153 0.00
16.33 0.702506 0.002521 -0.458424 0.216587 -0.300153 0.00
16.34 0.702506 0.002521 -0.458425 0.216587 -0.300153 0.00
16.34 0.702506 0.002521 -0.458425 0.216587 -0.300153 0.00
16.34 0.702506 0.002521 -0.458425 0.216587 -0.300153 0.00
16.36 0.702506 0.002521 -0.458426 0.216586 -0.300153 0.00
16.36 0.702506 0.002521 -0.458426 0.216586 -0.300153 0.00
16.36 0.702506 0.002521 -0.458426 0.216586 -0.300153 0.00
16.37 0.702506 0.002521 -0.458426 0.216586 -0.300153 0.00
16.37 0.702506 0.002521 -0.458426 0.216586 -0.300153 0.00
16.38 0.702506 0.002521 -0.458427 0.216586 -0.300153 0.00
16.38 0.702506 0.002521 -0.458427 0.216586 -0.300153 0.00
16.38 0.702506 0.002521 -0.458427 0.216586 -0.300153 0.00
16.40 0.702506 0.002521 -0.458427 0.216586 -0.300153 0.00
16.40 0.702506 0.002521 -0.458427 0.216586 -0.300153 0.00
16.41 0.702506 0.002521 -0.458428 0.216586 -0.300152 0.00
16.41 0.702506 0.002521 -0.458428 0.216586 -0.300152 0.00
16.41 0.702506 0.002521 -0.458428 0.216586 -0.300152 0.00
16.42 0.702506 0.002521 -0.458428 0.216586 -0.300152 0.00
16.42 0.702506 0.002521 -0.458428 0.216586 -0.300152 0.00
16.44 0.702506 0.002521 -0.458428 0.216586 -0.300152 0.00
16.44 0.702506 0.002521 -0.458428 0.216586 -0.300152 0.00
16.44 0.702506 0.002521 -0.458428 0.216586 -0.300152 0.00
16.45 0.702506 0.002521 -0.458429 0.216586 -0.300152 0.00
16.45 0.702506 0.002521 -0.458429 0.216586 -0.300152 0.00
16.45 0.702506 0.002521 -0.458429 0.216586 -0.300152 0.00
16.46 0.702506 0.002521 -0.458428 0.216586 -0.300152 0.00
16.46 0.702506 0.002521 -0.458428 0.216586 -0.300152 0.00
16.47 0.702506 0.002521 -0.458427 0.216586 -0.300153 0.00
16.48 0.702506 0.002521 -0.458427 0.216586 -0.300153 0.00
16.48 0.702506 0.002521 -0.458427 0.216586 -0.300153 0.00
16.49 0.702506 0.002521 -0.458426 0.216586 -0.300153 0.00
16.49 0.702506 0.002521 -0.458426 0.216586 -0.300153 0.00
16.50 0.702506 0.002521 -0.458426 0.216586 -0.300153 0.00
16.50 0.702506 0.002521 -0.458426 0.216586 -0.300153 0.00
16.50 0.702506 0.002521 -0.458426 0.216586 -0.300153 0.00
16.51 0.702506 0.002521 -0.458425 0.216586 -0.300153 0.00
16.52 0.702506 0.002521 -0.458425 0.216586 -0.300153 0.00
16.52 0.702506 0.002521 -0.458425 0.216586 -0.300153 0.00
16.53 0.702506 0.002521 -0.458425 0.216586 -0.300153 0.00
16.53 0.702506 0.002521 -0.458425 0.216586 -0.300153 0.00
16.54 0.702506 0.002521 -0.458425 0.216586 -0.300153 0.00
16.54 0.702506 0.002521 -0.458425 0.216586 -0.300153 0.00
16.54 0.702506 0.002521 -0.458425 0.216586 -0.300153 0.00
16.55 0.702506 0.002521 -0.458424 0.216586 -0.300153 0.00
16.56 0.702506 0.002521 -0.458424 0.216586 -0.300153 0.00
16.57 0.702506 0.002521 -0.458424 0.216586 -0.300153 0.00
16.57 0.702506 0.002521 -0.458424 0.216586 -0.300153 0.00
16.57 0.702506 0.002521 -0.458424 0.216586 -0.300153 0.00
16.58 0.702506 0.002521 -0.458424 0.216587 -0.300153 0.00
16.58 0.702506 0.002521 -0.458424 0.216587 -0.300153 0.00
16.59 0.702506 0.002521 -0.458423 0.216587 -0.300153 0.00
16.59 0.702506 0.002521 -0.458423 0.216587 -0.300153 0.00
16.60 0.702506 0.002521 -0.458423 0.216587 -0.300153 0.00
16.61 0.702506 0.002521 -0.458423 0.216587 -0.300153 0.00
16.61 0.702506 0.002521 -0.458423 0.216587 -0.300153 0.00
16.61 0.702506 0.002521 -0.458423 0.216587 -0.300153 0.00
16.62 0.702506 0.002521 -0.458423 0.216587 -0.300153 0.00
16.62 0.702506 0.002521 -0.458423 0.216587 -0.300153 0.00
16.63 0.702506 0.002521 -0.458423 0.216587 -0.300153 0.00
16.63 0.702506 0.002521 -0.458423 0.216587 -0.300153 0.00
16.64 0.702506 0.002521 -0.458423 0.216587 -0.300153 0.00
16.65 0.702506 0.002521 -0.458423 0.216587 -0.300153 0.00
16.65 0.702506 0.002521 -0.458423 0.216587 -0.300153 0.00
16.66 0.702506 0.002521 -0.458423 0.216587 -0.300153 0.00
16.66 0.702506 0.002521 -0.458423 0.216587 -0.300153 0.00
16.66 0.702506 0.002521 -0.458423 0.216587 -0.300153 0.00
16.67 0.702506 0.002521 -0.458423 0.216587 -0.300153 0.00
16.67 0.702506 0.002521 -0.458423 0.216587 -0.300153 0.00
16.69 0.702506 0.002521 -0.458423 0.216587 -0.300153 0.00
16.69 0.702506 0.002521 -0.458423 0.216587 -0.300153 0.00
16.69 0.702506 0.002521 -0.458423 0.216587 -0.300153 0.00
16.70 0.702506 0.002521 -0.458423 0.216587 -0.300153 0.00
16.70 0.702506 0.002521 -0.458423 0.216587 -0.300153 0.00
16.70 0.702506 0.002521 -0.458423 0.216587 -0.300153 0.00
16.71 0.702506 0.002521 -0.458422 0.216587 -0.300153 0.00
16.71 0.702506 0.002521 -0.458422 0.216587 -0.300153 0.00
16.73 0.702506 0.002521 -0.458423 0.216587 -0.300153 0.00
16.73 0.702506 0.002521 -0.458423 0.216587 -0.300153 0.00
16.73 0.702506 0.002521 -0.458423 0.216587 -0.300153 0.00
16.74 0.702506 0.002521 -0.458424 0.216587 -0.300153 0.00
16.74 0.702506 0.002521 -0.458424 0.216587 -0.300153 0.00
16.75 0.702506 0.002521 -0.458425 0.216587 -0.300153 0.00
16.75 0.702506 0.002521 -0.458425 0.216587 -0.300153 0.00
16.75 0.702506 0.002521 -0.458425 0.216587 -0.300153 0.00
16.77 0.702506 0.002521 -0.458426 0.216586 -0.300153 0.00
16.77 0.702506 0.002521 -0.458426 0.216586 -0.300153 0.00
16.77 0.702506 0.002521 -0.458426 0.216586 -0.300153 0.00
16.78 0.702506 0.002521 -0.458426 0.216586 -0.300153 0.00
16.78 0.702506 0.002521 -0.458426 0.216586 -0.300153 0.00
16.79 0.702506 0.002521 -0.458427 0.216586 -0.300153 0.00
16.79 0.702506 0.002521 -0.458427 0.216586 -0.300153 0.00
16.79 0.702506 0.002521 -0.458427 0.216586 -0.300153 0.00
16.81 0.702506 0.002521 -0.458427 0.216586 -0.300153 0.00
16.81 0.702506 0.002521 -0.458427 0.216586 -0.300153 0.00
16.82 0.702506 0.002521 -0.458428 0.216586 -0.300152 0.00
16.82 0.702506 0.002521 -0.458428 0.216586 -0.300152 0.00
16.82 0.702506 0.002521 -0.458428 0.216586 -0.300152 0.00
16.83 0.702506 0.002521 -0.458428 0.216586 -0.300152 0.00
16.83 0.702506 0.002521 -0.458428 0.216586 -0.300152 0.00
16.84 0.702506 0.002521 -0.458428 0.216586 -0.300152 0.00
16.85 0.702506 0.002521 -0.458428 0.216586 -0.300152 0.00
16.85 0.702506 0.002521 -0.458428 0.216586 -0.300152 0.00
16.86 0.702506 0.002521 -0.458429 0.216586 -0.300152 0.00
16.86 0.702506 0.002521 -0.458429 0.216586 -0.300152 0.00
16.86 0.702506 0.002521 -0.458429 0.216586 -0.300152 0.00
16.87 0.702506 0.002521 -0.458428 0.216586 -0.300152 0.00
16.87 0.702506 0.002521 -0.458428 0.216586 -0.300152 0.00
16.88 0.702506 0.002521 -0.458427 0.216586 -0.300153 0.00
16.89 0.702506 0.002521 -0.458427 0.216586 -0.300153 0.00
16.89 0.702506 0.002521 -0.458427 0.216586 -0.300153 0.00
16.90 0.702506 0.002521 -0.458426 0.216586 -0.300153 0.00
16.90 0.702506 0.002521 -0.458426 0.216586 -0.300153 0.00
16.91 0.702506 0.002521 -0.458426 0.216586 -0.300153 0.00
16.91 0.702506 0.002521 -0.458426 0.216586 -0.300153 0.00
16.91 0.702506 0.002521 -0.458426 0.216586 -0.300153 0.00
16.92 0.702506 0.002521 -0.458425 0.216586 -0.300153 0.00
16.93 0.702506 0.002521 -0.458425 0.216586 -0.300153 0.00
16.94 0.702506 0.002521 -0.458425 0.216586 -0.300153 0.00
16.94 0.702506 0.002521 -0.458425 0.216586 -0.300153 0.00
16.94 0.702506 0.002521 -0.458425 0.216586 -0.300153 0.00
16.95 0.702506 0.002521 -0.458425 0.216586 -0.300153 0.00
16.95 0.702506 0.002521 -0.458425 0.216586 -0.300153 0.00
16.95 0.702506 0.002521 -0.458425 0.216586 -0.300153 0.00
16.96 0.702506 0.002521 -0.458424 0.216586 -0.300153 0.00
16.97 0.702506 0.002521 -0.458424 0.216586 -0.300153 0.00
16.98 0.702506 0.002521 -0.458424 0.216586 -0.300153 0.00
16.98 0.702506 0.002521 -0.458424 0.216586 -0.300153 0.00
16.98 0.702506 0.002521 -0.458424 0.216586 -0.300153 0.00
16.99 0.702506 0.002521 -0.458424 0.216587 -0.300153 0.00
16.99 0.702506 0.002521 -0.458424 0.216587 -0.300153 0.00
17.00 0.702506 0.002521 -0.458423 0.216587 -0.300153 0.00
17.00 0.702506 0.002521 -0.458423 0.216587 -0.300153 0.00
17.01 0.702506 0.002521 -0.458423 0.216587 -0.300153 0.00
17.02 0.702506 0.002521 -0.458423 0.216587 -0.300153 0.00
17.02 0.702506 0.002521 -0.458423 0.216587 -0.300153 0.00
17.02 0.702506 0.002521 -0.458423 0.216587 -0.300153 0.00
17.03 0.702506 0.002521 -0.458423 0.216587 -0.300153 0.00
17.03 0.702506 0.002521 -0.458423 0.216587 -0.300153 0.00
17.04 0.702506 0.002521 -0.458423 0.216587 -0.300153 0.00
17.04 0.702506 0.002521 -0.458423 0.216587 -0.300153 0.00
17.05 0.702506 0.002521 -0.458423 0.216587 -0.300153 0.00
17.06 0.702506 0.002521 -0.458423 0.216587 -0.300153 0.00
17.06 0.702506 0.002521 -0.458423 0.216587 -0.300153 0.00
17.07 0.702506 0.002521 -0.458423 0.216587 -0.300153 0.00
17.07 0.702506 0.002521 -0.458423 0.216587 -0.300153 0.00
17.07 0.702506 0.002521 -0.458423 0.216587 -0.300153 0.00
17.08 0.702506 0.002521 -0.458423 0.216587 -0.300153 0.00
17.08 0.702506 0.002521 -0.458423 0.216587 -0.300153 0.00
17.10 0.702506 0.002521 -0.458423 0.216587 -0.300153 0.00
17.10 0.702506 0.002521 -0.458423 0.216587 -0.300153 0.00
17.10 0.702506 0.002521 -0.458423 0.216587 -0.300153 0.00
17.11 0.702506 0.002521 -0.458423 0.216587 -0.300153 0.00
17.11 0.702506 0.002521 -0.458423 0.216587 -0.300153 0.00
17.11 0.702506 0.002521 -0.458423 0.216587 -0.300153 0.00
17.12 0.702506 0.002521 -0.458422 0.216587 -0.300153 0.00
17.12 0.702506 0.002521 -0.458422 0.216587 -0.300153 0.00
17.14 0.702506 0.002521 -0.458423 0.216587 -0.300153 0.00
17.14 0.702506 0.002521 -0.458423 0.216587 -0.300153 0.00
17.14 0.702506 0.002521 -0.458423 0.216587 -0.300153 0.00
17.15 0.702506 0.002521 -0.458424 0.216587 -0.300153 0.00
17.15 0.702506 0.002521 -0.458424 0.216587 -0.300153 0.00
17.16 0.702506 0.002521 -0.458425 0.216587 -0.300153 0.00
17.16 0.702506 0.002521 -0.458425 0.216587 -0.300153 0.00
17.16 0.702506 0.002521 -0.458425 0.216587 -0.300153 0.00
17.18 0.702506 0.002521 -0.458426 0.216586 -0.300153 0.00
17.18 0.702506 0.002521 -0.458426 0.216586 -0.300153 0.00
17.19 0.702506 0.002521 -0.458426 0.216586 -0.300153 0.00
17.19 0.702506 0.002521 -0.458426 0.216586 -0.300153 0.00
17.19 0.702506 0.002521 -0.458426 0.216586 -0.300153 0.00
17.20 0.702506 0.002521 -0.458427 0.216586 -0.300153 0.00
17.20 0.702506 0.002521 -0.458427 0.216586 -0.300153 0.00
17.20 0.702506 0.002521 -0.458427 0.216586 -0.300153 0.00
17.22 0.702506 0.002521 -0.458427 0.216586 -0.300153 0.00
17.22 0.702506 0.002521 -0.458427 0.216586 -0.300153 0.00
17.23 0.702506 0.002521 -0.458428 0.216586 -0.300152 0.00
17.23 0.702506 0.002521 -0.458428 0.216586 -0.300152 0.00
17.23 0.702506 0.002521 -0.458428 0.216586 -0.300152 0.00
17.24 0.702506 0.002521 -0.458428 0.216586 -0.300152 0.00
17.24 0.702506 0.002521 -0.458428 0.216586 -0.300152 0.00
17.25 0.702506 0.002521 -0.458428 0.216586 -0.300152 0.00
17.26 0.702506 0.002521 -0.458428 0.216586 -0.300152 0.00
17.26 0.702506 0.002521 -0.458428 0.216586 -0.300152 0.00
17.27 0.702506 0.002521 -0.458429 0.216586 -0.300152 0.00
17.27 0.702506 0.002521 -0.458429 0.216586 -0.300152 0.00
17.27 0.702506 0.002521 -0.458429 0.216586 -0.300152 0.00
17.28 0.702506 0.002521 -0.458428 0.216586 -0.300152 0.00
17.28 0.702506 0.002521 -0.458428 0.216586 -0.300152 0.00
17.29 0.702506 0.002521 -0.458427 0.216586 -0.300153 0.00
17.30 0.702506 0.002521 -0.458427 0.216586 -0.300153 0.00
17.30 0.702506 0.002521 -0.458427 0.216586 -0.300153 0.00
17.31 0.702506 0.002521 -0.458426 0.216586 -0.300153 0.00
17.31 0.702506 0.002521 -0.458426 0.216586 -0.300153 0.00
17.32 0.702506 0.002521 -0.458426 0.216586 -0.300153 0.00
17.32 0.702506 0.002521 -0.458426 0.216586 -0.300153 0.00
17.32 0.702506 0.002521 -0.458426 0.216586 -0.300153 0.00
17.33 0.702506 0.002521 -0.458425 0.216586 -0.300153 0.00
17.34 0.702506 0.002521 -0.458425 0.216586 -0.300153 0.00
17.35 0.702506 0.002521 -0.458425 0.216586 -0.300153 0.00
17.35 0.702506 0.002521 -0.458425 0.216586 -0.300153 0.00
17.35 0.702506 0.002521 -0.458425 0.216586 -0.300153 0.00
17.36 0.702506 0.002521 -0.458425 0.216586 -0.300153 0.00
17.36 0.702506 0.002521 -0.458425 0.216586 -0.300153 0.00
17.36 0.702506 0.002521 -0.458425 0.216586 -0.300153 0.00
17.37 0.702506 0.002521 -0.458424 0.216586 -0.300153 0.00
17.38 0.702506 0.002521 -0.458424 0.216586 -0.300153 0.00
17.39 0.702506 0.002521 -0.458424 0.216586 -0.300153 0.00
17.39 0.702506 0.002521 -0.458424 0.216586 -0.300153 0.00
17.39 0.702506 0.002521 -0.458424 0.216586 -0.300153 0.00
17.40 0.702506 0.002521 -0.458424 0.216587 -0.300153 0.00
17.40 0.702506 0.002521 -0.458424 0.216587 -0.300153 0.00
17.41 0.702506 0.002521 -0.458423 0.216587 -0.300153 0.00
17.41 0.702506 0.002521 -0.458423 0.216587 -0.300153 0.00
17.41 0.702506 0.002521 -0.458423 0.216587 -0.300153 0.00
17.43 0.702506 0.002521 -0.458423 0.216587 -0.300153 0.00
17.43 0.702506 0.002521 -0.458423 0.216587 -0.300153 0.00
17.44 0.702506 0.002521 -0.458423 0.216587 -0.300153 0.00
17.44 0.702506 0.002521 -0.458423 0.216587 -0.300153 0.00
17.44 0.702506 0.002521 -0.458423 0.216587 -0.300153 0.00
17.45 0.702506 0.002521 -0.458423 0.216587 -0.300153 0.00
17.45 0.702506 0.002521 -0.458423 0.216587 -0.300153 0.00
17.45 0.702506 0.002521 -0.458423 0.216587 -0.300153 0.00
17.47 0.702506 0.002521 -0.458423 0.216587 -0.300153 0.00
17.47 0.702506 0.002521 -0.458423 0.216587 -0.300153 0.00
17.48 0.702506 0.002521 -0.458423 0.216587 -0.300153 0.00
17.48 0.702506 0.002521 -0.458423 0.216587 -0.300153 0.00
17.48 0.702506 0.002521 -0.458423 0.216587 -0.300153 0.00
17.49 0.702506 0.002521 -0.458423 0.216587 -0.300153 0.00
17.49 0.702506 0.002521 -0.458423 0.216587 -0.300153 0.00
17.50 0.702506 0.002521 -0.458423 0.216587 -0.300153 0.00
17.51 0.702506 0.002521 -0.458423 0.216587 -0.300153 0.00
17.51 0.702506 0.002521 -0.458423 0.216587 -0.300153 0.00
17.52 0.702506 0.002521 -0.458423 0.216587 -0.300153 0.00
17.52 0.702506 0.002521 -0.458423 0.216587 -0.300153 0.00
17.52 0.702506 0.002521 -0.458423 0.216587 -0.300153 0.00
17.53 0.702506 0.002521 -0.458422 0.216587 -0.300153 0.00
17.53 0.702506 0.002521 -0.458422 0.216587 -0.300153 0.00
17.54 0.702506 0.002521 -0.458423 0.216587 -0.300153 0.00
17.55 0.702506 0.002521 -0.458423 0.216587 -0.300153 0.00
17.55 0.702506 0.002521 -0.458423 0.216587 -0.300153 0.00
17.56 0.702506 0.002521 -0.458424 0.216587 -0.300153 0.00
17.56 0.702506 0.002521 -0.458424 0.216587 -0.300153 0.00
17.57 0.702506 0.002521 -0.458425 0.216587 -0.300153 0.00
17.57 0.702506 0.002521 -0.458425 0.216587 -0.300153 0.00
17.57 0.702506 0.002521 -0.458425 0.216587 -0.300153 0.00
17.58 0.702506 0.002521 -0.458426 0.216586 -0.300153 0.00
17.59 0.702506 0.002521 -0.458426 0.216586 -0.300153 0.00
17.60 0.702506 0.002521 -0.458426 0.216586 -0.300153 0.00
17.60 0.702506 0.002521 -0.458426 0.216586 -0.300153 0.00
17.60 0.702506 0.002521 -0.458426 0.216586 -0.300153 0.00
17.61 0.702506 0.002521 -0.458427 0.216586 -0.300153 0.00
17.61 0.702506 0.002521 -0.458427 0.216586 -0.300153 0.00
17.61 0.702506 0.002521 -0.458427 0.216586 -0.300153 0.00
17.62 0.702506 0.002521 -0.458427 0.216586 -0.300153 0.00
17.63 0.702506 0.002521 -0.458427 0.216586 -0.300153 0.00
17.64 0.702506 0.002521 -0.458428 0.216586 -0.300152 0.00
17.64 0.702506 0.002521 -0.458428 0.216586 -0.300152 0.00
17.64 0.702506 0.002521 -0.458428 0.216586 -0.300152 0.00
17.65 0.702506 0.002521 -0.458428 0.216586 -0.300152 0.00
17.65 0.702506 0.002521 -0.458428 0.216586 -0.300152 0.00
17.66 0.702506 0.002521 -0.458428 0.216586 -0.300152 0.00
17.66 0.702506 0.002521 -0.458428 0.216586 -0.300152 0.00
17.67 0.702506 0.002521 -0.458428 0.216586 -0.300152 0.00
17.68 0.702506 0.002521 -0.458429 0.216586 -0.300152 0.00
17.68 0.702506 0.002521 -0.458429 0.216586 -0.300152 0.00
17.69 0.702506 0.002521 -0.458428 0.216586 -0.300152 0.00
17.69 0.702506 0.002521 -0.458428 0.216586 -0.300152 0.00
17.69 0.702506 0.002521 -0.458428 0.216586 -0.300152 0.00
17.70 0.702506 0.002521 -0.458427 0.216586 -0.300153 0.00
17.70 0.702506 0.002521 -0.458427 0.216586 -0.300153 0.00
17.71 0.702506 0.002521 -0.458427 0.216586 -0.300153 0.00
17.72 0.702506 0.002521 -0.458426 0.216586 -0.300153 0.00
17.72 0.702506 0.002521 -0.458426 0.216586 -0.300153 0.00
17.73 0.702506 0.002521 -0.458426 0.216586 -0.300153 0.00
17.73 0.702506 0.002521 -0.458426 0.216586 -0.300153 0.00
17.73 0.702506 0.002521 -0.458426 0.216586 -0.300153 0.00
17.74 0.702506 0.002521 -0.458425 0.216586 -0.300153 0.00
17.74 0.702506 0.002521 -0.458425 0.216586 -0.300153 0.00
17.76 0.702506 0.002521 -0.458425 0.216586 -0.300153 0.00
17.76 0.702506 0.002521 -0.458425 0.216586 -0.300153 0.00
17.76 0.702506 0.002521 -0.458425 0.216586 -0.300153 0.00
17.77 0.702506 0.002521 -0.458425 0.216586 -0.300153 0.00
17.77 0.702506 0.002521 -0.458425 0.216586 -0.300153 0.00
17.78 0.702506 0.002521 -0.458424 0.216586 -0.300153 0.00
17.78 0.702506 0.002521 -0.458424 0.216586 -0.300153 0.00
17.78 0.702506 0.002521 -0.458424 0.216586 -0.300153 0.00
17.80 0.702506 0.002521 -0.458424 0.216586 -0.300153 0.00
17.80 0.702506 0.002521 -0.458424 0.216586 -0.300153 0.00
17.80 0.702506 0.002521 -0.458424 0.216586 -0.300153 0.00
17.81 0.702506 0.002521 -0.458424 0.216587 -0.300153 0.00
17.81 0.702506 0.002521 -0.458424 0.216587 -0.300153 0.00
17.82 0.702506 0.002521 -0.458423 0.216587 -0.300153 0.00
17.82 0.702506 0.002521 -0.458423 0.216587 -0.300153 0.00
17.82 0.702506 0.002521 -0.458423 0.216587 -0.300153 0.00
17.84 0.702506 0.002521 -0.458423 0.216587 -0.300153 0.00
17.84 0.702506 0.002521 -0.458423 0.216587 -0.300153 0.00
17.85 0.702506 0.002521 -0.458423 0.216587 -0.300153 0.00
17.85 0.702506 0.002521 -0.458423 0.216587 -0.300153 0.00
17.85 0.702506 0.002521 -0.458423 0.216587 -0.300153 0.00
17.86 0.702506 0.002521 -0.458423 0.216587 -0.300153 0.00
17.86 0.702506 0.002521 -0.458423 0.216587 -0.300153 0.00
17.86 0.702506 0.002521 -0.458423 0.216587 -0.300153 0.00
17.88 0.702506 0.002521 -0.458423 0.216587 -0.300153 0.00
17.88 0.702506 0.002521 -0.458423 0.216587 -0.300153 0.00
17.89 0.702506 0.002521 -0.458423 0.216587 -0.300153 0.00
17.89 0.702506 0.002521 -0.458423 0.216587 -0.300153 0.00
17.89 0.702506 0.002521 -0.458423 0.216587 -0.300153 0.00
17.90 0.702506 0.002521 -0.458423 0.216587 -0.300153 0.00
17.90 0.702506 0.002521 -0.458423 0.216587 -0.300153 0.00
17.91 0.702506 0.002521 -0.458423 0.216587 -0.300153 0.00
17.92 0.702506 0.002521 -0.458423 0.216587 -0.300153 0.00
17.92 0.702506 0.002521 -0.458423 0.216587 -0.300153 0.00
17.93 0.702506 0.002521 -0.458423 0.216587 -0.300153 0.00
17.93 0.702506 0.002521 -0.458423 0.216587 -0.300153 0.00
17.94 0.702506 0.002521 -0.458422 0.216587 -0.300153 0.00
17.94 0.702506 0.002521 -0.458422 0.216587 -0.300153 0.00
17.94 0.702506 0.002521 -0.458422 0.216587 -0.300153 0.00
17.95 0.702506 0.002521 -0.458423 0.216587 -0.300153 0.00
17.96 0.702506 0.002521 -0.458423 0.216587 -0.300153 0.00
17.96 0.702506 0.002521 -0.458423 0.216587 -0.300153 0.00
17.97 0.702506 0.002521 -0.458424 0.216587 -0.300153 0.00
17.97 0.702506 0.002521 -0.458424 0.216587 -0.300153 0.00
17.98 0.702506 0.002521 -0.458425 0.216587 -0.300153 0.00
17.98 0.702506 0.002521 -0.458425 0.216587 -0.300153 0.00
17.98 0.702506 0.002521 -0.458425 0.216587 -0.300153 0.00
17.99 0.702506 0.002521 -0.458426 0.216586 -0.300153 0.00
18.00 0.702506 0.002521 -0.458426 0.216586 -0.300153 0.00
18.01 0.702506 0.002521 -0.458426 0.216586 -0.300153 0.00
18.01 0.702506 0.002521 -0.458426 0.216586 -0.300153 0.00
18.01 0.702506 0.002521 -0.458426 0.216586 -0.300153 0.00
18.02 0.702506 0.002521 -0.458427 0.216586 -0.300153 0.00
18.02 0.702506 0.002521 -0.458427 0.216586 -0.300153 0.00
18.03 0.702506 0.002521 -0.458427 0.216586 -0.300153 0.00
18.03 0.702506 0.002521 -0.458427 0.216586 -0.300153 0.00
18.04 0.702506 0.002521 -0.458427 0.216586 -0.300153 0.00
18.05 0.702506 0.002521 -0.458428 0.216586 -0.300152 0.00
18.05 0.702506 0.002521 -0.458428 0.216586 -0.300152 0.00
18.05 0.702506 0.002521 -0.458428 0.216586 -0.300152 0.00
18.06 0.702506 0.002521 -0.458428 0.216586 -0.300152 0.00
18.06 0.702506 0.002521 -0.458428 0.216586 -0.300152 0.00
18.07 0.702506 0.002521 -0.458428 0.216586 -0.300152 0.00
18.07 0.702506 0.002521 -0.458428 0.216586 -0.300152 0.00
18.08 0.702506 0.002521 -0.458428 0.216586 -0.300152 0.00
18.09 0.702506 0.002521 -0.458429 0.216586 -0.300152 0.00
18.09 0.702506 0.002521 -0.458429 0.216586 -0.300152 0.00
18.10 0.702506 0.002521 -0.458428 0.216586 -0.300152 0.00
18.10 0.702506 0.002521 -0.458428 0.216586 -0.300152 0.00
18.10 0.702506 0.002521 -0.458428 0.216586 -0.300152 0.00
18.11 0.702506 0.002521 -0.458427 0.216586 -0.300153 0.00
18.11 0.702506 0.002521 -0.458427 0.216586 -0.300153 0.00
18.12 0.702506 0.002521 -0.458427 0.216586 -0.300153 0.00
18.13 0.702506 0.002521 -0.458426 0.216586 -0.300153 0.00
18.13 0.702506 0.002521 -0.458426 0.216586 -0.300153 0.00
18.14 0.702506 0.002521 -0.458426 0.216586 -0.300153 0.00
18.14 0.702506 0.002521 -0.458426 0.216586 -0.300153 0.00
18.14 0.702506 0.002521 -0.458426 0.216586 -0.300153 0.00
18.15 0.702506 0.002521 -0.458425 0.216586 -0.300153 0.00
18.15 0.702506 0.002521 -0.458425 0.216586 -0.300153 0.00
18.17 0.702506 0.002521 -0.458425 0.216586 -0.300153 0.00
18.17 0.702506 0.002521 -0.458425 0.216586 -0.300153 0.00
18.17 0.702506 0.002521 -0.458425 0.216586 -0.300153 0.00
18.18 0.702506 0.002521 -0.458425 0.216586 -0.300153 0.00
18.18 0.702506 0.002521 -0.458425 0.216586 -0.300153 0.00
18.19 0.702506 0.002521 -0.458424 0.216586 -0.300153 0.00
18.19 0.702506 0.002521 -0.458424 0.216586 -0.300153 0.00
18.19 0.702506 0.002521 -0.458424 0.216586 -0.300153 0.00
18.21 0.702506 0.002521 -0.458424 0.216586 -0.300153 0.00
18.21 0.702506 0.002521 -0.458424 0.216586 -0.300153 0.00
18.21 0.702506 0.002521 -0.458424 0.216586 -0.300153 0.00
18.22 0.702506 0.002521 -0.458424 0.216587 -0.300153 0.00
18.22 0.702506 0.002521 -0.458424 0.216587 -0.300153 0.00
18.23 0.702506 0.002521 -0.458423 0.216587 -0.300153 0.00
18.23 0.702506 0.002521 -0.458423 0.216587 -0.300153 0.00
18.23 0.702506 0.002521 -0.458423 0.216587 -0.300153 0.00
18.25 0.702506 0.002521 -0.458423 0.216587 -0.300153 0.00
18.25 0.702506 0.002521 -0.458423 0.216587 -0.300153 0.00
18.26 0.702506 0.002521 -0.458423 0.216587 -0.300153 0.00
18.26 0.702506 0.002521 -0.458423 0.216587 -0.300153 0.00
18.26 0.702506 0.002521 -0.458423 0.216587 -0.300153 0.00
18.27 0.702506 0.002521 -0.458423 0.216587 -0.300153 0.00
18.27 0.702506 0.002521 -0.458423 0.216587 -0.300153 0.00
18.28 0.702506 0.002521 -0.458423 0.216587 -0.300153 0.00
18.29 0.702506 0.002521 -0.458423 0.216587 -0.300153 0.00
18.29 0.702506 0.002521 -0.458423 0.216587 -0.300153 0.00
18.30 0.702506 0.002521 -0.458423 0.216587 -0.300153 0.00
18.30 0.702506 0.002521 -0.458423 0.216587 -0.300153 0.00
18.30 0.702506 0.002521 -0.458423 0.216587 -0.300153 0.00
18.31 0.702506 0.002521 -0.458423 0.216587 -0.300153 0.00
18.31 0.702506 0.002521 -0.458423 0.216587 -0.300153 0.00
18.32 0.702506 0.002521 -0.458423 0.216587 -0.300153 0.00
18.33 0.702506 0.002521 -0.458423 0.216587 -0.300153 0.00
18.33 0.702506 0.002521 -0.458423 0.216587 -0.300153 0.00
18.34 0.702506 0.002521 -0.458423 0.216587 -0.300153 0.00
18.34 0.702506 0.002521 -0.458423 0.216587 -0.300153 0.00
18.35 0.702506 0.002521 -0.458422 0.216587 -0.300153 0.00
18.35 0.702506 0.002521 -0.458422 0.216587 -0.300153 0.00
18.35 0.702506 0.002521 -0.458422 0.216587 -0.300153 0.00
18.36 0.702506 0.002521 -0.458423 0.216587 -0.300153 0.00
18.36 0.702506 0.002521 -0.458423 0.216587 -0.300153 0.00
18.37 0.702506 0.002521 -0.458423 0.216587 -0.300153 0.00
18.38 0.702506 0.002521 -0.458424 0.216587 -0.300153 0.00
18.38 0.702506 0.002521 -0.458424 0.216587 -0.300153 0.00
18.39 0.702506 0.002521 -0.458425 0.216587 -0.300153 0.00
18.39 0.702506 0.002521 -0.458425 0.216587 -0.300153 0.00
18.39 0.702506 0.002521 -0.458425 0.216587 -0.300153 0.00
18.40 0.702506 0.002521 -0.458426 0.216586 -0.300153 0.00
18.40 0.702506 0.002521 -0.458426 0.216586 -0.300153 0.00
18.42 0.702506 0.002521 -0.458426 0.216586 -0.300153 0.00
18.42 0.702506 0.002521 -0.458426 0.216586 -0.300153 0.00
18.42 0.702506 0.002521 -0.458426 0.216586 -0.300153 0.00
18.43 0.702506 0.002521 -0.458427 0.216586 -0.300153 0.00
18.43 0.702506 0.002521 -0.458427 0.216586 -0.300153 0.00
18.44 0.702506 0.002521 -0.458427 0.216586 -0.300153 0.00
18.44 0.702506 0.002521 -0.458427 0.216586 -0.300153 0.00
18.44 0.702506 0.002521 -0.458427 0.216586 -0.300153 0.00
18.46 0.702506 0.002521 -0.458428 0.216586 -0.300152 0.00
18.46 0.702506 0.002521 -0.458428 0.216586 -0.300152 0.00
18.46 0.702506 0.002521 -0.458428 0.216586 -0.300152 0.00
18.47 0.702506 0.002521 -0.458428 0.216586 -0.300152 0.00
18.47 0.702506 0.002521 -0.458428 0.216586 -0.300152 0.00
18.48 0.702506 0.002521 -0.458428 0.216586 -0.300152 0.00
18.48 0.702506 0.002521 -0.458428 0.216586 -0.300152 0.00
18.48 0.702506 0.002521 -0.458428 0.216586 -0.300152 0.00
18.50 0.702506 0.002521 -0.458429 0.216586 -0.300152 0.00
18.50 0.702506 0.002521 -0.458429 0.216586 -0.300152 0.00
18.51 0.702506 0.002521 -0.458428 0.216586 -0.300152 0.00
18.51 0.702506 0.002521 -0.458428 0.216586 -0.300152 0.00
18.51 0.702506 0.002521 -0.458428 0.216586 -0.300152 0.00
18.52 0.702506 0.002521 -0.458427 0.216586 -0.300153 0.00
18.52 0.702506 0.002521 -0.458427 0.216586 -0.300153 0.00
18.53 0.702506 0.002521 -0.458426 0.216586 -0.300153 0.00
18.54 0.702506 0.002521 -0.458426 0.216586 -0.300153 0.00
18.54 0.702506 0.002521 -0.458426 0.216586 -0.300153 0.00
18.55 0.702506 0.002521 -0.458426 0.216586 -0.300153 0.00
18.55 0.702506 0.002521 -0.458426 0.216586 -0.300153 0.00
18.55 0.702506 0.002521 -0.458426 0.216586 -0.300153 0.00
18.56 0.702506 0.002521 -0.458425 0.216586 -0.300153 0.00
18.56 0.702506 0.002521 -0.458425 0.216586 -0.300153 0.00
18.57 0.702506 0.002521 -0.458425 0.216586 -0.300153 0.00
18.58 0.702506 0.002521 -0.458425 0.216586 -0.300153 0.00
18.58 0.702506 0.002521 -0.458425 0.216586 -0.300153 0.00
18.59 0.702506 0.002521 -0.458425 0.216586 -0.300153 0.00
18.59 0.702506 0.002521 -0.458425 0.216586 -0.300153 0.00
18.60 0.702506 0.002521 -0.458424 0.216586 -0.300153 0.00
18.60 0.702506 0.002521 -0.458424 0.216586 -0.300153 0.00
18.60 0.702506 0.002521 -0.458424 0.216586 -0.300153 0.00
18.61 0.702506 0.002521 -0.458424 0.216586 -0.300153 0.00
18.62 0.702506 0.002521 -0.458424 0.216586 -0.300153 0.00
18.62 0.702506 0.002521 -0.458424 0.216586 -0.300153 0.00
18.63 0.702506 0.002521 -0.458424 0.216587 -0.300153 0.00
18.63 0.702506 0.002521 -0.458424 0.216587 -0.300153 0.00
18.64 0.702506 0.002521 -0.458423 0.216587 -0.300153 0.00
18.64 0.702506 0.002521 -0.458423 0.216587 -0.300153 0.00
18.64 0.702506 0.002521 -0.458423 0.216587 -0.300153 0.00
18.65 0.702506 0.002521 -0.458423 0.216587 -0.300153 0.00
18.66 0.702506 0.002521 -0.458423 0.216587 -0.300153 0.00
18.67 0.702506 0.002521 -0.458423 0.216587 -0.300153 0.00
18.67 0.702506 0.002521 -0.458423 0.216587 -0.300153 0.00
18.67 0.702506 0.002521 -0.458423 0.216587 -0.300153 0.00
18.68 0.702506 0.002521 -0.458423 0.216587 -0.300153 0.00
18.68 0.702506 0.002521 -0.458423 0.216587 -0.300153 0.00
18.69 0.702506 0.002521 -0.458423 0.216587 -0.300153 0.00
18.69 0.702506 0.002521 -0.458423 0.216587 -0.300153 0.00
18.70 0.702506 0.002521 -0.458423 0.216587 -0.300153 0.00
18.71 0.702506 0.002521 -0.458423 0.216587 -0.300153 0.00
18.71 0.702506 0.002521 -0.458423 0.216587 -0.300153 0.00
18.71 0.702506 0.002521 -0.458423 0.216587 -0.300153 0.00
18.72 0.702506 0.002521 -0.458423 0.216587 -0.300153 0.00
18.72 0.702506 0.002521 -0.458423 0.216587 -0.300153 0.00
18.73 0.702506 0.002521 -0.458423 0.216587 -0.300153 0.00
18.73 0.702506 0.002521 -0.458423 0.216587 -0.300153 0.00
18.74 0.702506 0.002521 -0.458423 0.216587 -0.300153 0.00
18.75 0.702506 0.002521 -0.458423 0.216587 -0.300153 0.00
18.75 0.702506 0.002521 -0.458423 0.216587 -0.300153 0.00
18.76 0.702506 0.002521 -0.458422 0.216587 -0.300153 0.00
18.76 0.702506 0.002521 -0.458422 0.216587 -0.300153 0.00
18.76 0.702506 0.002521 -0.458422 0.216587 -0.300153 0.00
18.77 0.702506 0.002521 -0.458423 0.216587 -0.300153 0.00
18.77 0.702506 0.002521 -0.458423 0.216587 -0.300153 0.00
18.79 0.702506 0.002521 -0.458424 0.216587 -0.300153 0.00
18.79 0.702506 0.002521 -0.458424 0.216587 -0.300153 0.00
18.79 0.702506 0.002521 -0.458424 0.216587 -0.300153 0.00
18.80 0.702506 0.002521 -0.458425 0.216587 -0.300153 0.00
18.80 0.702506 0.002521 -0.458425 0.216587 -0.300153 0.00
18.80 0.702506 0.002521 -0.458425 0.216587 -0.300153 0.00
18.81 0.702506 0.002521 -0.458426 0.216586 -0.300153 0.00
18.81 0.702506 0.002521 -0.458426 0.216586 -0.300153 0.00
18.83 0.702506 0.002521 -0.458426 0.216586 -0.300153 0.00
18.83 0.702506 0.002521 -0.458426 0.216586 -0.300153 0.00
18.83 0.702506 0.002521 -0.458426 0.216586 -0.300153 0.00
18.84 0.702506 0.002521 -0.458427 0.216586 -0.300153 0.00
18.84 0.702506 0.002521 -0.458427 0.216586 -0.300153 0.00
18.85 0.702506 0.002521 -0.458427 0.216586 -0.300153 0.00
18.85 0.702506 0.002521 -0.458427 0.216586 -0.300153 0.00
18.85 0.702506 0.002521 -0.458427 0.216586 -0.300153 0.00
18.87 0.702506 0.002521 -0.458428 0.216586 -0.300152 0.00
18.87 0.702506 0.002521 -0.458428 0.216586 -0.300152 0.00
18.87 0.702506 0.002521 -0.458428 0.216586 -0.300152 0.00
18.88 0.702506 0.002521 -0.458428 0.216586 -0.300152 0.00
18.88 0.702506 0.002521 -0.458428 0.216586 -0.300152 0.00
18.89 0.702506 0.002521 -0.458428 0.216586 -0.300152 0.00
18.89 0.702506 0.002521 -0.458428 0.216586 -0.300152 0.00
18.89 0.702506 0.002521 -0.458428 0.216586 -0.300152 0.00
18.91 0.702506 0.002521 -0.458429 0.216586 -0.300152 0.00
18.91 0.702506 0.002521 -0.458429 0.216586 -0.300152 0.00
18.92 0.702506 0.002521 -0.458428 0.216586 -0.300152 0.00
18.92 0.702506 0.002521 -0.458428 0.216586 -0.300152 0.00
18.92 0.702506 0.002521 -0.458428 0.216586 -0.300152 0.00
18.93 0.702506 0.002521 -0.458427 0.216586 -0.300153 0.00
18.93 0.702506 0.002521 -0.458427 0.216586 -0.300153 0.00
18.94 0.702506 0.002521 -0.458426 0.216586 -0.300153 0.00
18.95 0.702506 0.002521 -0.458426 0.216586 -0.300153 0.00
18.95 0.702506 0.002521 -0.458426 0.216586 -0.300153 0.00
18.96 0.702506 0.002521 -0.458426 0.216586 -0.300153 0.00
18.96 0.702506 0.002521 -0.458426 0.216586 -0.300153 0.00
18.96 0.702506 0.002521 -0.458426 0.216586 -0.300153 0.00
18.97 0.702506 0.002521 -0.458425 0.216586 -0.300153 0.00
18.97 0.702506 0.002521 -0.458425 0.216586 -0.300153 0.00
18.98 0.702506 0.002521 -0.458425 0.216586 -0.300153 0.00
18.99 0.702506 0.002521 -0.458425 0.216586 -0.300153 0.00
18.99 0.702506 0.002521 -0.458425 0.216586 -0.300153 0.00
19.00 0.702506 0.002521 -0.458425 0.216586 -0.300153 0.00
19.00 0.702506 0.002521 -0.458425 0.216586 -0.300153 0.00
19.01 0.702506 0.002521 -0.458424 0.216586 -0.300153 0.00
19.01 0.702506 0.002521 -0.458424 0.216586 -0.300153 0.00
19.01 0.702506 0.002521 -0.458424 0.216586 -0.300153 0.00
19.02 0.702506 0.002521 -0.458424 0.216586 -0.300153 0.00
19.03 0.702506 0.002521 -0.458424 0.216586 -0.300153 0.00
19.04 0.702506 0.002521 -0.458424 0.216587 -0.300153 0.00
19.04 0.702506 0.002521 -0.458424 0.216587 -0.300153 0.00
19.04 0.702506 0.002521 -0.458424 0.216587 -0.300153 0.00
19.05 0.702506 0.002521 -0.458423 0.216587 -0.300153 0.00
19.05 0.702506 0.002521 -0.458423 0.216587 -0.300153 0.00
19.05 0.702506 0.002521 -0.458423 0.216587 -0.300153 0.00
19.06 0.702506 0.002521 -0.458423 0.216587 -0.300153 0.00
19.07 0.702506 0.002521 -0.458423 0.216587 -0.300153 0.00
19.08 0.702506 0.002521 -0.458423 0.216587 -0.300153 0.00
19.08 0.702506 0.002521 -0.458423 0.216587 -0.300153 0.00
19.08 0.702506 0.002521 -0.458423 0.216587 -0.300153 0.00
19.09 0.702506 0.002521 -0.458423 0.216587 -0.300153 0.00
19.09 0.702506 0.002521 -0.458423 0.216587 -0.300153 0.00
19.10 0.702506 0.002521 -0.458423 0.216587 -0.300153 0.00
19.10 0.702506 0.002521 -0.458423 0.216587 -0.300153 0.00
19.11 0.702506 0.002521 -0.458423 0.216587 -0.300153 0.00
19.12 0.702506 0.002521 -0.458423 0.216587 -0.300153 0.00
19.12 0.702506 0.002521 -0.458423 0.216587 -0.300153 0.00
19.13 0.702506 0.002521 -0.458423 0.216587 -0.300153 0.00
19.13 0.702506 0.002521 -0.458423 0.216587 -0.300153 0.00
19.13 0.702506 0.002521 -0.458423 0.216587 -0.300153 0.00
19.14 0.702506 0.002521 -0.458423 0.216587 -0.300153 0.00
19.14 0.702506 0.002521 -0.458423 0.216587 -0.300153 0.00
19.15 0.702506 0.002521 -0.458423 0.216587 -0.300153 0.00
19.16 0.702506 0.002521 -0.458423 0.216587 -0.300153 0.00
19.16 0.702506 0.002521 -0.458423 0.216587 -0.300153 0.00
19.17 0.702506 0.002521 -0.458422 0.216587 -0.300153 0.00
19.17 0.702506 0.002521 -0.458422 0.216587 -0.300153 0.00
19.17 0.702506 0.002521 -0.458422 0.216587 -0.300153 0.00
19.18 0.702506 0.002521 -0.458423 0.216587 -0.300153 0.00
19.18 0.702506 0.002521 -0.458423 0.216587 -0.300153 0.00
19.20 0.702506 0.002521 -0.458424 0.216587 -0.300153 0.00
19.20 0.702506 0.002521 -0.458424 0.216587 -0.300153 0.00
19.20 0.702506 0.002521 -0.458424 0.216587 -0.300153 0.00
19.21 0.702506 0.002521 -0.458425 0.216587 -0.300153 0.00
19.21 0.702506 0.002521 -0.458425 0.216587 -0.300153 0.00
19.21 0.702506 0.002521 -0.458425 0.216587 -0.300153 0.00
19.22 0.702506 0.002521 -0.458426 0.216586 -0.300153 0.00
19.22 0.702506 0.002521 -0.458426 0.216586 -0.300153 0.00
19.24 0.702506 0.002521 -0.458426 0.216586 -0.300153 0.00
19.24 0.702506 0.002521 -0.458426 0.216586 -0.300153 0.00
19.24 0.702506 0.002521 -0.458426 0.216586 -0.300153 0.00
19.25 0.702506 0.002521 -0.458427 0.216586 -0.300153 0.00
19.25 0.702506 0.002521 -0.458427 0.216586 -0.300153 0.00
19.26 0.702506 0.002521 -0.458427 0.216586 -0.300153 0.00
19.26 0.702506 0.002521 -0.458427 0.216586 -0.300153 0.00
19.26 0.702506 0.002521 -0.458427 0.216586 -0.300153 0.00
19.28 0.702506 0.002521 -0.458428 0.216586 -0.300152 0.00
19.28 0.702506 0.002521 -0.458428 0.216586 -0.300152 0.00
19.29 0.702506 0.002521 -0.458428 0.216586 -0.300152 0.00
19.29 0.702506 0.002521 -0.458428 0.216586 -0.300152 0.00
19.29 0.702506 0.002521 -0.458428 0.216586 -0.300152 0.00
19.30 0.702506 0.002521 -0.458428 0.216586 -0.300152 0.00
19.30 0.702506 0.002521 -0.458428 0.216586 -0.300152 0.00
19.30 0.702506 0.002521 -0.458428 0.216586 -0.300152 0.00
19.31 0.702506 0.002521 -0.458429 0.216586 -0.300152 0.00
19.32 0.702506 0.002521 -0.458429 0.216586 -0.300152 0.00
19.33 0.702506 0.002521 -0.458428 0.216586 -0.300152 0.00
19.33 0.702506 0.002521 -0.458428 0.216586 -0.300152 0.00
19.33 0.702506 0.002521 -0.458428 0.216586 -0.300152 0.00
19.34 0.702506 0.002521 -0.458427 0.216586 -0.300153 0.00
19.34 0.702506 0.002521 -0.458427 0.216586 -0.300153 0.00
19.35 0.702506 0.002521 -0.458426 0.216586 -0.300153 0.00
19.35 0.702506 0.002521 -0.458426 0.216586 -0.300153 0.00
19.36 0.702506 0.002521 -0.458426 0.216586 -0.300153 0.00
19.37 0.702506 0.002521 -0.458426 0.216586 -0.300153 0.00
19.37 0.702506 0.002521 -0.458426 0.216586 -0.300153 0.00
19.38 0.702506 0.002521 -0.458425 0.216586 -0.300153 0.00
19.38 0.702506 0.002521 -0.458425 0.216586 -0.300153 0.00
19.38 0.702506 0.002521 -0.458425 0.216586 -0.300153 0.00
19.39 0.702506 0.002521 -0.458425 0.216586 -0.300153 0.00
19.39 0.702506 0.002521 -0.458425 0.216586 -0.300153 0.00
19.40 0.702506 0.002521 -0.458425 0.216586 -0.300153 0.00
19.41 0.702506 0.002521 -0.458425 0.216586 -0.300153 0.00
19.41 0.702506 0.002521 -0.458425 0.216586 -0.300153 0.00
19.42 0.702506 0.002521 -0.458424 0.216586 -0.300153 0.00
19.42 0.702506 0.002521 -0.458424 0.216586 -0.300153 0.00
19.42 0.702506 0.002521 -0.458424 0.216586 -0.300153 0.00
19.43 0.702506 0.002521 -0.458424 0.216586 -0.300153 0.00
19.43 0.702506 0.002521 -0.458424 0.216586 -0.300153 0.00
19.45 0.702506 0.002521 -0.458424 0.216587 -0.300153 0.00
19.45 0.702506 0.002521 -0.458424 0.216587 -0.300153 0.00
19.45 0.702506 0.002521 -0.458424 0.216587 -0.300153 0.00
19.46 0.702506 0.002521 -0.458423 0.216587 -0.300153 0.00
19.46 0.702506 0.002521 -0.458423 0.216587 -0.300153 0.00
19.46 0.702506 0.002521 -0.458423 0.216587 -0.300153 0.00
19.47 0.702506 0.002521 -0.458423 0.216587 -0.300153 0.00
19.47 0.702506 0.002521 -0.458423 0.216587 -0.300153 0.00
19.49 0.702506 0.002521 -0.458423 0.216587 -0.300153 0.00
19.49 0.702506 0.002521 -0.458423 0.216587 -0.300153 0.00
19.49 0.702506 0.002521 -0.458423 0.216587 -0.300153 0.00
19.50 0.702506 0.002521 -0.458423 0.216587 -0.300153 0.00
19.50 0.702506 0.002521 -0.458423 0.216587 -0.300153 0.00
19.51 0.702506 0.002521 -0.458423 0.216587 -0.300153 0.00
19.51 0.702506 0.002521 -0.458423 0.216587 -0.300153 0.00
19.51 0.702506 0.002521 -0.458423 0.216587 -0.300153 0.00
19.53 0.702506 0.002521 -0.458423 0.216587 -0.300153 0.00
19.53 0.702506 0.002521 -0.458423 0.216587 -0.300153 0.00
19.54 0.702506 0.002521 -0.458423 0.216587 -0.300153 0.00
19.54 0.702506 0.002521 -0.458423 0.216587 -0.300153 0.00
19.54 0.702506 0.002521 -0.458423 0.216587 -0.300153 0.00
19.55 0.702506 0.002521 -0.458423 0.216587 -0.300153 0.00
19.55 0.702506 0.002521 -0.458423 0.216587 -0.300153 0.00
19.55 0.702506 0.002521 -0.458423 0.216587 -0.300153 0.00
19.57 0.702506 0.002521 -0.458423 0.216587 -0.300153 0.00
19.57 0.702506 0.002521 -0.458423 0.216587 -0.300153 0.00
19.58 0.702506 0.002521 -0.458422 0.216587 -0.300153 0.00
19.58 0.702506 0.002521 -0.458422 0.216587 -0.300153 0.00
19.58 0.702506 0.002521 -0.458422 0.216587 -0.300153 0.00
19.59 0.702506 0.002521 -0.458423 0.216587 -0.300153 0.00
19.59 0.702506 0.002521 -0.458423 0.216587 -0.300153 0.00
19.60 0.702506 0.002521 -0.458424 0.216587 -0.300153 0.00
19.61 0.702506 0.002521 -0.458424 0.216587 -0.300153 0.00
19.61 0.702506 0.002521 -0.458424 0.216587 -0.300153 0.00
19.62 0.702506 0.002521 -0.458425 0.216587 -0.300153 0.00
19.62 0.702506 0.002521 -0.458425 0.216587 -0.300153 0.00
19.63 0.702506 0.002521 -0.458426 0.216586 -0.300153 0.00
19.63 0.702506 0.002521 -0.458426 0.216586 -0.300153 0.00
19.63 0.702506 0.002521 -0.458426 0.216586 -0.300153 0.00
19.64 0.702506 0.002521 -0.458426 0.216586 -0.300153 0.00
19.65 0.702506 0.002521 -0.458426 0.216586 -0.300153 0.00
19.65 0.702506 0.002521 -0.458426 0.216586 -0.300153 0.00
19.66 0.702506 0.002521 -0.458427 0.216586 -0.300153 0.00
19.66 0.702506 0.002521 -0.458427 0.216586 -0.300153 0.00
19.67 0.702506 0.002521 -0.458427 0.216586 -0.300153 0.00
19.67 0.702506 0.002521 -0.458427 0.216586 -0.300153 0.00
19.67 0.702506 0.002521 -0.458427 0.216586 -0.300153 0.00
19.68 0.702506 0.002521 -0.458428 0.216586 -0.300152 0.00
19.69 0.702506 0.002521 -0.458428 0.216586 -0.300152 0.00
19.70 0.702506 0.002521 -0.458428 0.216586 -0.300152 0.00
19.70 0.702506 0.002521 -0.458428 0.216586 -0.300152 0.00
19.70 0.702506 0.002521 -0.458428 0.216586 -0.300152 0.00
19.71 0.702506 0.002521 -0.458428 0.216586 -0.300152 0.00
19.71 0.702506 0.002521 -0.458428 0.216586 -0.300152 0.00
19.71 0.702506 0.002521 -0.458428 0.216586 -0.300152 0.00
19.72 0.702506 0.002521 -0.458429 0.216586 -0.300152 0.00
19.73 0.702506 0.002521 -0.458429 0.216586 -0.300152 0.00
19.74 0.702506 0.002521 -0.458428 0.216586 -0.300152 0.00
19.74 0.702506 0.002521 -0.458428 0.216586 -0.300152 0.00
19.74 0.702506 0.002521 -0.458428 0.216586 -0.300152 0.00
19.75 0.702506 0.002521 -0.458427 0.216586 -0.300153 0.00
19.75 0.702506 0.002521 -0.458427 0.216586 -0.300153 0.00
19.76 0.702506 0.002521 -0.458426 0.216586 -0.300153 0.00
19.76 0.702506 0.002521 -0.458426 0.216586 -0.300153 0.00
19.77 0.702506 0.002521 -0.458426 0.216586 -0.300153 0.00
19.78 0.702506 0.002521 -0.458426 0.216586 -0.300153 0.00
19.78 0.702506 0.002521 -0.458426 0.216586 -0.300153 0.00
19.79 0.702506 0.002521 -0.458425 0.216586 -0.300153 0.00
19.79 0.702506 0.002521 -0.458425 0.216586 -0.300153 0.00
19.79 0.702506 0.002521 -0.458425 0.216586 -0.300153 0.00
19.80 0.702506 0.002521 -0.458425 0.216586 -0.300153 0.00
19.80 0.702506 0.002521 -0.458425 0.216586 -0.300153 0.00
19.81 0.702506 0.002521 -0.458425 0.216586 -0.300153 0.00
19.82 0.702506 0.002521 -0.458425 0.216586 -0.300153 0.00
19.82 0.702506 0.002521 -0.458425 0.216586 -0.300153 0.00
19.83 0.702506 0.002521 -0.458424 0.216586 -0.300153 0.00
19.83 0.702506 0.002521 -0.458424 0.216586 -0.300153 0.00
19.83 0.702506 0.002521 -0.458424 0.216586 -0.300153 0.00
19.84 0.702506 0.002521 -0.458424 0.216586 -0.300153 0.00
19.84 0.702506 0.002521 -0.458424 0.216586 -0.300153 0.00
19.86 0.702506 0.002521 -0.458424 0.216587 -0.300153 0.00
19.86 0.702506 0.002521 -0.458424 0.216587 -0.300153 0.00
19.86 0.702506 0.002521 -0.458424 0.216587 -0.300153 0.00
19.87 0.702506 0.002521 -0.458423 0.216587 -0.300153 0.00
19.87 0.702506 0.002521 -0.458423 0.216587 -0.300153 0.00
19.88 0.702506 0.002521 -0.458423 0.216587 -0.300153 0.00
19.88 0.702506 0.002521 -0.458423 0.216587 -0.300153 0.00
19.88 0.702506 0.002521 -0.458423 0.216587 -0.300153 0.00
19.90 0.702506 0.002521 -0.458423 0.216587 -0.300153 0.00
19.90 0.702506 0.002521 -0.458423 0.216587 -0.300153 0.00
19.90 0.702506 0.002521 -0.458423 0.216587 -0.300153 0.00
19.91 0.702506 0.002521 -0.458423 0.216587 -0.300153 0.00
19.91 0.702506 0.002521 -0.458423 0.216587 -0.300153 0.00
19.92 0.702506 0.002521 -0.458423 0.216587 -0.300153 0.00
19.92 0.702506 0.002521 -0.458423 0.216587 -0.300153 0.00
19.92 0.702506 0.002521 -0.458423 0.216587 -0.300153 0.00
19.94 0.702506 0.002521 -0.458423 0.216587 -0.300153 0.00
19.94 0.702506 0.002521 -0.458423 0.216587 -0.300153 0.00
19.95 0.702506 0.002521 -0.458423 0.216587 -0.300153 0.00
19.95 0.702506 0.002521 -0.458423 0.216587 -0.300153 0.00
19.95 0.702506 0.002521 -0.458423 0.216587 -0.300153 0.00
19.96 0.702506 0.002521 -0.458423 0.216587 -0.300153 0.00
19.96 0.702506 0.002521 -0.458423 0.216587 -0.300153 0.00
19.96 0.702506 0.002521 -0.458423 0.216587 -0.300153 0.00
19.98 0.702506 0.002521 -0.458423 0.216587 -0.300153 0.00
19.98 0.702506 0.002521 -0.458423 0.216587 -0.300153 0.00
19.99 0.702506 0.002521 -0.458422 0.216587 -0.300153 0.00
19.99 0.702506 0.002521 -0.458422 0.216587 -0.300153 0.00
19.99 0.702506 0.002521 -0.458422 0.216587 -0.300153 0.00
20.00 0.702506 0.002521 -0.458423 0.216587 -0.300153 0.00
20.00 0.702506 0.002521 -0.458423 0.216587 -0.300153 0.00
20.01 0.702506 0.002521 -0.458424 0.216587 -0.300153 0.00
20.02 0.702506 0.002521 -0.458424 0.216587 -0.300153 0.00
20.02 0.702506 0.002521 -0.458424 0.216587 -0.300153 0.00
20.03 0.702506 0.002521 -0.458425 0.216587 -0.300153 0.00
20.03 0.702506 0.002521 -0.458425 0.216587 -0.300153 0.00
20.04 0.702506 0.002521 -0.458426 0.216586 -0.300153 0.00
20.04 0.702506 0.002521 -0.458426 0.216586 -0.300153 0.00
20.04 0.702506 0.002521 -0.458426 0.216586 -0.300153 0.00
20.05 0.702506 0.002521 -0.458426 0.216586 -0.300153 0.00
20.06 0.702506 0.002521 -0.458426 0.216586 -0.300153 0.00
20.06 0.702506 0.002521 -0.458426 0.216586 -0.300153 0.00
20.07 0.702506 0.002521 -0.458427 0.216586 -0.300153 0.00
20.07 0.702506 0.002521 -0.458427 0.216586 -0.300153 0.00
20.08 0.702506 0.002521 -0.458427 0.216586 -0.300153 0.00
20.08 0.702506 0.002521 -0.458427 0.216586 -0.300153 0.00
20.08 0.702506 0.002521 -0.458427 0.216586 -0.300153 0.00
20.09 0.702506 0.002521 -0.458428 0.216586 -0.300152 0.00
20.10 0.702506 0.002521 -0.458428 0.216586 -0.300152 0.00
20.11 0.702506 0.002521 -0.458428 0.216586 -0.300152 0.00
20.11 0.702506 0.002521 -0.458428 0.216586 -0.300152 0.00
20.11 0.702506 0.002521 -0.458428 0.216586 -0.300152 0.00
20.12 0.702506 0.002521 -0.458428 0.216586 -0.300152 0.00
20.12 0.702506 0.002521 -0.458428 0.216586 -0.300152 0.00
20.13 0.702506 0.002521 -0.458429 0.216586 -0.300152 0.00
20.13 0.702506 0.002521 -0.458429 0.216586 -0.300152 0.00
20.14 0.702506 0.002521 -0.458429 0.216586 -0.300152 0.00
20.15 0.702506 0.002521 -0.458428 0.216586 -0.300152 0.00
20.15 0.702506 0.002521 -0.458428 0.216586 -0.300152 0.00
20.15 0.702506 0.002521 -0.458428 0.216586 -0.300152 0.00
20.16 0.702506 0.002521 -0.458427 0.216586 -0.300153 0.00
20.16 0.702506 0.002521 -0.458427 0.216586 -0.300153 0.00
20.17 0.702506 0.002521 -0.458426 0.216586 -0.300153 0.00
20.17 0.702506 0.002521 -0.458426 0.216586 -0.300153 0.00
20.18 0.702506 0.002521 -0.458426 0.216586 -0.300153 0.00
20.19 0.702506 0.002521 -0.458426 0.216586 -0.300153 0.00
20.19 0.702506 0.002521 -0.458426 0.216586 -0.300153 0.00
20.20 0.702506 0.002521 -0.458425 0.216586 -0.300153 0.00
20.20 0.702506 0.002521 -0.458425 0.216586 -0.300153 0.00
20.20 0.702506 0.002521 -0.458425 0.216586 -0.300153 0.00
20.21 0.702506 0.002521 -0.458425 0.216586 -0.300153 0.00
20.21 0.702506 0.002521 -0.458425 0.216586 -0.300153 0.00
20.21 0.702506 0.002521 -0.458425 0.216586 -0.300153 0.00
20.23 0.702506 0.002521 -0.458425 0.216586 -0.300153 0.00
20.23 0.702506 0.002521 -0.458425 0.216586 -0.300153 0.00
20.24 0.702506 0.002521 -0.458424 0.216586 -0.300153 0.00
20.24 0.702506 0.002521 -0.458424 0.216586 -0.300153 0.00
20.24 0.702506 0.002521 -0.458424 0.216586 -0.300153 0.00
20.25 0.702506 0.002521 -0.458424 0.216586 -0.300153 0.00
20.25 0.702506 0.002521 -0.458424 0.216586 -0.300153 0.00
20.27 0.702506 0.002521 -0.458424 0.216587 -0.300153 0.00
20.27 0.702506 0.002521 -0.458424 0.216587 -0.300153 0.00
20.27 0.702506 0.002521 -0.458424 0.216587 -0.300153 0.00
20.28 0.702506 0.002521 -0.458423 0.216587 -0.300153 0.00
20.28 0.702506 0.002521 -0.458423 0.216587 -0.300153 0.00
20.29 0.702506 0.002521 -0.458423 0.216587 -0.300153 0.00
20.29 0.702506 0.002521 -0.458423 0.216587 -0.300153 0.00
20.29 0.702506 0.002521 -0.458423 0.216587 -0.300153 0.00
20.30 0.702506 0.002521 -0.458423 0.216587 -0.300153 0.00
20.31 0.702506 0.002521 -0.458423 0.216587 -0.300153 0.00
20.31 0.702506 0.002521 -0.458423 0.216587 -0.300153 0.00
20.32 0.702506 0.002521 -0.458423 0.216587 -0.300153 0.00
20.32 0.702506 0.002521 -0.458423 0.216587 -0.300153 0.00
20.33 0.702506 0.002521 -0.458423 0.216587 -0.300153 0.00
20.33 0.702506 0.002521 -0.458423 0.216587 -0.300153 0.00
20.33 0.702506 0.002521 -0.458423 0.216587 -0.300153 0.00
20.34 0.702506 0.002521 -0.458423 0.216587 -0.300153 0.00
20.35 0.702506 0.002521 -0.458423 0.216587 -0.300153 0.00
20.36 0.702506 0.002521 -0.458423 0.216587 -0.300153 0.00
20.36 0.702506 0.002521 -0.458423 0.216587 -0.300153 0.00
20.36 0.702506 0.002521 -0.458423 0.216587 -0.300153 0.00
20.37 0.702506 0.002521 -0.458423 0.216587 -0.300153 0.00
20.37 0.702506 0.002521 -0.458423 0.216587 -0.300153 0.00
20.38 0.702506 0.002521 -0.458423 0.216587 -0.300153 0.00
20.38 0.702506 0.002521 -0.458423 0.216587 -0.300153 0.00
20.39 0.702506 0.002521 -0.458423 0.216587 -0.300153 0.00
20.40 0.702506 0.002521 -0.458422 0.216587 -0.300153 0.00
20.40 0.702506 0.002521 -0.458422 0.216587 -0.300153 0.00
20.40 0.702506 0.002521 -0.458422 0.216587 -0.300153 0.00
20.41 0.702506 0.002521 -0.458423 0.216587 -0.300153 0.00
20.41 0.702506 0.002521 -0.458423 0.216587 -0.300153 0.00
20.42 0.702506 0.002521 -0.458424 0.216587 -0.300153 0.00
20.42 0.702506 0.002521 -0.458424 0.216587 -0.300153 0.00
20.43 0.702506 0.002521 -0.458424 0.216587 -0.300153 0.00
20.44 0.702506 0.002521 -0.458425 0.216587 -0.300153 0.00
20.44 0.702506 0.002521 -0.458425 0.216587 -0.300153 0.00
20.45 0.702506 0.002521 -0.458426 0.216586 -0.300153 0.00
20.45 0.702506 0.002521 -0.458426 0.216586 -0.300153 0.00
20.45 0.702506 0.002521 -0.458426 0.216586 -0.300153 0.00
20.46 0.702506 0.002521 -0.458426 0.216586 -0.300153 0.00
20.46 0.702506 0.002521 -0.458426 0.216586 -0.300153 0.00
20.47 0.702506 0.002521 -0.458426 0.216586 -0.300153 0.00
20.48 0.702506 0.002521 -0.458427 0.216586 -0.300153 0.00
20.48 0.702506 0.002521 -0.458427 0.216586 -0.300153 0.00
20.49 0.702506 0.002521 -0.458427 0.216586 -0.300153 0.00
20.49 0.702506 0.002521 -0.458427 0.216586 -0.300153 0.00
20.49 0.702506 0.002521 -0.458427 0.216586 -0.300153 0.00
20.50 0.702506 0.002521 -0.458428 0.216586 -0.300152 0.00
20.50 0.702506 0.002521 -0.458428 0.216586 -0.300152 0.00
20.52 0.702506 0.002521 -0.458428 0.216586 -0.300152 0.00
20.52 0.702506 0.002521 -0.458428 0.216586 -0.300152 0.00
20.52 0.702506 0.002521 -0.458428 0.216586 -0.300152 0.00
20.53 0.702506 0.002521 -0.458428 0.216586 -0.300152 0.00
20.53 0.702506 0.002521 -0.458428 0.216586 -0.300152 0.00
20.54 0.702506 0.002521 -0.458429 0.216586 -0.300152 0.00
20.54 0.702506 0.002521 -0.458429 0.216586 -0.300152 0.00
20.54 0.702506 0.002521 -0.458429 0.216586 -0.300152 0.00
20.56 0.702506 0.002521 -0.458428 0.216586 -0.300152 0.00
20.56 0.702506 0.002521 -0.458428 0.216586 -0.300152 0.00
20.56 0.702506 0.002521 -0.458428 0.216586 -0.300152 0.00
20.57 0.702506 0.002521 -0.458427 0.216586 -0.300153 0.00
20.57 0.702506 0.002521 -0.458427 0.216586 -0.300153 0.00
20.58 0.702506 0.002521 -0.458426 0.216586 -0.300153 0.00
20.58 0.702506 0.002521 -0.458426 0.216586 -0.300153 0.00
20.58 0.702506 0.002521 -0.458426 0.216586 -0.300153 0.00
20.60 0.702506 0.002521 -0.458426 0.216586 -0.300153 0.00
20.60 0.702506 0.002521 -0.458426 0.216586 -0.300153 0.00
20.61 0.702506 0.002521 -0.458425 0.216586 -0.300153 0.00
20.61 0.702506 0.002521 -0.458425 0.216586 -0.300153 0.00
20.61 0.702506 0.002521 -0.458425 0.216586 -0.300153 0.00
20.62 0.702506 0.002521 -0.458425 0.216586 -0.300153 0.00
20.62 0.702506 0.002521 -0.458425 0.216586 -0.300153 0.00
20.63 0.702506 0.002521 -0.458425 0.216586 -0.300153 0.00
20.64 0.702506 0.002521 -0.458425 0.216586 -0.300153 0.00
20.64 0.702506 0.002521 -0.458425 0.216586 -0.300153 0.00
20.65 0.702506 0.002521 -0.458424 0.216586 -0.300153 0.00
20.65 0.702506 0.002521 -0.458424 0.216586 -0.300153 0.00
20.65 0.702506 0.002521 -0.458424 0.216586 -0.300153 0.00
20.66 0.702506 0.002521 -0.458424 0.216586 -0.300153 0.00
20.66 0.702506 0.002521 -0.458424 0.216586 -0.300153 0.00
20.67 0.702506 0.002521 -0.458424 0.216587 -0.300153 0.00
20.68 0.702506 0.002521 -0.458424 0.216587 -0.300153 0.00
20.68 0.702506 0.002521 -0.458424 0.216587 -0.300153 0.00
20.69 0.702506 0.002521 -0.458423 0.216587 -0.300153 0.00
20.69 0.702506 0.002521 -0.458423 0.216587 -0.300153 0.00
20.70 0.702506 0.002521 -0.458423 0.216587 -0.300153 0.00
20.70 0.702506 0.002521 -0.458423 0.216587 -0.300153 0.00
20.70 0.702506 0.002521 -0.458423 0.216587 -0.300153 0.00
20.71 0.702506 0.002521 -0.458423 0.216587 -0.300153 0.00
20.72 0.702506 0.002521 -0.458423 0.216587 -0.300153 0.00
20.72 0.702506 0.002521 -0.458423 0.216587 -0.300153 0.00
20.73 0.702506 0.002521 -0.458423 0.216587 -0.300153 0.00
20.73 0.702506 0.002521 -0.458423 0.216587 -0.300153 0.00
20.74 0.702506 0.002521 -0.458423 0.216587 -0.300153 0.00
20.74 0.702506 0.002521 -0.458423 0.216587 -0.300153 0.00
20.74 0.702506 0.002521 -0.458423 0.216587 -0.300153 0.00
20.75 0.702506 0.002521 -0.458423 0.216587 -0.300153 0.00
20.76 0.702506 0.002521 -0.458423 0.216587 -0.300153 0.00
20.77 0.702506 0.002521 -0.458423 0.216587 -0.300153 0.00
20.77 0.702506 0.002521 -0.458423 0.216587 -0.300153 0.00
20.77 0.702506 0.002521 -0.458423 0.216587 -0.300153 0.00
20.78 0.702506 0.002521 -0.458423 0.216587 -0.300153 0.00
20.78 0.702506 0.002521 -0.458423 0.216587 -0.300153 0.00
20.79 0.702506 0.002521 -0.458423 0.216587 -0.300153 0.00
20.79 0.702506 0.002521 -0.458423 0.216587 -0.300153 0.00
20.80 0.702506 0.002521 -0.458423 0.216587 -0.300153 0.00
20.81 0.702506 0.002521 -0.458422 0.216587 -0.300153 0.00
20.81 0.702506 0.002521 -0.458422 0.216587 -0.300153 0.00
20.81 0.702506 0.002521 -0.458422 0.216587 -0.300153 0.00
20.82 0.702506 0.002521 -0.458423 0.216587 -0.300153 0.00
20.82 0.702506 0.002521 -0.458423 0.216587 -0.300153 0.00
20.83 0.702506 0.002521 -0.458424 0.216587 -0.300153 0.00
20.83 0.702506 0.002521 -0.458424 0.216587 -0.300153 0.00
20.84 0.702506 0.002521 -0.458424 0.216587 -0.300153 0.00
20.85 0.702506 0.002521 -0.458425 0.216587 -0.300153 0.00
20.85 0.702506 0.002521 -0.458425 0.216587 -0.300153 0.00
20.86 0.702506 0.002521 -0.458426 0.216586 -0.300153 0.00
20.86 0.702506 0.002521 -0.458426 0.216586 -0.300153 0.00
20.86 0.702506 0.002521 -0.458426 0.216586 -0.300153 0.00
20.87 0.702506 0.002521 -0.458426 0.216586 -0.300153 0.00
20.87 0.702506 0.002521 -0.458426 0.216586 -0.300153 0.00
20.89 0.702506 0.002521 -0.458427 0.216586 -0.300153 0.00
20.89 0.702506 0.002521 -0.458427 0.216586 -0.300153 0.00
20.89 0.702506 0.002521 -0.458427 0.216586 -0.300153 0.00
20.90 0.702506 0.002521 -0.458427 0.216586 -0.300153 0.00
20.90 0.702506 0.002521 -0.458427 0.216586 -0.300153 0.00
20.90 0.702506 0.002521 -0.458427 0.216586 -0.300153 0.00
20.91 0.702506 0.002521 -0.458428 0.216586 -0.300152 0.00
20.91 0.702506 0.002521 -0.458428 0.216586 -0.300152 0.00
20.93 0.702506 0.002521 -0.458428 0.216586 -0.300152 0.00
20.93 0.702506 0.002521 -0.458428 0.216586 -0.300152 0.00
20.93 0.702506 0.002521 -0.458428 0.216586 -0.300152 0.00
20.94 0.702506 0.002521 -0.458428 0.216586 -0.300152 0.00
20.94 0.702506 0.002521 -0.458428 0.216586 -0.300152 0.00
20.95 0.702506 0.002521 -0.458429 0.216586 -0.300152 0.00
20.95 0.702506 0.002521 -0.458429 0.216586 -0.300152 0.00
20.95 0.702506 0.002521 -0.458429 0.216586 -0.300152 0.00
20.97 0.702506 0.002521 -0.458428 0.216586 -0.300152 0.00
20.97 0.702506 0.002521 -0.458428 0.216586 -0.300152 0.00
20.97 0.702506 0.002521 -0.458428 0.216586 -0.300152 0.00
20.98 0.702506 0.002521 -0.458427 0.216586 -0.300153 0.00
20.98 0.702506 0.002521 -0.458427 0.216586 -0.300153 0.00
20.99 0.702506 0.002521 -0.458426 0.216586 -0.300153 0.00
20.99 0.702506 0.002521 -0.458426 0.216586 -0.300153 0.00
20.99 0.702506 0.002521 -0.458426 0.216586 -0.300153 0.00
21.01 0.702506 0.002521 -0.458426 0.216586 -0.300153 0.00
21.01 0.702506 0.002521 -0.458426 0.216586 -0.300153 0.00
21.02 0.702506 0.002521 -0.458425 0.216586 -0.300153 0.00
21.02 0.702506 0.002521 -0.458425 0.216586 -0.300153 0.00
21.02 0.702506 0.002521 -0.458425 0.216586 -0.300153 0.00
21.03 0.702506 0.002521 -0.458425 0.216586 -0.300153 0.00
21.03 0.702506 0.002521 -0.458425 0.216586 -0.300153 0.00
21.04 0.702506 0.002521 -0.458425 0.216586 -0.300153 0.00
21.05 0.702506 0.002521 -0.458425 0.216586 -0.300153 0.00
21.05 0.702506 0.002521 -0.458425 0.216586 -0.300153 0.00
21.06 0.702506 0.002521 -0.458424 0.216586 -0.300153 0.00