4.39 0.094126 -0.344985 -0.291586 -0.581114 6.529924 0.00
4.40 0.110186 -0.302272 3.719446 3.382309 1.817587 0.00
4.41 0.128388 -0.240370 2.929203 5.302689 -2.043520 0.00
4.42 0.114113 -0.184680 -1.176501 4.723073 -3.548555 0.00
4.43 0.079749 -0.144243 -4.357677 3.245106 -3.302943 0.00
4.44 0.044803 -0.118012 -5.173871 1.909844 -2.239218 0.00
4.45 0.012548 -0.100870 -4.737822 1.140456 -1.371387 0.00
4.46 -0.004162 -0.084291 -3.154929 1.035681 -1.002472 0.00
4.47 -0.018193 -0.063223 -2.348253 1.382408 -1.565581 0.00
4.48 -0.019045 -0.037417 -1.452251 1.661098 -2.080922 0.00
4.49 -0.018372 -0.011011 -1.306247 1.690366 -2.515808 0.00
4.50 -0.018272 0.003877 -1.482401 0.896615 -1.759669 0.00
4.51 -0.018174 0.016345 -1.190597 0.658768 -1.555241 0.00
4.52 -0.017770 0.021571 -0.989714 0.182934 -0.939711 0.00
4.53 -0.017297 0.025571 -0.653003 0.092846 -0.776166 0.00
4.54 -0.016836 0.029809 -0.483416 0.120040 -0.828286 0.00
4.55 -0.002588 0.030399 0.489285 -0.126426 -0.183168 0.00
4.56 0.000180 0.030336 0.264608 -0.074948 -0.322861 0.00
4.57 0.000198 0.026605 -0.049887 -0.316340 -0.039219 0.00
4.58 -0.000038 0.025829 -0.033328 -0.152140 -0.240940 0.00
4.59 0.013920 0.022105 0.854887 -0.347576 0.380548 0.00
4.60 0.016560 0.017745 0.604399 -0.286432 0.291634 0.00
4.61 0.016554 0.009680 0.309858 -0.517289 0.640453 0.00
4.62 0.030390 0.004545 1.325042 -0.358059 0.851725 0.00
4.63 0.033010 -0.003396 0.935585 -0.407011 0.925167 0.00
4.64 0.032906 -0.012067 0.666071 -0.455061 1.047325 0.00
4.65 0.032646 -0.017070 0.628066 -0.220667 0.804756 0.00
4.66 0.046523 -0.021297 1.476631 -0.172453 1.095238 0.00
4.67 0.048987 -0.021720 1.062138 0.170101 0.509522 0.00
4.68 0.048610 -0.021460 0.490110 0.192700 0.288186 0.00
4.69 0.047886 -0.017691 0.205904 0.363001 -0.096380 0.00
4.70 0.047383 -0.017035 -0.027957 0.136401 0.119739 0.00
4.71 0.047161 -0.017198 0.020567 0.056922 0.244683 0.00
4.72 0.047232 -0.017297 0.109585 0.062995 0.267267 0.00
4.73 0.047340 -0.017297 0.147468 0.077170 0.260671 0.00
4.74 0.047389 -0.017279 0.151255 0.081922 0.255262 0.00
4.75 0.047397 -0.017271 0.147096 0.081732 0.254035 0.00
4.76 0.047393 -0.017270 0.144596 0.080921 0.254297 0.00
4.77 0.047390 -0.017271 0.144072 0.080593 0.254581 0.00
4.78 0.047382 -0.013511 0.143881 0.314668 -0.122327 0.00
4.79 0.047256 -0.012765 -0.028986 0.120452 0.068981 0.00
4.80 0.047129 -0.012878 0.006707 0.044731 0.183901 0.00
4.81 0.047193 -0.012967 0.080650 0.047245 0.206174 0.00
4.82 0.047285 -0.012970 0.113426 0.059199 0.200939 0.00
4.83 0.047328 -0.012955 0.117041 0.063482 0.196153 0.00
4.84 0.047342 -0.016710 0.113832 -0.170691 0.571982 0.00
4.85 0.047464 -0.017455 0.284626 0.022871 0.380867 0.00
4.86 0.047588 -0.017343 0.248487 0.098318 0.266180 0.00
4.87 0.047523 -0.017254 0.174643 0.095782 0.243976 0.00
4.88 0.047432 -0.017251 0.141974 0.083857 0.249207 0.00
4.89 0.047389 -0.017266 0.138392 0.079591 0.253981 0.00
4.90 0.047383 -0.017273 0.141916 0.079667 0.255137 0.00
4.91 0.047386 -0.017273 0.144112 0.080358 0.254937 0.00
4.92 0.047389 -0.017272 0.144596 0.080650 0.254691 0.00
4.93 0.047396 -0.021033 0.144811 -0.153424 0.631606 0.00
4.94 0.047530 -0.025540 0.318010 -0.193302 0.817285 0.00
4.95 0.047782 -0.026173 0.455317 0.076675 0.511049 0.00
4.96 0.047844 -0.025971 0.345719 0.149902 0.373841 0.00
4.97 0.047681 -0.022117 0.238681 0.369537 -0.020192 0.00
4.98 0.061452 -0.021409 0.991366 0.137271 0.531918 0.00
4.99 0.063906 -0.021461 0.674174 0.163119 0.396061 0.00
5.00 0.077819 -0.021490 1.309466 0.122491 0.665569 0.00
5.01 0.080058 -0.017695 0.809208 0.431936 0.025269 0.00
5.02 0.093586 -0.016933 1.159741 0.180221 0.471304 0.00
5.03 0.095555 -0.017032 0.664548 0.165438 0.332406 0.00
5.04 0.109222 -0.013364 1.264264 0.341538 0.237655 0.00
5.05 0.111283 -0.012614 0.599308 0.221245 0.170583 0.00
5.06 0.110784 -0.012689 0.205099 0.112011 0.189439 0.00
5.07 0.124362 -0.016632 1.066195 -0.184947 0.941611 0.00
5.08 0.126978 -0.021129 0.890075 -0.123400 0.878673 0.00
5.09 0.141073 -0.021709 1.596969 0.106506 0.818355 0.00
5.10 0.157320 -0.017731 1.919106 0.456840 0.395828 0.00
5.11 0.173269 -0.009285 1.805937 0.760585 -0.181417 0.00
5.12 0.188690 -0.004083 1.486854 0.531232 -0.057220 0.00
5.13 0.204080 0.000121 1.451446 0.420417 0.017376 0.00
5.14 0.219751 0.000573 1.495766 0.168385 0.370357 0.00
5.15 0.235626 0.000384 1.678639 0.125850 0.498677 0.00
5.16 0.251588 0.000334 1.793319 0.151610 0.510964 0.00
5.17 0.267441 0.004127 1.824043 0.403835 0.127784 0.00
5.18 0.283062 0.008661 1.649665 0.448866 -0.057196 0.00
5.19 0.298522 0.009306 1.509442 0.180126 0.254680 0.00
5.20 0.300136 0.009134 0.658321 0.130296 0.047733 0.00
5.21 0.313374 0.008964 1.121414 0.041362 0.327836 0.00
5.22 0.315378 0.005153 0.606532 -0.129913 0.454598 0.00
5.23 0.329120 0.004399 1.318910 0.008842 0.520959 0.00
5.24 0.345394 0.000737 1.724159 -0.107338 0.879002 0.00
5.25 0.361699 0.003925 1.998289 0.364922 0.290745 0.00
5.26 0.377551 0.008623 1.787072 0.486734 -0.011764 0.00
5.27 0.378925 0.009391 0.602849 0.234444 -0.071905 0.00
5.28 0.391834 0.012873 1.030553 0.277779 -0.042117 0.00
5.29 0.407709 0.013421 1.370581 0.117982 0.282179 0.00
5.30 0.423906 0.013364 1.633146 0.104706 0.395216 0.00
5.31 0.425950 0.013394 0.787423 0.154809 0.052964 0.00
5.32 0.439193 0.013355 1.163186 0.064534 0.304213 0.00
5.33 0.441089 0.013313 0.603198 0.112103 0.059628 0.00
5.34 0.454649 0.013286 1.135425 0.050625 0.323260 0.00
5.35 0.456754 0.009528 0.617871 -0.119726 0.447065 0.00
5.36 0.470504 0.008782 1.321751 0.015959 0.514636 0.00
5.37 0.472739 0.005143 0.762021 -0.079929 0.522986 0.00
5.38 0.486418 0.004485 1.389158 0.052188 0.568797 0.00
5.39 0.488544 0.008370 0.795668 0.412246 -0.171290 0.00
5.40 0.501920 0.012948 1.073117 0.385692 -0.114994 0.00
5.41 0.517699 0.013561 1.343994 0.144270 0.295001 0.00
5.42 0.519812 0.013449 0.665696 0.135432 0.088732 0.00
5.43 0.533285 0.013345 1.160211 0.062790 0.356273 0.00
5.44 0.535335 0.013323 0.636021 0.126466 0.101523 0.00
5.45 0.534923 0.009582 0.205059 -0.143629 0.385582 0.00
5.46 0.534519 0.008765 0.206653 0.007579 0.196996 0.00
5.47 0.548441 0.008783 1.105594 0.045853 0.445944 0.00
5.48 0.550964 0.005165 0.689891 -0.085198 0.548165 0.00
5.49 0.550827 0.004512 0.432453 0.077420 0.257221 0.00
5.50 0.550439 0.004567 0.213043 0.106672 0.145364 0.00
5.51 0.550129 0.004585 0.106444 0.086258 0.137506 0.00
5.52 0.564019 0.000770 1.046181 -0.182336 0.875324 0.00
5.53 0.566746 -0.003673 0.872366 -0.118146 0.808756 0.00
5.54 0.566816 -0.000456 0.609232 0.365183 0.021302 0.00
5.55 0.580302 0.004183 1.107901 0.414000 0.047764 0.00
5.56 0.582275 0.008686 0.474753 0.451481 -0.283463 0.00
5.57 0.595746 0.009255 0.938622 0.122442 0.306352 0.00
5.58 0.597878 0.009061 0.554284 0.121604 0.186588 0.00
5.59 0.597660 0.009004 0.230666 0.102098 0.108060 0.00
5.60 0.597277 0.005187 0.092251 -0.159367 0.477219 0.00
5.61 0.611252 0.000607 1.198363 -0.233087 1.021046 0.00
5.62 0.614085 0.000035 0.987557 0.141489 0.461528 0.00
5.63 0.613962 0.004087 0.477400 0.428149 -0.157047 0.00
5.64 0.627229 0.008616 0.979007 0.389263 -0.010386 0.00
5.65 0.629231 0.009254 0.416566 0.190869 0.062463 0.00
5.66 0.642913 0.009068 1.089765 0.068117 0.456892 0.00
5.67 0.645218 0.009000 0.675597 0.147999 0.217206 0.00
5.68 0.644945 0.009041 0.274999 0.126203 0.114992 0.00
5.69 0.644461 0.008989 0.101183 0.086215 0.112521 0.00
5.70 0.644226 0.008925 0.067694 0.069505 0.124938 0.00
5.71 0.644177 0.005135 0.076200 -0.165782 0.506642 0.00
5.72 0.644307 0.004385 0.257722 0.030654 0.315261 0.00
5.73 0.644443 0.004500 0.224820 0.107607 0.199565 0.00
5.74 0.644383 0.004591 0.150929 0.105328 0.176965 0.00
5.75 0.644291 0.004595 0.117794 0.093300 0.182173 0.00
5.76 0.644255 0.000819 0.114332 -0.145149 0.563984 0.00
5.77 0.644375 0.000066 0.290836 0.049159 0.373852 0.00
5.78 0.644504 0.000178 0.257401 0.125593 0.258722 0.00
5.79 0.644443 0.000268 0.183949 0.123379 0.236195 0.00
5.80 0.644352 0.000272 0.151067 0.111450 0.241353 0.00
5.81 0.644309 0.000257 0.147343 0.107134 0.246147 0.00
5.82 0.644303 0.000250 0.150833 0.107190 0.247320 0.00
5.83 0.644306 0.000250 0.153032 0.107880 0.247123 0.00
5.84 0.644309 0.000251 0.153519 0.108174 0.246876 0.00
5.85 0.644309 0.000251 0.153418 0.108200 0.246800 0.00
5.86 0.644309 0.000251 0.153311 0.108169 0.246807 0.00
5.87 0.644309 0.000251 0.153279 0.108151 0.246819 0.00
5.88 0.644309 0.000251 0.153282 0.108149 0.246825 0.00
5.89 0.644309 0.000251 0.153281 0.108150 0.246822 0.00
5.90 0.644309 0.000251 0.153282 0.108150 0.246822 0.00
5.91 0.644309 0.000251 0.153280 0.108151 0.246821 0.00
5.92 0.644309 0.000251 0.153284 0.108150 0.246823 0.00
5.93 0.644309 0.000251 0.153282 0.108151 0.246822 0.00
5.94 0.644309 0.000251 0.153279 0.108151 0.246821 0.00
5.95 0.644309 0.000251 0.153283 0.108150 0.246823 0.00
5.96 0.644309 0.000251 0.153281 0.108151 0.246822 0.00
5.97 0.644309 0.000251 0.153278 0.108151 0.246821 0.00
5.98 0.644309 0.000251 0.153282 0.108150 0.246823 0.00
5.99 0.644309 0.000251 0.153280 0.108151 0.246821 0.00
6.00 0.644309 0.000251 0.153281 0.108150 0.246822 0.00
6.01 0.644309 0.000251 0.153282 0.108150 0.246822 0.00
6.02 0.644309 0.000251 0.153279 0.108151 0.246821 0.00
6.03 0.644309 0.000251 0.153283 0.108150 0.246823 0.00
6.04 0.644302 0.004012 0.152965 0.342251 -0.130167 0.00
6.05 0.644176 0.004758 -0.020033 0.147997 0.061146 0.00
6.06 0.644049 0.004645 0.015625 0.072256 0.176082 0.00
6.07 0.644113 0.004556 0.089570 0.074767 0.198360 0.00
6.08 0.644205 0.004553 0.122352 0.086723 0.193126 0.00
6.09 0.644248 0.004568 0.125966 0.091007 0.188338 0.00
6.10 0.644254 0.004575 0.122440 0.090934 0.187177 0.00
6.11 0.644251 0.004575 0.120241 0.090241 0.187377 0.00
6.12 0.644248 0.004574 0.119755 0.089948 0.187624 0.00
6.13 0.644248 0.004574 0.119851 0.089923 0.187697 0.00
6.14 0.644248 0.004574 0.119965 0.089954 0.187694 0.00
6.15 0.644248 0.004574 0.120000 0.089971 0.187681 0.00
6.16 0.644248 0.004574 0.119998 0.089974 0.187676 0.00
6.17 0.644248 0.004574 0.119994 0.089973 0.187676 0.00
6.18 0.644248 0.004574 0.119989 0.089972 0.187676 0.00
6.19 0.644248 0.004574 0.119989 0.089972 0.187676 0.00
6.20 0.644248 0.004574 0.119988 0.089972 0.187676 0.00
6.21 0.644241 0.008335 0.119671 0.324072 -0.189314 0.00
6.22 0.644114 0.009080 -0.053321 0.129818 0.002002 0.00
6.23 0.643988 0.008968 -0.017667 0.054078 0.116936 0.00
6.24 0.644052 0.008879 0.056284 0.056588 0.139216 0.00
6.25 0.644144 0.008876 0.089066 0.068545 0.133981 0.00
6.26 0.644186 0.008890 0.092682 0.072829 0.129194 0.00
6.27 0.644186 0.012658 0.088847 0.306856 -0.248954 0.00
6.28 0.644056 0.013404 -0.086354 0.111910 -0.057442 0.00
6.29 0.643928 0.013291 -0.051187 0.035876 0.057739 0.00
6.30 0.643991 0.013201 0.022859 0.038360 0.080092 0.00
6.31 0.644083 0.013198 0.055751 0.050348 0.074852 0.00
6.32 0.644118 0.016974 0.059085 0.288750 -0.306936 0.00
6.33 0.643999 0.017726 -0.117435 0.094425 -0.116787 0.00
6.34 0.643869 0.017614 -0.083987 0.017992 -0.001653 0.00
6.35 0.643930 0.017524 -0.010526 0.020208 0.020873 0.00
6.36 0.644015 0.021282 0.022040 0.266238 -0.361276 0.00
6.37 0.643931 0.022042 -0.147224 0.076300 -0.174752 0.00
6.38 0.643804 0.025698 -0.115373 0.234605 -0.437979 0.00
6.39 0.643738 0.026354 -0.216632 0.042172 -0.224195 0.00
6.40 0.643694 0.029999 -0.149007 0.212193 -0.491238 0.00
6.41 0.643674 0.030669 -0.244338 0.024706 -0.282355 0.00
6.42 0.629615 0.030586 -1.141391 -0.017347 -0.524595 0.00
6.43 0.627082 0.034191 -0.713558 0.117074 -0.627168 0.00
6.44 0.627230 0.034847 -0.451328 -0.043456 -0.337501 0.00
6.45 0.613593 0.034820 -1.193580 -0.050463 -0.576962 0.00
6.46 0.597244 0.034746 -1.696761 -0.114155 -0.663197 0.00
6.47 0.580917 0.030864 -1.876902 -0.397528 -0.285740 0.00
6.48 0.579117 0.026246 -0.767390 -0.475914 0.257606 0.00
6.49 0.566239 0.025662 -0.973196 -0.101828 -0.307862 0.00
6.50 0.550417 0.025949 -1.483816 -0.050605 -0.556277 0.00
6.51 0.534075 0.025993 -1.774616 -0.109935 -0.581095 0.00
6.52 0.517986 0.025910 -1.851062 -0.146840 -0.563809 0.00
6.53 0.502170 0.022091 -1.846673 -0.389266 -0.181855 0.00
6.54 0.486582 0.021327 -1.662923 -0.194655 -0.378269 0.00
6.55 0.471009 0.021436 -1.696746 -0.119298 -0.500465 0.00
6.56 0.455237 0.021522 -1.773974 -0.123878 -0.529425 0.00
6.57 0.439432 0.021520 -1.811073 -0.138551 -0.530311 0.00
6.58 0.423681 0.017738 -1.818425 -0.379690 -0.154501 0.00
6.59 0.408085 0.016979 -1.645695 -0.188040 -0.350636 0.00
6.60 0.392500 0.017085 -1.682864 -0.114246 -0.471781 0.00
6.61 0.362693 0.017195 -2.722124 -0.097323 -0.851102 0.00
6.62 0.344250 0.020871 -2.406307 0.016413 -0.972217 0.00
6.63 0.314522 0.017767 -3.142075 -0.374992 -0.651410 0.00
6.64 0.282642 0.005601 -3.359394 -1.001991 0.305185 0.00
6.65 0.265307 -0.004249 -2.007716 -0.876635 0.734034 0.00
6.66 0.236950 -0.009074 -2.194046 -0.399239 0.099408 0.00
6.67 0.219457 -0.005518 -1.784916 0.116246 -0.527093 0.00
6.68 0.189743 -0.004459 -2.781511 0.011964 -0.745999 0.00
6.69 0.171421 -0.004535 -2.380526 -0.169901 -0.380135 0.00
6.70 0.155989 -0.008464 -1.906601 -0.387249 0.123328 0.00
6.71 0.126952 -0.012912 -2.484115 -0.354494 -0.049708 0.00
6.72 0.109147 -0.013554 -1.957223 -0.170542 -0.123211 0.00
6.73 0.079709 -0.013388 -2.637582 -0.054550 -0.519027 0.00
6.74 0.061684 -0.013333 -2.223719 -0.136970 -0.284271 0.00
6.75 0.046251 -0.017142 -1.824425 -0.351235 0.188707 0.00
6.76 0.031150 -0.017840 -1.480895 -0.119350 -0.006397 0.00
6.77 0.001766 -0.017645 -2.448977 -0.007742 -0.490614 0.00
6.78 -0.016586 -0.017615 -2.182207 -0.117533 -0.266884 0.00
6.79 -0.032219 -0.017706 -1.820831 -0.112194 -0.163084 0.00
6.80 -0.047503 -0.017684 -1.648277 -0.076936 -0.162658 0.00
6.81 -0.062985 -0.017632 -1.612444 -0.061571 -0.180757 0.00
6.82 -0.064607 -0.017634 -0.659854 -0.083848 0.158794 0.00
6.83 -0.077701 -0.013790 -1.024930 0.251476 -0.481152 0.00
6.84 -0.093736 -0.009199 -1.611404 0.265314 -0.776633 0.00
6.85 -0.096158 -0.008645 -0.973247 -0.072764 -0.126180 0.00
6.86 -0.109550 -0.008838 -1.255909 -0.060938 -0.238123 0.00
6.87 -0.125347 -0.008874 -1.550908 -0.072544 -0.326610 0.00
6.88 -0.141404 -0.008919 -1.691970 -0.100022 -0.343647 0.00
6.89 -0.143273 -0.008994 -0.766761 -0.137098 0.007901 0.00
6.90 -0.156410 -0.008939 -1.120630 -0.035828 -0.251130 0.00
6.91 -0.158282 -0.005121 -0.563213 0.152963 -0.387535 0.00
6.92 -0.171976 -0.000583 -1.273337 0.253470 -0.837314 0.00
6.93 -0.174332 0.000046 -0.894642 -0.080993 -0.277507 0.00
6.94 -0.188020 -0.000156 -1.316096 -0.095850 -0.398956 0.00
6.95 -0.203990 -0.003994 -1.646555 -0.356163 -0.101954 0.00
6.96 -0.219975 -0.004808 -1.612392 -0.191803 -0.305972 0.00
6.97 -0.221726 -0.001015 -0.717054 0.082218 -0.445950 0.00
6.98 -0.235048 -0.000125 -1.315388 -0.012309 -0.536447 0.00
6.99 -0.251158 -0.000151 -1.716597 -0.123287 -0.526747 0.00
7.00 -0.253296 -0.000330 -0.868479 -0.191997 -0.156320 0.00
7.01 -0.266529 -0.004091 -1.224324 -0.328883 -0.032830 0.00
7.02 -0.282310 -0.004766 -1.447631 -0.155831 -0.334652 0.00
7.03 -0.284343 -0.000966 -0.702164 0.088672 -0.484181 0.00
7.04 -0.297855 -0.000119 -1.341126 -0.022488 -0.565019 0.00
7.05 -0.299994 -0.000197 -0.778604 -0.158171 -0.199661 0.00
7.06 -0.313536 -0.000275 -1.238816 -0.098003 -0.436272 0.00
7.07 -0.329571 -0.004024 -1.645646 -0.361759 -0.161098 0.00
7.08 -0.331620 -0.004861 -0.682770 -0.231456 -0.008839 0.00
7.09 -0.344816 -0.000976 -1.105810 0.165829 -0.751481 0.00
7.10 -0.346921 -0.000107 -0.792143 -0.078293 -0.337822 0.00
7.11 -0.360701 -0.000190 -1.320076 -0.104028 -0.481459 0.00
7.12 -0.376800 -0.004033 -1.693127 -0.381666 -0.175122 0.00
7.13 -0.392834 -0.008630 -1.661589 -0.456675 0.004294 0.00
7.14 -0.394459 -0.009352 -0.587621 -0.222055 0.051270 0.00
7.15 -0.407522 -0.009095 -1.045708 -0.045591 -0.345857 0.00
7.16 -0.409536 -0.008943 -0.593907 -0.104741 -0.122935 0.00
7.17 -0.423237 -0.005161 -1.167843 0.173768 -0.754142 0.00
7.18 -0.425515 -0.004441 -0.825182 -0.089262 -0.303288 0.00
7.19 -0.439271 -0.004561 -1.314922 -0.105905 -0.446021 0.00
7.20 -0.455327 -0.008396 -1.675463 -0.377192 -0.144220 0.00
7.21 -0.457321 -0.009249 -0.682438 -0.238565 0.007001 0.00
7.22 -0.470472 -0.009115 -1.098298 -0.071003 -0.362411 0.00
7.23 -0.472442 -0.008986 -0.613208 -0.120334 -0.141400 0.00
7.24 -0.472066 -0.008980 -0.216499 -0.092538 -0.049213 0.00
7.25 -0.471584 -0.005155 -0.055382 0.179269 -0.424915 0.00
7.26 -0.485520 -0.004322 -1.162144 0.021509 -0.595792 0.00
7.27 -0.488233 -0.000729 -0.782830 0.074700 -0.605227 0.00
7.28 -0.488115 -0.003924 -0.483173 -0.331151 0.090036 0.00
7.29 -0.501581 -0.004716 -1.023629 -0.136625 -0.340740 0.00
7.30 -0.503738 -0.004696 -0.592867 -0.141923 -0.194717 0.00
7.31 -0.517496 -0.004639 -1.201142 -0.087205 -0.474670 0.00
7.32 -0.519701 -0.004653 -0.705869 -0.160206 -0.216346 0.00
7.33 -0.519320 -0.008451 -0.273501 -0.359933 0.256259 0.00
7.34 -0.532698 -0.009103 -0.886877 -0.100037 -0.288195 0.00
7.35 -0.534969 -0.005242 -0.540715 0.120374 -0.536783 0.00
7.36 -0.534928 -0.004471 -0.391598 -0.053823 -0.267675 0.00
7.37 -0.534672 -0.004532 -0.215001 -0.100583 -0.146294 0.00
7.38 -0.534417 -0.004572 -0.111190 -0.085421 -0.131959 0.00
7.39 -0.534276 -0.004552 -0.083120 -0.072220 -0.140749 0.00
7.40 -0.534241 -0.000772 -0.086150 0.164652 -0.522629 0.00
7.41 -0.548399 0.000004 -1.226994 -0.008827 -0.682723 0.00
7.42 -0.551168 0.003569 -0.841246 0.042839 -0.687593 0.00
7.43 -0.551047 0.000370 -0.533769 -0.361125 0.007771 0.00
7.44 -0.564498 -0.004182 -1.071224 -0.399564 -0.046689 0.00
7.45 -0.566518 -0.008666 -0.467019 -0.444469 0.284704 0.00
7.46 -0.580017 -0.013003 -0.937947 -0.353914 0.075458 0.00
7.47 -0.582033 -0.013560 -0.379420 -0.159491 0.005290 0.00
7.48 -0.581688 -0.013393 -0.089769 -0.063861 -0.031055 0.00
7.49 -0.595398 -0.009461 -0.986791 0.217132 -0.773438 0.00
7.50 -0.598055 -0.008746 -0.810523 -0.082716 -0.327608 0.00
7.51 -0.597997 -0.008945 -0.376699 -0.139406 -0.106853 0.00
7.52 -0.597452 -0.012753 -0.122505 -0.329002 0.294340 0.00
7.53 -0.596993 -0.013436 0.119342 -0.104845 0.084540 0.00
7.54 -0.596766 -0.013279 0.079340 -0.023361 -0.040214 0.00
7.55 -0.596827 -0.013177 -0.006911 -0.028172 -0.063617 0.00
7.56 -0.596932 -0.013176 -0.044772 -0.042090 -0.057387 0.00
7.57 -0.596988 -0.009433 -0.049262 0.187185 -0.429003 0.00
7.58 -0.597121 -0.008695 -0.218268 -0.006949 -0.236424 0.00
7.59 -0.597237 -0.012569 -0.179818 -0.315997 0.255259 0.00
7.60 -0.597044 -0.013403 0.067662 -0.118904 0.085943 0.00
7.61 -0.596825 -0.013293 0.064669 -0.031180 -0.034311 0.00
7.62 -0.596846 -0.013189 -0.005786 -0.029442 -0.061370 0.00
7.63 -0.596932 -0.013179 -0.042130 -0.041491 -0.057282 0.00
7.64 -0.596978 -0.013193 -0.047947 -0.046471 -0.052290 0.00
7.65 -0.596987 -0.013201 -0.044903 -0.046689 -0.050883 0.00
7.66 -0.596984 -0.013202 -0.042594 -0.046022 -0.051006 0.00
7.67 -0.596982 -0.013201 -0.041994 -0.045697 -0.051257 0.00
7.68 -0.596974 -0.016962 -0.041743 -0.279753 0.325644 0.00
7.69 -0.596847 -0.017707 0.131135 -0.085528 0.134328 0.00
7.70 -0.596714 -0.021356 0.095762 -0.243907 0.396397 0.00
7.71 -0.596652 -0.022012 0.194809 -0.052166 0.182809 0.00
7.72 -0.596618 -0.021897 0.126371 0.011618 0.073107 0.00
7.73 -0.596717 -0.025583 0.049129 -0.229276 0.432606 0.00
7.74 -0.596689 -0.026332 0.192869 -0.046904 0.247687 0.00
7.75 -0.596595 -0.029996 0.156115 -0.208856 0.514329 0.00
7.76 -0.582506 -0.030684 1.221251 -0.038518 0.652424 0.00
7.77 -0.579831 -0.034247 0.802485 -0.102318 0.662704 0.00
7.78 -0.565963 -0.031089 1.453593 0.275601 0.322932 0.00
7.79 -0.563913 -0.030197 0.680138 0.207615 0.148015 0.00
7.80 -0.550541 -0.026474 1.159528 0.297775 0.128107 0.00
7.81 -0.534580 -0.025840 1.466647 0.133688 0.446036 0.00
7.82 -0.518403 -0.029654 1.709574 -0.121734 0.940249 0.00
7.83 -0.502224 -0.030404 1.995429 0.098066 0.760194 0.00
7.84 -0.486238 -0.026492 1.983864 0.423371 0.263387 0.00
7.85 -0.470693 -0.018110 1.733013 0.698836 -0.319996 0.00
7.86 -0.455468 -0.009196 1.386340 0.691920 -0.565311 0.00
7.87 -0.440245 -0.008030 1.183598 0.151860 0.080855 0.00
7.88 -0.424572 -0.008439 1.442822 0.019880 0.357492 0.00
7.89 -0.408493 -0.012365 1.666437 -0.177617 0.769628 0.00
7.90 -0.392373 -0.013073 1.913057 0.052028 0.562855 0.00
7.91 -0.376437 -0.012910 1.879041 0.138176 0.442155 0.00
7.92 -0.360782 -0.012801 1.796772 0.136447 0.424221 0.00
7.93 -0.345179 -0.009031 1.762096 0.359212 0.059468 0.00
7.94 -0.315608 -0.008323 2.550642 0.140929 0.613008 0.00
7.95 -0.297405 -0.004593 2.240958 0.407829 0.101525 0.00
7.96 -0.281928 -0.003839 1.741690 0.197386 0.216394 0.00
7.97 -0.266733 -0.000231 1.631439 0.327278 -0.046050 0.00
7.98 -0.251280 0.000379 1.503533 0.124324 0.182252 0.00
7.99 -0.235653 0.000246 1.580360 0.061702 0.301846 0.00
8.00 -0.219831 0.000173 1.668331 0.072716 0.325487 0.00
8.01 -0.204010 0.000184 1.703727 0.088224 0.324548 0.00
8.02 -0.188253 0.000207 1.709041 0.094675 0.325715 0.00
8.03 -0.172527 -0.003542 1.708832 -0.137197 0.707779 0.00
8.04 -0.156690 -0.004281 1.883334 0.058926 0.522784 0.00
8.05 -0.140852 -0.004163 1.851027 0.137026 0.414128 0.00
8.06 -0.125208 -0.000307 1.780649 0.371246 0.020946 0.00
8.07 -0.095688 0.004183 2.540492 0.380038 0.197292 0.00
8.08 -0.077638 0.004890 2.050550 0.214214 0.257595 0.00
8.09 -0.062171 0.004780 1.760952 0.121566 0.297477 0.00
8.10 -0.046779 0.004648 1.690955 0.095965 0.319450 0.00
8.11 -0.031170 0.004600 1.695480 0.096975 0.328763 0.00
8.12 -0.015465 0.004597 1.707515 0.102482 0.333790 0.00
8.13 0.000257 0.004605 1.714324 0.106618 0.338768 0.00
8.14 0.015976 0.004614 1.718226 0.109536 0.344432 0.00
8.15 0.031691 0.004620 1.721635 0.112097 0.350437 0.00
8.16 0.033375 0.004652 0.763146 0.136438 0.005726 0.00
8.17 0.046467 0.000815 1.119938 -0.200841 0.645495 0.00
8.18 0.062487 -0.000018 1.703144 0.018183 0.564711 0.00
8.19 0.078810 0.000146 1.853895 0.139960 0.456687 0.00
8.20 0.094697 0.004070 1.819469 0.392349 0.049877 0.00
8.21 0.110253 0.004855 1.609126 0.190144 0.247417 0.00
8.22 0.125795 0.004739 1.635990 0.110463 0.373242 0.00
8.23 0.141557 0.004647 1.714312 0.114401 0.403516 0.00
8.24 0.157364 0.004648 1.752980 0.129442 0.404444 0.00
8.25 0.159092 0.004694 0.799114 0.158505 0.054683 0.00
8.26 0.172185 0.004625 1.152146 0.055365 0.316167 0.00
8.27 0.188076 0.004539 1.560045 0.079429 0.426877 0.00
8.28 0.190238 0.004615 0.783830 0.146923 0.083270 0.00
8.29 0.203573 0.000845 1.176824 -0.172210 0.709537 0.00
8.30 0.219653 0.000043 1.751828 0.048212 0.623718 0.00
8.31 0.235972 0.000212 1.893699 0.167709 0.515767 0.00
8.32 0.251842 0.007895 1.856070 0.652917 -0.267220 0.00
8.33 0.267261 0.013185 1.472355 0.490312 -0.255015 0.00
8.34 0.282550 0.013701 1.362245 0.140712 0.177087 0.00
8.35 0.284219 0.013433 0.588255 0.093260 -0.006239 0.00
8.36 0.297552 0.013259 1.086423 0.016987 0.268450 0.00
8.37 0.313632 0.009438 1.537790 -0.171452 0.740934 0.00
8.38 0.315980 0.008798 0.931729 0.094837 0.198537 0.00
8.39 0.329428 0.012670 1.280319 0.318205 -0.044968 0.00
8.40 0.331151 0.013474 0.469972 0.168051 -0.120505 0.00
8.41 0.344499 0.009575 1.003110 -0.216155 0.640790 0.00
8.42 0.346743 0.008729 0.728092 0.039780 0.223615 0.00
8.43 0.360577 0.008829 1.259721 0.068973 0.363539 0.00
8.44 0.362661 0.008943 0.667301 0.133947 0.082556 0.00
8.45 0.376195 0.008952 1.159595 0.062599 0.345775 0.00
8.46 0.378248 0.008947 0.628930 0.119825 0.097282 0.00
8.47 0.377831 0.005201 0.198408 -0.152363 0.384369 0.00
8.48 0.377429 0.004381 0.201828 -0.001032 0.196261 0.00
8.49 0.377322 0.004424 0.139504 0.059345 0.094257 0.00
8.50 0.377217 0.000724 0.076624 -0.177394 0.453086 0.00
8.51 0.391289 -0.000047 1.187621 -0.014422 0.617395 0.00
8.52 0.394020 -0.003625 0.798378 -0.070095 0.626688 0.00
8.53 0.393893 -0.000432 0.494082 0.333867 -0.067536 0.00
8.54 0.407354 0.000358 1.033894 0.138830 0.363754 0.00
8.55 0.409502 0.004097 0.603162 0.378262 -0.159175 0.00
8.56 0.409104 0.004812 0.076591 0.151147 -0.038721 0.00
8.57 0.422584 0.004606 0.931842 0.020869 0.425370 0.00
8.58 0.425082 0.004543 0.627423 0.116937 0.199794 0.00
8.59 0.424950 0.004610 0.260686 0.106284 0.093310 0.00
8.60 0.424515 0.004577 0.088359 0.068960 0.087476 0.00
8.61 0.424293 0.000757 0.051155 -0.182442 0.476273 0.00
8.62 0.424359 -0.000017 0.230278 0.009918 0.289950 0.00
8.63 0.424487 0.000090 0.202778 0.087601 0.175163 0.00
8.64 0.424432 0.000181 0.131700 0.086298 0.152174 0.00
8.65 0.424351 -0.003575 0.099388 -0.159494 0.534066 0.00
8.66 0.424435 -0.004335 0.268442 0.030418 0.347501 0.00
8.67 0.424554 -0.004229 0.236154 0.106168 0.233761 0.00
8.68 0.424494 -0.004141 0.164387 0.104332 0.211303 0.00
8.69 0.424411 -0.007898 0.132417 -0.141431 0.593283 0.00
8.70 0.438527 -0.008683 1.263783 0.026795 0.757455 0.00
8.71 0.441276 -0.008495 0.878789 0.208377 0.386946 0.00
8.72 0.441029 -0.004552 0.400238 0.418511 -0.117015 0.00
8.73 0.440325 -0.000087 0.011973 0.403294 -0.298589 0.00
8.74 0.453818 0.000439 0.796902 0.089111 0.376708 0.00
8.75 0.456320 0.000282 0.565467 0.120355 0.263376 0.00
8.76 0.456304 0.000277 0.276815 0.115660 0.175641 0.00
8.77 0.455969 0.000246 0.133925 0.090078 0.163671 0.00
8.78 0.455786 -0.003558 0.098197 -0.157699 0.547857 0.00
8.79 0.455857 -0.004326 0.273289 0.034315 0.360587 0.00
8.80 0.455981 -0.004219 0.243658 0.111279 0.246065 0.00
8.81 0.455923 -0.004129 0.172197 0.109711 0.223320 0.00
8.82 0.455834 -0.004125 0.139701 0.098009 0.228286 0.00
8.83 0.455792 -0.004139 0.135871 0.093702 0.233027 0.00
8.84 0.455786 -0.004146 0.139267 0.093728 0.234208 0.00
8.85 0.455796 -0.007907 0.141763 -0.139696 0.611015 0.00
8.86 0.455925 -0.008652 0.315251 0.054850 0.419457 0.00
8.87 0.456052 -0.008539 0.279504 0.130618 0.304448 0.00
8.88 0.455981 -0.004688 0.205128 0.362178 -0.094818 0.00
8.89 0.455762 -0.003940 -0.000686 0.155950 0.101743 0.00
8.90 0.455594 -0.004067 0.031352 0.075922 0.221469 0.00
8.91 0.455651 -0.004163 0.108828 0.078506 0.244909 0.00
8.92 0.455753 -0.007928 0.144131 -0.142944 0.616464 0.00
8.93 0.469956 -0.008683 1.283305 0.034115 0.770890 0.00
8.94 0.472712 -0.004720 0.890956 0.449707 0.020993 0.00
8.95 0.472332 -0.000031 0.234928 0.464188 -0.291264 0.00
8.96 0.471496 0.004320 -0.118692 0.372631 -0.357403 0.00
8.97 0.485059 0.000995 0.740691 -0.173198 0.717314 0.00
8.98 0.487779 0.000089 0.715264 0.064319 0.407427 0.00
8.99 0.487925 0.003973 0.394332 0.373784 -0.177043 0.00
9.00 0.487399 0.008545 0.000663 0.385471 -0.398136 0.00
9.01 0.486862 0.009138 -0.207717 0.089150 -0.079257 0.00
9.02 0.486706 0.005137 -0.099812 -0.224999 0.444023 0.00
9.03 0.486978 0.004287 0.189557 -0.015009 0.271401 0.00
9.04 0.487248 0.004411 0.195099 0.078638 0.145774 0.00
9.05 0.487239 0.004524 0.122055 0.080903 0.117022 0.00
9.07 0.487152 0.004535 0.083236 0.068188 0.121170 0.00
9.08 0.487103 0.004520 0.076684 0.062839 0.126426 0.00
9.09 0.487093 0.004512 0.079758 0.062558 0.127936 0.00
9.10 0.487089 0.008272 0.081863 0.297352 -0.249173 0.00
9.11 0.486965 0.009018 -0.090485 0.103442 -0.058121 0.00
9.12 0.486840 0.008907 -0.054890 0.027751 0.056721 0.00
9.13 0.486904 0.008817 0.018937 0.030232 0.078997 0.00
9.14 0.486996 0.008814 0.051677 0.042169 0.073776 0.00
9.15 0.487031 0.012590 0.054975 0.280549 -0.307995 0.00
9.16 0.486911 0.013342 -0.121542 0.086223 -0.117841 0.00
9.17 0.486782 0.013231 -0.088089 0.009791 -0.002709 0.00
9.18 0.486836 0.016902 -0.014947 0.246108 -0.357174 0.00
9.19 0.486801 0.017643 -0.155061 0.063784 -0.171019 0.00
9.20 0.486717 0.017546 -0.115675 -0.007640 -0.060875 0.00
9.21 0.486781 0.021224 -0.045534 0.228914 -0.416759 0.00
9.22 0.486736 0.025729 -0.188266 0.280027 -0.607474 0.00
9.23 0.472492 0.026401 -1.284556 0.035795 -0.656539 0.00
9.24 0.469806 0.026123 -0.825632 -0.143333 -0.263675 0.00
9.25 0.456114 0.022203 -1.276302 -0.319725 -0.115715 0.00
9.26 0.454224 0.021431 -0.531944 -0.171909 -0.059185 0.00
9.27 0.454814 0.025300 -0.125172 0.182411 -0.466041 0.00
9.28 0.441137 0.026244 -1.165453 0.051447 -0.652882 0.00
9.29 0.438522 0.026124 -0.785296 -0.127151 -0.289017 0.00
9.30 0.424738 0.025980 -1.282166 -0.085254 -0.512118 0.00
9.31 0.422667 0.025935 -0.719205 -0.138164 -0.258066 0.00
9.32 0.409087 0.029707 -1.235598 0.161817 -0.899044 0.00
9.33 0.392847 0.030478 -1.846455 -0.071637 -0.807024 0.00
9.34 0.376476 0.030288 -1.988405 -0.193976 -0.694971 0.00
9.35 0.360601 0.022600 -1.945685 -0.678341 0.088642 0.00
9.36 0.331163 0.013575 -2.521361 -0.727214 0.102279 0.00
9.37 0.313381 0.008471 -1.884826 -0.522994 0.112336 0.00
9.38 0.284082 0.008065 -2.491361 -0.139878 -0.607684 0.00
9.39 0.266041 0.004560 -2.210769 -0.392718 -0.128214 0.00
9.40 0.250539 0.003848 -1.746570 -0.196186 -0.236600 0.00
9.41 0.235307 0.000229 -1.644310 -0.332892 0.032543 0.00
9.42 0.219838 0.003370 -1.514194 0.103442 -0.570811 0.00
9.43 0.204086 0.004247 -1.761602 -0.027518 -0.499171 0.00
9.44 0.174117 0.000473 -2.774996 -0.326221 -0.381958 0.00
9.45 0.155858 -0.000455 -2.210758 -0.250703 -0.293427 0.00
9.46 0.140498 -0.000461 -1.812620 -0.147355 -0.310262 0.00
9.47 0.125239 -0.000324 -1.699810 -0.104435 -0.341495 0.00
9.48 0.095662 -0.003990 -2.663291 -0.312506 -0.331081 0.00
9.49 0.077460 -0.004805 -2.155007 -0.230019 -0.271978 0.00
9.50 0.062038 -0.004794 -1.793957 -0.137291 -0.287000 0.00
9.51 0.046734 -0.004669 -1.689684 -0.099697 -0.313707 0.00
9.52 0.031162 -0.000845 -1.689912 0.138031 -0.704938 0.00
9.53 0.015338 -0.000090 -1.878260 -0.061660 -0.519941 0.00
9.54 -0.014545 -0.000184 -2.813751 -0.120446 -0.760596 0.00
9.55 -0.032824 -0.004126 -2.391178 -0.461062 -0.110004 0.00
9.56 -0.062167 -0.008711 -2.744030 -0.447645 -0.181756 0.00
9.57 -0.079728 -0.013133 -2.070816 -0.472407 0.135763 0.00
9.58 -0.108849 -0.017438 -2.533840 -0.379634 -0.082819 0.00
9.59 -0.126559 -0.017990 -1.982072 -0.188470 -0.159339 0.00
9.60 -0.141930 -0.017828 -1.698666 -0.096419 -0.201272 0.00
9.61 -0.157320 -0.017690 -1.637658 -0.074283 -0.221634 0.00
9.62 -0.172936 -0.017645 -1.644825 -0.076744 -0.229810 0.00
9.63 -0.188645 -0.017644 -1.656754 -0.082430 -0.234528 0.00
9.64 -0.204375 -0.013892 -1.663496 0.147648 -0.616515 0.00
9.65 -0.220219 -0.013155 -1.840258 -0.049453 -0.430916 0.00
9.66 -0.236060 -0.013274 -1.808013 -0.127740 -0.322008 0.00
9.67 -0.251711 -0.013369 -1.737674 -0.127803 -0.305794 0.00
9.68 -0.267334 -0.013378 -1.708625 -0.118470 -0.317068 0.00
9.69 -0.268975 -0.013395 -0.746686 -0.138598 0.022897 0.00
9.70 -0.282054 -0.013312 -1.106710 -0.035514 -0.241020 0.00
9.71 -0.297958 -0.009463 -1.519423 0.173124 -0.728335 0.00
9.72 -0.314290 -0.005009 -1.879618 0.166644 -0.920676 0.00
9.73 -0.330502 -0.004450 -2.056691 -0.124174 -0.606811 0.00
9.74 -0.346324 -0.012211 -1.941780 -0.669578 0.283385 0.00
9.75 -0.361619 -0.017566 -1.483540 -0.501029 0.288672 0.00
9.76 -0.390835 -0.021815 -2.308069 -0.352734 -0.123158 0.00
9.77 -0.409002 -0.022334 -1.969459 -0.191741 -0.229533 0.00
9.78 -0.424649 -0.025979 -1.747688 -0.357873 0.118211 0.00
9.79 -0.440003 -0.026622 -1.512589 -0.146949 -0.085218 0.00
9.80 -0.441468 -0.026501 -0.583562 -0.093892 0.143728 0.00
9.81 -0.454601 -0.026328 -1.017761 0.005307 -0.140715 0.00
9.82 -0.456565 -0.022503 -0.501032 0.180020 -0.271687 0.00
9.83 -0.470310 -0.017982 -1.217473 0.275122 -0.716024 0.00
9.84 -0.472676 -0.017361 -0.835405 -0.059488 -0.154784 0.00
9.85 -0.486361 -0.017564 -1.254369 -0.073594 -0.276408 0.00
9.86 -0.488304 -0.017666 -0.622443 -0.121229 -0.005899 0.00
9.87 -0.501786 -0.017652 -1.114115 -0.045282 -0.275435 0.00
9.88 -0.503842 -0.013877 -0.589706 0.130836 -0.404985 0.00
9.89 -0.503550 -0.013148 -0.334718 -0.026370 -0.123307 0.00
9.90 -0.517182 -0.013161 -1.091987 -0.037757 -0.362011 0.00
9.91 -0.519515 -0.013264 -0.638393 -0.125680 -0.095846 0.00
9.92 -0.519203 -0.009571 -0.210068 0.142689 -0.377700 0.00
9.93 -0.518813 -0.008763 -0.205455 -0.006310 -0.189912 0.00
9.94 -0.532737 -0.005018 -1.102097 0.190738 -0.816658 0.00
9.95 -0.535376 -0.004414 -0.858813 -0.106307 -0.350862 0.00
9.96 -0.535238 -0.004619 -0.392944 -0.150458 -0.136316 0.00
9.97 -0.548684 -0.008386 -1.097121 -0.313840 -0.090868 0.00
9.98 -0.550849 -0.009145 -0.505945 -0.195540 -0.045080 0.00
9.99 -0.564477 -0.009054 -1.103719 -0.070847 -0.415887 0.00
10.00 -0.566688 -0.008991 -0.655016 -0.138351 -0.181407 0.00
10.01 -0.566372 -0.009016 -0.250224 -0.112001 -0.084158 0.00
10.02 -0.565880 -0.008957 -0.079932 -0.072032 -0.082928 0.00
10.03 -0.565655 -0.005132 -0.049039 0.178071 -0.472140 0.00
10.04 -0.579766 -0.000572 -1.193138 0.240568 -1.013049 0.00
10.05 -0.582653 -0.000017 -0.986160 -0.137436 -0.449919 0.00
10.06 -0.596563 -0.007811 -1.434183 -0.636144 0.195765 0.00
10.07 -0.598299 -0.013194 -0.445752 -0.529886 0.465108 0.00
10.08 -0.611387 -0.017465 -0.826530 -0.339873 0.151082 0.00
10.09 -0.613302 -0.017904 -0.309727 -0.131660 0.046895 0.00
10.10 -0.627033 -0.017684 -1.019032 -0.023322 -0.340572 0.00
10.11 -0.629378 -0.017630 -0.611469 -0.109662 -0.094182 0.00
10.12 -0.629115 -0.017680 -0.207622 -0.088327 0.009855 0.00
10.13 -0.628627 -0.017629 -0.031263 -0.047592 0.012179 0.00
10.14 -0.628389 -0.017565 0.002877 -0.030504 -0.000543 0.00
10.15 -0.628339 -0.013774 -0.005719 0.204833 -0.382353 0.00
10.16 -0.628470 -0.013024 -0.187380 0.008364 -0.190974 0.00
10.17 -0.628606 -0.013139 -0.154520 -0.068611 -0.075261 0.00
10.18 -0.628545 -0.013230 -0.080629 -0.066337 -0.052656 0.00
10.19 -0.628454 -0.013234 -0.047487 -0.054307 -0.057863 0.00
10.20 -0.628411 -0.013219 -0.043712 -0.049956 -0.062688 0.00
10.21 -0.628404 -0.013212 -0.047218 -0.050011 -0.063869 0.00
10.22 -0.628408 -0.013211 -0.049433 -0.050705 -0.063672 0.00
10.23 -0.628410 -0.013212 -0.049929 -0.051001 -0.063425 0.00
10.24 -0.628411 -0.013213 -0.049829 -0.051028 -0.063348 0.00
10.25 -0.628411 -0.013213 -0.049715 -0.050997 -0.063352 0.00
10.26 -0.628411 -0.013213 -0.049678 -0.050979 -0.063364 0.00
10.27 -0.628404 -0.016974 -0.049364 -0.285076 0.313620 0.00
10.28 -0.628277 -0.017719 0.123630 -0.090823 0.122306 0.00
10.29 -0.628151 -0.017607 0.087972 -0.015084 0.007371 0.00
10.30 -0.628208 -0.021279 0.014339 -0.251694 0.362081 0.00
10.31 -0.628174 -0.022021 0.154552 -0.069397 0.176002 0.00
10.32 -0.628090 -0.021924 0.115285 0.002059 0.065856 0.00
10.33 -0.614122 -0.025628 1.007261 -0.256250 0.772503 0.00
10.34 -0.611455 -0.026288 0.796923 0.032539 0.329485 0.00
10.35 -0.611547 -0.026097 0.351679 0.082157 0.114583 0.00
10.36 -0.612106 -0.022298 0.098182 0.270450 -0.284490 0.00
10.37 -0.598526 -0.025404 0.820788 -0.209132 0.653187 0.00
10.38 -0.595996 -0.026224 0.681825 0.009805 0.329652 0.00
10.39 -0.581955 -0.026145 1.288074 0.046542 0.484271 0.00
10.40 -0.579766 -0.026020 0.716473 0.120337 0.198115 0.00
10.41 -0.566201 -0.025999 1.207343 0.051123 0.457817 0.00
10.42 -0.564147 -0.026000 0.672632 0.107748 0.208747 0.00
10.43 -0.550545 -0.026011 1.202122 0.047262 0.469895 0.00
10.44 -0.534415 -0.026029 1.641634 0.088173 0.567331 0.00
10.45 -0.532198 -0.025924 0.855896 0.156486 0.219058 0.00
10.46 -0.518876 -0.025929 1.239706 0.069089 0.468542 0.00
10.47 -0.502932 -0.025988 1.638997 0.094019 0.574848 0.00
10.48 -0.486744 -0.025933 1.816536 0.137561 0.582155 0.00
10.49 -0.470802 -0.022102 1.853541 0.391262 0.198453 0.00
10.50 -0.469196 -0.017534 0.713687 0.456706 -0.336703 0.00
10.51 -0.442337 -0.016999 1.886388 0.059577 0.583171 0.00
10.52 -0.437909 -0.020943 1.088932 -0.096630 0.601160 0.00
10.53 -0.410218 -0.017984 2.463068 0.242292 0.560141 0.00
10.54 -0.391799 -0.017099 2.202047 0.245423 0.465859 0.00
10.55 -0.376114 -0.013230 1.899232 0.412660 0.086479 0.00
10.56 -0.360852 -0.012562 1.618261 0.181952 0.301006 0.00
10.57 -0.345409 -0.012730 1.645744 0.099754 0.431218 0.00
10.58 -0.329655 -0.012832 1.732400 0.106313 0.460853 0.00
10.59 -0.313848 -0.009068 1.773942 0.356964 0.083777 0.00
10.60 -0.298211 -0.008299 1.609358 0.170311 0.275721 0.00
10.61 -0.268584 -0.008423 2.607031 0.075389 0.746148 0.00
10.62 -0.250172 -0.012185 2.329819 -0.048540 0.894922 0.00
10.63 -0.234427 -0.009073 2.132008 0.371945 0.223175 0.00
10.64 -0.205136 -0.000744 2.709609 0.663354 -0.103221 0.00
10.65 -0.187478 0.004513 1.936501 0.520934 -0.243249 0.00
10.66 -0.158380 0.004991 2.441478 0.122448 0.462950 0.00
10.67 -0.140465 0.004719 2.130939 0.126446 0.370540 0.00
10.68 -0.124879 0.004666 1.841756 0.120828 0.293057 0.00
10.69 -0.109522 0.008391 1.709682 0.334223 -0.090288 0.00
10.70 -0.094117 0.009101 1.507756 0.130421 0.113327 0.00
10.71 -0.078580 0.008974 1.549657 0.055444 0.237939 0.00
10.72 -0.062796 0.005124 1.633412 -0.172324 0.643594 0.00
10.73 -0.046857 0.004383 1.845251 0.037401 0.452631 0.00
10.74 -0.030971 0.004518 1.817214 0.120295 0.338686 0.00
10.75 -0.015320 0.008382 1.742967 0.354427 -0.055764 0.00
10.76 0.014204 0.009111 2.500683 0.128346 0.497798 0.00
10.77 0.032377 0.009072 2.183196 0.156450 0.367062 0.00
10.78 0.047963 0.012835 1.857739 0.373613 -0.084897 0.00
10.79 0.063165 0.013538 1.540927 0.151283 0.106108 0.00
10.80 0.078555 0.013380 1.548363 0.064616 0.235576 0.00
10.81 0.080251 0.013299 0.668647 0.090125 -0.083112 0.00
10.82 0.093430 0.013215 1.064509 0.000490 0.174530 0.00
10.83 0.109380 0.009384 1.480999 -0.203586 0.656704 0.00
10.84 0.111688 0.004962 0.875262 -0.175482 0.497094 0.00
10.85 0.125266 0.004321 1.402739 0.008775 0.440212 0.00
10.86 0.141279 0.004466 1.694417 0.107798 0.408769 0.00
10.87 0.143284 0.004640 0.803180 0.158802 0.048037 0.00
10.88 0.156468 0.004616 1.156605 0.056309 0.308070 0.00
10.89 0.172368 0.004537 1.558390 0.078008 0.419843 0.00
10.90 0.174533 0.000850 0.780213 -0.089735 0.454037 0.00
10.91 0.187985 0.000093 1.345758 0.019288 0.512250 0.00
10.92 0.190033 0.000175 0.750263 0.143028 0.152038 0.00
10.93 0.203532 0.000239 1.206699 0.078527 0.393447 0.00
10.94 0.219568 0.000219 1.617330 0.108232 0.496443 0.00
10.95 0.221746 0.000311 0.829657 0.172873 0.152676 0.00
10.96 0.235064 0.000299 1.217220 0.085723 0.403148 0.00
10.97 0.251011 0.000240 1.618593 0.111336 0.509224 0.00
10.98 0.253171 0.000321 0.834455 0.176914 0.165520 0.00
10.99 0.266483 0.004071 1.224093 0.324831 0.038491 0.00
11.00 0.268275 0.004784 0.490899 0.178273 -0.015163 0.00
11.01 0.281719 0.000884 1.057462 -0.193550 0.740515 0.00
11.02 0.298037 0.000027 1.747960 0.044923 0.669223 0.00
11.03 0.300476 0.000243 0.961064 0.201564 0.200484 0.00
11.04 0.313772 0.004104 1.274451 0.350218 0.045736 0.00
11.05 0.329497 0.008562 1.463995 0.402953 -0.029590 0.00
11.06 0.331356 0.009261 0.536206 0.193266 -0.061812 0.00
11.07 0.344603 0.009039 1.038902 0.033606 0.326844 0.00
11.08 0.346687 0.005152 0.588165 -0.137633 0.475780 0.00
11.09 0.346482 0.004419 0.366709 0.032993 0.187162 0.00
11.10 0.360157 0.004449 1.127390 0.048901 0.420669 0.00
11.11 0.362496 0.004559 0.670032 0.136672 0.153365 0.00
11.12 0.362180 0.000866 0.239449 -0.132443 0.435471 0.00
11.13 0.361787 0.000057 0.234374 0.016256 0.247949 0.00
11.14 0.375703 0.000072 1.130820 0.053287 0.497781 0.00
11.15 0.378216 0.000214 0.714658 0.156113 0.223292 0.00
11.16 0.377952 0.000306 0.284478 0.124542 0.123667 0.00
11.17 0.377446 -0.003512 0.101153 -0.155991 0.503696 0.00
11.18 0.377326 -0.004329 0.241503 0.020373 0.326785 0.00
11.19 0.391427 -0.004274 1.178042 0.073574 0.567444 0.00
11.20 0.393999 -0.004106 0.760582 0.179381 0.288138 0.00
11.21 0.393738 -0.004007 0.324115 0.146587 0.187996 0.00
11.22 0.393218 -0.004066 0.137799 0.099123 0.191557 0.00
11.23 0.406999 -0.004164 1.066909 0.059174 0.557036 0.00
11.24 0.409580 -0.007875 0.724815 -0.069873 0.682159 0.00
11.25 0.409534 -0.008531 0.500735 0.104820 0.386028 0.00
11.26 0.423213 -0.004726 1.246985 0.350803 0.243101 0.00
11.27 0.425405 -0.000113 0.610830 0.475995 -0.208369 0.00
11.28 0.438854 0.000560 1.004228 0.148682 0.354395 0.00
11.29 0.440901 0.000376 0.583545 0.135793 0.238724 0.00
11.30 0.440637 0.000305 0.254113 0.111307 0.165187 0.00
11.31 0.440238 0.000242 0.118431 0.083724 0.158766 0.00
11.32 0.440058 -0.003569 0.091782 -0.161810 0.543009 0.00
11.33 0.454169 -0.004360 1.232054 0.009781 0.705685 0.00
11.34 0.456927 -0.004169 0.849791 0.192824 0.334057 0.00
11.35 0.456690 -0.003985 0.371499 0.169055 0.206767 0.00
11.36 0.456120 -0.004026 0.156171 0.113886 0.210881 0.00
11.37 0.455834 -0.004108 0.116224 0.091398 0.229205 0.00
11.38 0.469799 -0.004171 1.090016 0.068286 0.586194 0.00
11.39 0.472443 -0.007855 0.748675 -0.057042 0.706175 0.00
11.40 0.472403 -0.008504 0.518594 0.116658 0.409295 0.00
11.41 0.472045 -0.004674 0.299925 0.383376 -0.083937 0.00
11.42 0.485636 -0.000170 0.978169 0.380673 0.072421 0.00
11.43 0.487861 0.000517 0.463393 0.203068 0.132245 0.00
11.44 0.487581 0.000389 0.171813 0.105695 0.169680 0.00
11.45 0.487258 0.000247 0.102310 0.078124 0.186181 0.00
11.46 0.487164 -0.003568 0.105198 -0.156953 0.566167 0.00
11.47 0.501314 -0.004347 1.248787 0.018591 0.724434 0.00
11.48 0.504077 -0.004150 0.863300 0.201616 0.351680 0.00
11.49 0.503831 -0.000204 0.382643 0.411322 -0.152440 0.00
11.50 0.503131 0.000499 -0.006145 0.161626 0.043214 0.00
11.51 0.516750 0.000280 0.951720 0.041600 0.527314 0.00
11.52 0.519377 0.000235 0.684735 0.148596 0.299068 0.00
11.53 0.519298 0.000319 0.322194 0.141411 0.189047 0.00
11.54 0.518864 0.004053 0.146217 0.337980 -0.194685 0.00
11.55 0.518513 0.000979 -0.066127 -0.108335 0.385601 0.00
11.56 0.518450 0.000092 0.148138 0.008012 0.314426 0.00
11.57 0.518642 0.000109 0.194651 0.088177 0.221983 0.00
11.58 0.518678 0.000197 0.156454 0.098858 0.193755 0.00
11.59 0.518640 -0.003545 0.127797 -0.142634 0.570852 0.00
11.60 0.518731 -0.004298 0.293328 0.047209 0.383122 0.00
11.61 0.532878 -0.004217 1.220910 0.100493 0.620354 0.00
11.62 0.535437 -0.000285 0.795590 0.438261 -0.035583 0.00
11.63 0.535041 0.000556 0.183955 0.210188 0.056291 0.00
11.64 0.534385 0.004145 0.033038 0.320928 -0.201948 0.00
11.65 0.534073 0.004728 -0.098662 0.111084 0.026355 0.00
11.66 0.533982 0.004581 -0.019759 0.046611 0.140891 0.00
11.67 0.534095 0.004502 0.067192 0.055988 0.158056 0.00
11.68 0.534211 0.000747 0.099553 -0.164920 0.527761 0.00
11.69 0.534380 0.000019 0.273907 0.033141 0.331522 0.00
11.70 0.534504 0.003899 0.233526 0.342521 -0.161329 0.00
11.71 0.534309 0.004734 -0.015682 0.144968 0.008023 0.00
11.72 0.534088 0.004624 -0.013194 0.056992 0.128457 0.00
11.73 0.534109 0.004519 0.057292 0.055212 0.155589 0.00
11.74 0.534195 0.004509 0.093716 0.067280 0.151502 0.00
11.75 0.534240 0.004524 0.099565 0.072274 0.146502 0.00
11.76 0.534250 0.004531 0.096522 0.072496 0.145090 0.00
11.77 0.534247 0.004532 0.094214 0.071828 0.145215 0.00
11.78 0.534237 0.008293 0.093295 0.305602 -0.231523 0.00
11.79 0.534110 0.009037 -0.079634 0.111304 -0.040121 0.00
11.80 0.533984 0.008925 -0.043865 0.035593 0.074814 0.00
11.81 0.534041 0.012597 0.029804 0.272222 -0.279909 0.00
11.82 0.534007 0.013339 -0.110405 0.089928 -0.093833 0.00
11.83 0.533923 0.013242 -0.071144 0.018472 0.016311 0.00
11.84 0.533986 0.016920 -0.001045 0.255007 -0.339560 0.00
11.85 0.533949 0.017663 -0.143462 0.072016 -0.153281 0.00
11.86 0.533855 0.021326 -0.104989 0.234367 -0.419874 0.00
11.87 0.533799 0.021988 -0.207459 0.042525 -0.207366 0.00
11.88 0.533754 0.025635 -0.141431 0.212181 -0.474463 0.00
11.89 0.519701 0.026330 -1.199394 0.046217 -0.616197 0.00
11.90 0.517036 0.029900 -0.781945 0.110638 -0.627839 0.00
11.91 0.503168 0.026742 -1.434777 -0.267680 -0.288116 0.00
11.92 0.501123 0.022090 -0.661597 -0.434062 0.263961 0.00
11.93 0.487869 0.021381 -0.968323 -0.095926 -0.284355 0.00
11.94 0.471908 0.021606 -1.484007 -0.050339 -0.525892 0.00
11.95 0.469579 0.021610 -0.802790 -0.129025 -0.199693 0.00
11.96 0.456128 0.021610 -1.227241 -0.058213 -0.440185 0.00
11.97 0.440131 0.021647 -1.628943 -0.088138 -0.540257 0.00
11.98 0.437960 0.025320 -0.839420 0.081121 -0.572547 0.00
11.99 0.424528 0.022316 -1.399348 -0.260063 -0.254646 0.00
12.00 0.408581 0.021517 -1.592182 -0.167149 -0.437156 0.00
12.01 0.392573 0.025246 -1.732254 0.101381 -0.913889 0.00
12.02 0.376526 0.026007 -1.983663 -0.103054 -0.743309 0.00
12.03 0.360586 0.022116 -1.972289 -0.424363 -0.252234 0.00
12.04 0.331014 0.013766 -2.689116 -0.678804 -0.020565 0.00
12.05 0.313139 0.012292 -1.992922 -0.310436 -0.272061 0.00
12.06 0.283815 0.008787 -2.691845 -0.349388 -0.404568 0.00
12.07 0.265868 0.008188 -2.171145 -0.237031 -0.384953 0.00
12.08 0.250472 0.008260 -1.839512 -0.152535 -0.399547 0.00
12.09 0.235147 0.004621 -1.746816 -0.355840 -0.044001 0.00
12.10 0.205664 0.003956 -2.535903 -0.137743 -0.598144 0.00
12.11 0.187462 0.003993 -2.232342 -0.172931 -0.462434 0.00
12.12 0.171854 0.003982 -1.908102 -0.157784 -0.385221 0.00
12.13 0.156523 0.004022 -1.762591 -0.129473 -0.384622 0.00
12.14 0.126977 0.004092 -2.695599 -0.096429 -0.750115 0.00
12.15 0.094655 0.004054 -3.313226 -0.181571 -0.854078 0.00
12.16 0.076503 -0.003646 -2.563788 -0.737648 0.254982 0.00
12.17 0.047670 -0.008927 -2.596593 -0.499568 -0.001492 0.00
12.18 0.016403 -0.013161 -2.889064 -0.413265 -0.158143 0.00
12.19 -0.015360 -0.017435 -3.077858 -0.427354 -0.146067 0.00
12.20 -0.032977 -0.021834 -2.158664 -0.461669 0.264011 0.00
12.21 -0.047789 -0.022388 -1.525587 -0.137222 0.036994 0.00
12.22 -0.076850 -0.022053 -2.422851 0.000442 -0.461215 0.00
12.23 -0.095105 -0.018210 -2.157379 0.125875 -0.617118 0.00
12.24 -0.110855 -0.017548 -1.976925 -0.065842 -0.320968 0.00
12.25 -0.126266 -0.021402 -1.771307 -0.341834 0.172361 0.00
12.26 -0.155592 -0.022161 -2.450766 -0.108189 -0.365224 0.00
12.27 -0.173656 -0.022111 -2.110068 -0.126723 -0.239868 0.00
12.28 -0.189214 -0.022100 -1.785808 -0.107328 -0.168687 0.00
12.29 -0.204542 -0.022053 -1.646147 -0.079821 -0.169040 0.00
12.30 -0.220063 -0.022008 -1.619806 -0.069556 -0.183296 0.00
12.31 -0.221704 -0.018255 -0.666729 0.141334 -0.219109 0.00
12.32 -0.234917 -0.017430 -1.202661 0.048676 -0.290625 0.00
12.33 -0.250951 -0.013696 -1.579778 0.181329 -0.662662 0.00
12.34 -0.253189 -0.009357 -0.903597 0.155677 -0.481946 0.00
12.35 -0.266678 -0.008718 -1.400496 -0.017316 -0.430102 0.00
12.36 -0.282651 -0.008849 -1.689047 -0.112349 -0.403199 0.00
12.37 -0.298681 -0.008991 -1.763314 -0.141680 -0.394328 0.00
12.38 -0.314498 -0.009050 -1.766076 -0.145647 -0.397427 0.00
12.39 -0.330222 -0.009064 -1.761852 -0.145491 -0.404458 0.00
12.40 -0.345930 -0.009068 -1.762679 -0.146702 -0.411476 0.00
12.41 -0.361641 -0.009072 -1.766273 -0.149080 -0.417831 0.00
12.42 -0.377356 -0.009078 -1.770326 -0.151792 -0.423862 0.00
12.43 -0.393064 -0.012845 -1.773889 -0.388596 -0.052850 0.00
12.44 -0.408653 -0.013596 -1.604645 -0.196997 -0.250165 0.00
12.45 -0.424241 -0.013490 -1.644023 -0.123893 -0.371116 0.00
12.46 -0.440020 -0.013407 -1.721699 -0.129038 -0.399416 0.00
12.47 -0.441789 -0.017197 -0.795825 -0.399503 0.327561 0.00
12.48 -0.454790 -0.017881 -0.982939 -0.106372 -0.121725 0.00
12.49 -0.470571 -0.013927 -1.425578 0.178772 -0.723014 0.00
12.50 -0.486955 -0.013145 -1.856714 -0.063333 -0.561089 0.00
12.51 -0.489098 -0.013352 -0.931112 -0.193306 -0.082852 0.00
12.52 -0.502213 -0.017171 -1.208758 -0.327361 0.063398 0.00
12.53 -0.517891 -0.017844 -1.400852 -0.143584 -0.242597 0.00
12.54 -0.533906 -0.017767 -1.614239 -0.107635 -0.370233 0.00
12.55 -0.549908 -0.021502 -1.730686 -0.364581 -0.009725 0.00
12.56 -0.551626 -0.018545 -0.626814 0.025298 -0.222913 0.00
12.57 -0.564752 -0.017631 -1.187420 0.007563 -0.404298 0.00
12.58 -0.566803 -0.017598 -0.667369 -0.115933 -0.070940 0.00
12.59 -0.580391 -0.017652 -1.162969 -0.064646 -0.307614 0.00
12.60 -0.582445 -0.017674 -0.617854 -0.121436 -0.054541 0.00
12.61 -0.596035 -0.017666 -1.141822 -0.058719 -0.316831 0.00
12.62 -0.598127 -0.017670 -0.618584 -0.120558 -0.064442 0.00
12.63 -0.597720 -0.013931 -0.186522 0.151034 -0.350124 0.00
12.64 -0.611348 -0.013087 -1.150173 0.021923 -0.512763 0.00
12.65 -0.613869 -0.013212 -0.734481 -0.143969 -0.154208 0.00
12.66 -0.613577 -0.013366 -0.264828 -0.119139 -0.031625 0.00
12.67 -0.613011 -0.013321 -0.058176 -0.066250 -0.035589 0.00
12.68 -0.626773 -0.009455 -0.983356 0.210877 -0.780880 0.00
12.69 -0.629473 -0.004995 -0.815653 0.146040 -0.715708 0.00
12.70 -0.643578 -0.008186 -1.519033 -0.317047 -0.278446 0.00
12.71 -0.645667 -0.012934 -0.703932 -0.494036 0.303093 0.00
12.72 -0.658865 -0.017423 -0.979008 -0.381869 0.131448 0.00
12.73 -0.660631 -0.017962 -0.351639 -0.159074 0.045521 0.00
12.74 -0.660193 -0.017756 -0.060098 -0.055510 -0.001425 0.00
12.75 -0.659856 -0.017597 -0.004681 -0.031525 -0.017990 0.00
12.76 -0.673806 -0.013759 -0.975525 0.222812 -0.747264 0.00
12.77 -0.676562 -0.013092 -0.804874 -0.080922 -0.297327 0.00
12.78 -0.676518 -0.013301 -0.365134 -0.135940 -0.076710 0.00
12.79 -0.675975 -0.013347 -0.108292 -0.090162 -0.053257 0.00
12.80 -0.675640 -0.013283 -0.039017 -0.059916 -0.072089 0.00
12.81 -0.675538 -0.013238 -0.043578 -0.054194 -0.081960 0.00
12.82 -0.675535 -0.013226 -0.056021 -0.056550 -0.083056 0.00
12.83 -0.675556 -0.009466 -0.061448 0.175569 -0.459033 0.00
12.84 -0.675688 -0.008724 -0.234992 -0.019228 -0.267127 0.00
12.85 -0.675816 -0.008837 -0.198865 -0.094918 -0.152089 0.00
12.86 -0.675751 -0.008927 -0.124637 -0.092308 -0.129852 0.00
12.87 -0.675659 -0.008929 -0.091803 -0.080314 -0.135122 0.00
12.88 -0.675617 -0.008915 -0.088203 -0.076029 -0.139917 0.00
12.89 -0.675610 -0.008908 -0.091743 -0.076106 -0.141077 0.00
12.90 -0.675620 -0.005146 -0.094268 0.157299 -0.517866 0.00
12.91 -0.675749 -0.004402 -0.267742 -0.037249 -0.326301 0.00
12.92 -0.675869 -0.008276 -0.231673 -0.347114 0.165695 0.00
12.93 -0.675672 -0.012872 0.015698 -0.384418 0.373645 0.00
12.94 -0.675327 -0.013508 0.185855 -0.102451 0.062148 0.00
12.95 -0.675229 -0.009530 0.079560 0.209166 -0.456844 0.00
12.96 -0.675505 -0.008685 -0.203691 0.000372 -0.283734 0.00
12.97 -0.675769 -0.008809 -0.206638 -0.092301 -0.158578 0.00
12.98 -0.675750 -0.012682 -0.132960 -0.328395 0.246882 0.00
12.99 -0.675535 -0.013438 0.078644 -0.121446 0.051370 0.00
13.00 -0.675361 -0.013311 0.049411 -0.040405 -0.068800 0.00
13.01 -0.675415 -0.013213 -0.027637 -0.042651 -0.092573 0.00
13.02 -0.675502 -0.016970 -0.062515 -0.289402 0.289776 0.00
13.03 -0.675421 -0.017731 0.106222 -0.099775 0.103510 0.00
13.04 -0.675302 -0.017626 0.074150 -0.024010 -0.010173 0.00
13.05 -0.675363 -0.017537 0.002526 -0.025799 -0.032648 0.00
13.06 -0.675452 -0.017534 -0.029725 -0.037442 -0.027672 0.00
13.07 -0.675487 -0.021309 -0.033131 -0.275796 0.354021 0.00
13.08 -0.675367 -0.022061 0.143275 -0.081502 0.163873 0.00
13.09 -0.675230 -0.025710 0.110101 -0.239188 0.425741 0.00
13.10 -0.675166 -0.026366 0.209643 -0.047154 0.211908 0.00
13.11 -0.661092 -0.030037 1.103504 -0.239215 0.829897 0.00
13.12 -0.658443 -0.030625 0.846074 0.054013 0.364356 0.00
13.13 -0.644570 -0.026688 1.336425 0.308049 0.125106 0.00
13.14 -0.642659 -0.022070 0.552346 0.404193 -0.335883 0.00
13.15 -0.629399 -0.021440 0.905770 0.060547 0.236345 0.00
13.16 -0.627404 -0.025411 0.487066 -0.189312 0.502458 0.00
13.17 -0.627544 -0.026234 0.337040 -0.018254 0.238073 0.00
13.18 -0.613779 -0.026209 1.130459 0.009175 0.466953 0.00
13.19 -0.611390 -0.029847 0.677411 -0.132787 0.571875 0.00
13.20 -0.597549 -0.030542 1.378211 0.004692 0.635228 0.00
13.21 -0.581285 -0.030436 1.771610 0.118231 0.618293 0.00
13.22 -0.565118 -0.026508 1.869720 0.394483 0.222786 0.00
13.23 -0.563428 -0.021899 0.732381 0.462151 -0.315185 0.00
13.24 -0.550588 -0.021329 0.937461 0.084960 0.254433 0.00
13.25 -0.534764 -0.025383 1.452449 -0.199929 0.880663 0.00
13.26 -0.518291 -0.026172 1.918284 0.054347 0.713904 0.00
13.27 -0.502080 -0.022215 1.959110 0.401337 0.204468 0.00
13.28 -0.486454 -0.017560 1.707655 0.447003 -0.008505 0.00
13.29 -0.457060 -0.013170 2.488431 0.376992 0.281871 0.00
13.30 -0.438963 -0.012555 2.066808 0.211390 0.365722 0.00
13.31 -0.423411 -0.012671 1.809542 0.130126 0.401039 0.00
13.32 -0.407977 -0.012789 1.743748 0.108891 0.418324 0.00
13.33 -0.392361 -0.012831 1.745064 0.109946 0.426421 0.00
13.34 -0.376666 -0.009072 1.754634 0.348901 0.054620 0.00
13.35 -0.361072 -0.008319 1.587942 0.158490 0.251151 0.00
13.36 -0.345481 -0.008423 1.627582 0.085637 0.371826 0.00
13.37 -0.329695 -0.012267 1.705364 -0.143362 0.777097 0.00
13.38 -0.313762 -0.013009 1.914764 0.065434 0.586599 0.00
13.39 -0.283854 -0.009141 2.848212 0.360408 0.446701 0.00
13.40 -0.265701 -0.004449 2.248426 0.506109 -0.013129 0.00
13.41 -0.250513 -0.003714 1.673389 0.203975 0.200066 0.00
13.42 -0.221363 -0.000235 2.561727 0.297739 0.321225 0.00
13.43 -0.203240 0.000433 2.113973 0.208274 0.293661 0.00
13.44 -0.187751 0.000399 1.793928 0.128638 0.304913 0.00
13.45 -0.158374 0.004024 2.660239 0.309534 0.299814 0.00
13.46 -0.140294 0.004798 2.131973 0.218059 0.246880 0.00
13.47 -0.124903 0.004770 1.774077 0.124971 0.263679 0.00
13.48 -0.109591 0.000881 1.674013 -0.145569 0.667137 0.00
13.49 -0.093896 0.000074 1.848166 0.045643 0.489667 0.00
13.50 -0.078071 0.000178 1.827876 0.126922 0.380906 0.00
13.51 -0.062416 0.004036 1.762521 0.363292 -0.013554 0.00
13.52 -0.046914 0.004793 1.561117 0.160279 0.188427 0.00
13.53 -0.017335 0.004648 2.558548 0.061071 0.664856 0.00
13.54 0.001059 0.008402 2.286429 0.406092 0.060635 0.00
13.55 0.016564 0.009242 1.745651 0.204958 0.148062 0.00
13.56 0.031708 0.012867 1.606187 0.327136 -0.113891 0.00
13.57 0.047125 0.013470 1.471168 0.119827 0.118045 0.00
13.58 0.062750 0.009569 1.549650 -0.177509 0.615985 0.00
13.59 0.078699 0.008749 1.812337 0.028162 0.448357 0.00
13.60 0.094648 0.008874 1.812665 0.119677 0.332312 0.00
13.61 0.110334 0.012747 1.743730 0.357774 -0.065868 0.00
13.62 0.125835 0.013508 1.537348 0.153778 0.135747 0.00
13.63 0.141377 0.013387 1.570855 0.075608 0.261795 0.00
13.64 0.143123 0.009561 0.689905 -0.131780 0.317732 0.00
13.65 0.156429 0.008735 1.254526 -0.028046 0.383809 0.00
13.66 0.172501 0.005015 1.633607 -0.157023 0.751347 0.00
13.67 0.174736 0.004443 0.953384 0.102498 0.192642 0.00
13.68 0.188096 0.004550 1.275216 0.080559 0.332338 0.00
13.69 0.203940 0.004568 1.599016 0.099589 0.420603 0.00
13.70 0.220033 0.004620 1.747345 0.131415 0.434075 0.00
13.71 0.221911 0.004701 0.820921 0.169142 0.081159 0.00
13.72 0.235048 0.004648 1.173103 0.067488 0.340131 0.00
13.73 0.250942 0.004566 1.576858 0.090760 0.450490 0.00
13.74 0.267131 0.004616 1.760900 0.135839 0.457935 0.00
13.75 0.269048 0.008474 0.838168 0.412290 -0.277111 0.00
13.76 0.282066 0.009174 1.013603 0.116282 0.171966 0.00
13.77 0.297830 0.008980 1.450670 0.063065 0.397487 0.00
13.78 0.300057 0.005204 0.746383 -0.101986 0.453691 0.00
13.79 0.313600 0.004444 1.344684 0.018977 0.506677 0.00
13.80 0.315690 0.004541 0.752824 0.146984 0.141707 0.00
13.81 0.329196 0.004611 1.205755 0.082409 0.381964 0.00
13.82 0.331197 0.004618 0.652118 0.133196 0.134384 0.00
13.83 0.344775 0.004600 1.178795 0.069975 0.398377 0.00
13.84 0.346869 0.004603 0.658084 0.132501 0.145917 0.00
13.85 0.346458 0.004626 0.226446 0.095384 0.054337 0.00
13.86 0.345937 0.000792 0.055301 -0.182024 0.434401 0.00
13.87 0.359859 -0.000048 1.162969 -0.025217 0.606974 0.00
13.88 0.362573 -0.003643 0.785577 -0.077987 0.616505 0.00
13.89 0.376487 -0.000473 1.448719 0.306412 0.271819 0.00
13.90 0.378553 0.000427 0.674383 0.239533 0.094985 0.00
13.91 0.391933 0.000392 1.151910 0.095117 0.451955 0.00
13.92 0.393987 0.000305 0.669110 0.146688 0.228019 0.00
13.93 0.393614 0.004069 0.266369 0.351090 -0.240607 0.00
13.94 0.407026 0.004723 0.891596 0.096218 0.300950 0.00
13.95 0.409311 0.000869 0.546276 -0.122795 0.547838 0.00
13.96 0.409273 0.000100 0.395759 0.051250 0.278438 0.00
13.97 0.409015 0.000161 0.218410 0.097738 0.157174 0.00
13.98 0.408759 0.000200 0.114468 0.082480 0.142931 0.00
13.99 0.422656 -0.003606 1.048846 -0.186595 0.879507 0.00
14.00 0.425378 -0.008049 0.872158 -0.123401 0.813331 0.00
14.01 0.425444 -0.004833 0.608508 0.359564 0.026215 0.00
14.02 0.438929 -0.000195 1.107357 0.408369 0.052761 0.00
14.03 0.454933 0.004283 1.436443 0.424125 0.072299 0.00
14.04 0.457002 0.004959 0.585519 0.222679 0.054581 0.00
14.05 0.456319 0.008537 0.147155 0.328015 -0.289946 0.00
14.06 0.469704 0.009062 0.836413 0.071215 0.277231 0.00
14.07 0.472062 0.005194 0.527463 -0.134957 0.519041 0.00
14.08 0.472068 0.004440 0.383073 0.044367 0.244345 0.00
14.09 0.471819 0.004508 0.202751 0.091113 0.121638 0.00
14.10 0.471561 0.004549 0.096514 0.075177 0.107535 0.00
14.11 0.471417 0.004528 0.067903 0.061644 0.116607 0.00
14.12 0.471375 0.004509 0.070722 0.058842 0.121582 0.00
14.13 0.471382 0.000743 0.076935 -0.174227 0.499201 0.00
14.14 0.471515 -0.000002 0.252315 0.020942 0.307426 0.00
14.15 0.471644 0.000112 0.216904 0.096936 0.192211 0.00
14.16 0.471581 0.000202 0.142732 0.094403 0.169882 0.00
14.17 0.471488 0.000205 0.109814 0.082400 0.175136 0.00
14.18 0.471446 0.000190 0.106169 0.078098 0.179938 0.00
14.19 0.471439 0.000183 0.109703 0.078170 0.181103 0.00
14.20 0.471442 0.000182 0.111912 0.078865 0.180904 0.00
14.21 0.471452 -0.003578 0.112716 -0.154941 0.557645 0.00
14.22 0.471579 -0.004323 0.285612 0.039339 0.366256 0.00
14.23 0.471698 -0.000449 0.249526 0.349147 -0.125664 0.00
14.24 0.471501 0.004147 0.002231 0.386465 -0.333605 0.00
14.25 0.471156 0.004783 -0.167889 0.104512 -0.022116 0.00
14.26 0.471059 0.000805 -0.061586 -0.207101 0.496872 0.00
14.27 0.471334 -0.000039 0.221664 0.001693 0.323762 0.00
14.28 0.471591 0.003845 0.224295 0.328466 -0.178382 0.00
14.29 0.471453 0.004702 -0.022067 0.136206 -0.015540 0.00
14.30 0.471238 0.004601 -0.025025 0.047771 0.103591 0.00
14.31 0.471254 0.004496 0.042503 0.044979 0.131107 0.00
14.32 0.471336 0.004485 0.078390 0.056672 0.127367 0.00
14.33 0.471381 0.004499 0.084422 0.061651 0.122456 0.00
14.34 0.471383 0.008268 0.081221 0.296022 -0.255957 0.00
14.35 0.471254 0.009014 -0.094042 0.101122 -0.064536 0.00
14.36 0.471125 0.008901 -0.058992 0.025060 0.050644 0.00
14.37 0.471182 0.012572 0.014695 0.261624 -0.303979 0.00
14.38 0.471147 0.013315 -0.125409 0.079354 -0.117898 0.00
14.39 0.471063 0.013217 -0.086097 0.007916 -0.007763 0.00
14.40 0.471127 0.016896 -0.015990 0.244458 -0.363639 0.00
14.41 0.471089 0.017639 -0.158410 0.061466 -0.177361 0.00
14.42 0.470996 0.021301 -0.119943 0.223817 -0.443955 0.00
14.43 0.470939 0.021964 -0.222415 0.031974 -0.231447 0.00
14.44 0.470895 0.025610 -0.156385 0.201629 -0.498543 0.00
14.45 0.456841 0.026305 -1.214345 0.035666 -0.640276 0.00
14.46 0.454183 0.026114 -0.796582 -0.134012 -0.274930 0.00
14.47 0.454465 0.025947 -0.314659 -0.105749 -0.152737 0.00
14.48 0.441012 0.026021 -1.065274 -0.028975 -0.508780 0.00
14.49 0.438657 0.029782 -0.675225 0.121055 -0.647108 0.00
14.50 0.424742 0.030496 -1.416047 -0.028264 -0.708010 0.00
14.51 0.422460 0.030352 -0.855963 -0.169403 -0.335100 0.00
14.52 0.408903 0.030259 -1.304801 -0.106372 -0.571596 0.00
14.53 0.392871 0.030273 -1.706910 -0.133934 -0.674600 0.00
14.54 0.376678 0.026448 -1.878179 -0.409670 -0.305386 0.00
14.55 0.360868 0.021873 -1.739597 -0.467920 -0.113775 0.00
14.56 0.345353 0.021206 -1.597521 -0.201477 -0.421623 0.00
14.57 0.315674 0.021423 -2.664638 -0.106950 -0.915752 0.00
14.58 0.297190 0.017668 -2.419425 -0.462789 -0.305833 0.00
14.59 0.281656 0.013053 -1.879771 -0.499169 -0.011955 0.00
14.60 0.252603 0.008702 -2.525705 -0.405029 -0.291190 0.00
14.61 0.234687 0.008130 -2.071623 -0.227119 -0.381563 0.00
14.62 0.219186 0.008267 -1.816921 -0.144016 -0.420511 0.00
14.63 0.203761 0.004629 -1.756540 -0.358083 -0.061141 0.00
14.64 0.174235 0.003949 -2.549229 -0.143988 -0.610886 0.00
14.65 0.156026 0.003980 -2.242264 -0.179129 -0.474026 0.00
14.66 0.140421 0.003968 -1.915857 -0.163326 -0.396975 0.00
14.67 0.111062 0.004034 -2.731924 -0.112958 -0.747382 0.00
14.68 0.092925 0.000237 -2.349871 -0.441555 -0.128446 0.00
14.69 0.063545 -0.004319 -2.740590 -0.438643 -0.198963 0.00
14.70 0.045941 -0.008752 -2.077959 -0.469378 0.123256 0.00
14.71 0.016799 -0.009304 -2.540238 -0.143461 -0.470553 0.00
14.72 -0.001037 -0.009113 -2.159411 -0.146083 -0.355682 0.00
14.73 -0.030557 -0.012798 -2.801358 -0.341759 -0.256683 0.00
14.74 -0.048385 -0.013577 -2.140623 -0.228577 -0.189445 0.00
14.75 -0.063604 -0.013515 -1.744299 -0.121227 -0.213295 0.00
14.76 -0.078860 -0.009604 -1.644257 0.152340 -0.621166 0.00
14.77 -0.094551 -0.008791 -1.823897 -0.039811 -0.444331 0.00
14.78 -0.124413 -0.008869 -2.768207 -0.100235 -0.685930 0.00
14.79 -0.142707 -0.009050 -2.350785 -0.208585 -0.411446 0.00
14.80 -0.158150 -0.012917 -1.915421 -0.411787 0.059439 0.00
14.81 -0.187240 -0.017345 -2.521099 -0.384725 -0.115504 0.00
14.82 -0.205081 -0.017992 -2.001883 -0.204963 -0.185818 0.00
14.83 -0.220499 -0.017858 -1.719227 -0.111529 -0.229412 0.00
14.84 -0.235894 -0.017722 -1.656453 -0.087825 -0.251260 0.00
14.85 -0.251511 -0.017676 -1.663298 -0.089858 -0.259928 0.00
14.86 -0.267219 -0.017675 -1.675370 -0.095556 -0.264688 0.00
14.87 -0.282949 -0.013922 -1.682206 0.134471 -0.646638 0.00
14.88 -0.298793 -0.013185 -1.858973 -0.062647 -0.461018 0.00
14.89 -0.314635 -0.013304 -1.826713 -0.140933 -0.352105 0.00
14.90 -0.330285 -0.013400 -1.756366 -0.140993 -0.335893 0.00
14.91 -0.345908 -0.013409 -1.727318 -0.131659 -0.347169 0.00
14.92 -0.361580 -0.013400 -1.727455 -0.130015 -0.357977 0.00
14.93 -0.377289 -0.013399 -1.734724 -0.132729 -0.365156 0.00
14.94 -0.393007 -0.013405 -1.740668 -0.136060 -0.370976 0.00
14.95 -0.408724 -0.013412 -1.744887 -0.138991 -0.376748 0.00
14.96 -0.424433 -0.017180 -1.748213 -0.375754 -0.005706 0.00
14.97 -0.440021 -0.017931 -1.578844 -0.184107 -0.203045 0.00
14.98 -0.455610 -0.017825 -1.618201 -0.110988 -0.324011 0.00
14.99 -0.471396 -0.013981 -1.696202 0.117968 -0.729304 0.00
15.00 -0.473298 -0.013264 -0.943646 -0.112653 -0.188000 0.00
15.01 -0.486545 -0.017076 -1.267785 -0.323618 0.045953 0.00
15.02 -0.502255 -0.017831 -1.427517 -0.151550 -0.232450 0.00
15.03 -0.518237 -0.014012 -1.614897 0.124905 -0.736717 0.00
15.04 -0.534340 -0.013235 -1.897570 -0.088079 -0.565175 0.00
15.05 -0.550318 -0.017135 -1.893448 -0.413928 -0.070246 0.00
15.06 -0.565877 -0.021757 -1.646950 -0.456616 0.136595 0.00
15.07 -0.581240 -0.026165 -1.474357 -0.410358 0.196686 0.00
15.08 -0.596711 -0.030460 -1.408407 -0.374418 0.233881 0.00
15.09 -0.612319 -0.030999 -1.384821 -0.121351 -0.096870 0.00
15.10 -0.614078 -0.030840 -0.574910 -0.089488 0.120843 0.00
15.11 -0.627371 -0.030694 -1.038839 -0.005345 -0.152745 0.00
15.12 -0.629372 -0.030652 -0.517553 -0.067404 0.098577 0.00
15.13 -0.642982 -0.030642 -1.053987 -0.010834 -0.159572 0.00
15.14 -0.645088 -0.030654 -0.532046 -0.074430 0.094864 0.00
15.15 -0.644677 -0.030679 -0.098336 -0.036821 0.186497 0.00
15.16 -0.644153 -0.026845 0.073522 0.240940 -0.193813 0.00
15.17 -0.644050 -0.022268 -0.072384 0.296537 -0.392710 0.00
15.18 -0.644261 -0.017845 -0.220845 0.260833 -0.467675 0.00
15.19 -0.644457 -0.017299 -0.293076 -0.009128 -0.138767 0.00
15.20 -0.644437 -0.017506 -0.153207 -0.071597 -0.005963 0.00
15.21 -0.644242 -0.017586 -0.042769 -0.053027 0.006595 0.00
15.22 -0.644108 -0.013806 -0.009826 0.197332 -0.381567 0.00
15.23 -0.644189 -0.013039 -0.184780 0.006663 -0.196042 0.00
15.24 -0.644314 -0.013145 -0.155328 -0.070119 -0.081842 0.00
15.25 -0.644257 -0.013235 -0.083986 -0.068623 -0.059045 0.00
15.26 -0.644168 -0.013239 -0.051485 -0.056957 -0.063961 0.00
15.27 -0.644126 -0.013225 -0.047621 -0.052651 -0.068688 0.00
15.28 -0.644119 -0.013218 -0.050999 -0.052672 -0.069871 0.00
15.29 -0.644122 -0.013218 -0.053169 -0.053345 -0.069688 0.00
15.30 -0.644125 -0.013218 -0.053657 -0.053637 -0.069444 0.00
15.31 -0.644126 -0.013219 -0.053562 -0.053665 -0.069369 0.00
15.32 -0.644126 -0.013219 -0.053450 -0.053634 -0.069372 0.00
15.33 -0.644126 -0.013219 -0.053414 -0.053617 -0.069384 0.00
15.34 -0.644126 -0.013219 -0.053414 -0.053614 -0.069388 0.00
15.35 -0.644118 -0.016980 -0.053104 -0.287715 0.307600 0.00
15.36 -0.643992 -0.017725 0.119884 -0.093462 0.116284 0.00
15.37 -0.643866 -0.017613 0.084231 -0.017722 0.001351 0.00
15.38 -0.643930 -0.017524 0.010284 -0.020232 -0.020928 0.00
15.39 -0.644015 -0.021282 -0.022180 -0.266288 0.361297 0.00
15.40 -0.643931 -0.022042 0.147199 -0.076319 0.174769 0.00
15.41 -0.643811 -0.021936 0.115066 -0.000505 0.060995 0.00
15.42 -0.643865 -0.025609 0.043639 -0.236423 0.415507 0.00
15.43 -0.643821 -0.030112 0.184660 -0.287933 0.606171 0.00
15.44 -0.629579 -0.030784 1.280363 -0.043968 0.655409 0.00
15.45 -0.626894 -0.030507 0.821423 0.135102 0.262623 0.00
15.46 -0.613201 -0.026587 1.272164 0.311508 0.114670 0.00
15.47 -0.611312 -0.025815 0.527844 0.163705 0.058134 0.00
15.48 -0.597877 -0.025948 1.082836 0.021718 0.438770 0.00
15.49 -0.595728 -0.026039 0.635288 0.085999 0.209412 0.00
15.50 -0.582017 -0.026046 1.199157 0.039154 0.463488 0.00
15.51 -0.579873 -0.026022 0.678940 0.106073 0.204969 0.00
15.52 -0.580273 -0.029753 0.241938 -0.165855 0.489356 0.00
15.53 -0.566650 -0.030596 1.202825 -0.037670 0.652327 0.00
15.54 -0.564126 -0.034234 0.786918 -0.106233 0.671081 0.00
15.55 -0.550262 -0.034851 1.452494 0.041401 0.708043 0.00
15.56 -0.534048 -0.030966 1.819348 0.382421 0.314113 0.00
15.57 -0.504008 -0.026325 2.699862 0.438647 0.463973 0.00
15.58 -0.485793 -0.021777 2.208614 0.513984 0.136252 0.00
15.59 -0.470446 -0.017362 1.729667 0.457418 -0.010024 0.00
15.60 -0.455321 -0.016864 1.515556 0.159049 0.319745 0.00
15.61 -0.439783 -0.017117 1.628932 0.086114 0.467045 0.00
15.62 -0.423923 -0.017214 1.748290 0.106162 0.489232 0.00
15.63 -0.408073 -0.013432 1.791532 0.360770 0.107136 0.00
15.64 -0.392432 -0.012657 1.622594 0.173692 0.298123 0.00
15.65 -0.376839 -0.012755 1.655910 0.099750 0.418091 0.00
15.66 -0.361060 -0.016600 1.731055 -0.130263 0.823871 0.00
15.67 -0.331099 -0.017369 2.902245 0.056473 0.984462 0.00
15.68 -0.312594 -0.013393 2.521105 0.479041 0.237107 0.00
15.69 -0.283225 -0.004956 2.829526 0.709191 -0.096725 0.00
15.70 -0.265843 0.000230 1.952253 0.531457 -0.222346 0.00
15.71 -0.236879 0.000653 2.443663 0.124232 0.491991 0.00
15.72 -0.204965 0.004099 3.102000 0.341514 0.374689 0.00
15.73 -0.186879 0.008634 2.291471 0.483229 -0.145915 0.00
15.74 -0.157917 0.013062 2.578716 0.383352 0.022727 0.00
15.75 -0.140432 0.017369 1.950465 0.402863 -0.271198 0.00
15.76 -0.125288 0.017921 1.483324 0.107739 -0.029157 0.00
15.77 -0.110044 0.017656 1.464396 0.009772 0.108585 0.00
15.78 -0.094357 0.017520 1.550095 0.016094 0.138754 0.00
15.79 -0.078544 0.013757 1.596283 -0.199743 0.514749 0.00
15.80 -0.062652 0.013036 1.779193 0.002893 0.323486 0.00
15.81 -0.046800 0.013164 1.743561 0.081351 0.213108 0.00
15.82 -0.031153 0.013260 1.670746 0.080660 0.197078 0.00
15.83 -0.029557 0.009533 0.679322 -0.141352 0.234849 0.00
15.84 -0.016381 0.004935 1.205611 -0.288682 0.688164 0.00
15.85 -0.000242 0.004208 1.756806 0.006190 0.493600 0.00
15.86 0.016021 0.004461 1.835850 0.126168 0.363086 0.00
15.87 0.017787 0.008414 0.807048 0.388668 -0.389516 0.00
15.88 0.030672 0.009103 0.945734 0.076405 0.069474 0.00
15.89 0.046393 0.005126 1.382779 -0.215205 0.677960 0.00
15.90 0.062774 0.000572 1.819239 -0.207043 0.894615 0.00
15.91 0.079072 0.003768 2.031515 0.330542 0.198502 0.00
15.92 0.094820 0.008529 1.748416 0.452304 -0.128476 0.00
15.93 0.096099 0.009298 0.533527 0.189950 -0.185212 0.00
15.94 0.108975 0.009007 0.958001 -0.004687 0.225790 0.00
15.95 0.124962 0.012565 1.473925 0.263876 -0.017079 0.00
15.96 0.141169 0.009604 1.530236 -0.101393 0.549185 0.00
15.97 0.143151 0.008867 0.819706 0.064989 0.108054 0.00
15.98 0.156493 0.008853 1.200900 0.041036 0.271810 0.00
15.99 0.158375 0.008883 0.596027 0.093739 0.004500 0.00
16.00 0.171886 0.005106 1.102895 -0.209453 0.646741 0.00
16.01 0.174085 0.000594 0.753400 -0.189218 0.582665 0.00
16.02 0.173923 -0.000020 0.461359 0.043654 0.185639 0.00
16.03 0.187490 0.000083 1.143817 0.052210 0.402207 0.00
16.04 0.189730 0.000189 0.657277 0.128055 0.141394 0.00
16.05 0.203399 0.000217 1.187148 0.067723 0.401847 0.00
16.06 0.205505 0.000229 0.660359 0.128354 0.149793 0.00
16.07 0.219120 0.000225 1.188095 0.068235 0.409772 0.00
16.08 0.221218 0.000233 0.663585 0.130434 0.156428 0.00
16.09 0.220811 -0.003506 0.230269 -0.141434 0.442057 0.00
16.10 0.234437 -0.004350 1.193511 -0.012503 0.604809 0.00
16.11 0.236957 -0.004225 0.777814 0.153351 0.246307 0.00
16.12 0.250696 -0.004097 1.270293 0.106760 0.474504 0.00
16.13 0.252759 -0.004060 0.710914 0.159680 0.221725 0.00
16.14 0.266335 -0.004071 1.229324 0.094524 0.485516 0.00
16.15 0.268421 -0.004070 0.705647 0.155811 0.233776 0.00
16.16 0.282037 -0.004075 1.235907 0.096644 0.493314 0.00
16.17 0.284138 -0.004066 0.712020 0.159189 0.239692 0.00
16.18 0.297755 -0.004068 1.240401 0.099676 0.499040 0.00
16.19 0.299854 -0.004059 0.715710 0.161890 0.245602 0.00
16.20 0.299439 -0.004036 0.281930 0.124056 0.154280 0.00
16.21 0.312939 -0.004135 1.072152 0.058707 0.508374 0.00
16.22 0.315340 -0.007884 0.692437 -0.085280 0.641802 0.00
16.23 0.315238 -0.008565 0.469788 0.086668 0.350187 0.00
16.24 0.328914 -0.004765 1.222052 0.333814 0.207761 0.00
16.25 0.331120 -0.003912 0.588769 0.225880 0.132797 0.00
16.26 0.344705 -0.007745 1.155789 -0.141007 0.880952 0.00
16.27 0.347005 -0.008562 0.872232 0.116079 0.458980 0.00
16.28 0.360828 -0.004695 1.394830 0.377102 0.222038 0.00
16.29 0.362768 -0.000077 0.626327 0.480680 -0.243825 0.00
16.30 0.376046 0.000562 0.981247 0.139107 0.325970 0.00
16.31 0.378037 0.000355 0.560545 0.123180 0.214715 0.00
16.32 0.391800 0.000253 1.198672 0.077853 0.492594 0.00
16.33 0.394036 0.000272 0.712761 0.156987 0.229020 0.00
16.34 0.393680 -0.003444 0.280027 -0.110397 0.508482 0.00
16.35 0.407310 -0.004280 1.237454 0.017791 0.670207 0.00
16.36 0.409824 -0.004156 0.818966 0.182629 0.312157 0.00
16.37 0.423552 -0.000267 1.310708 0.369803 0.163697 0.00
16.38 0.425482 0.004275 0.578234 0.462571 -0.274681 0.00
16.39 0.438813 0.001136 0.959776 -0.106629 0.672333 0.00
16.40 0.440962 0.000190 0.718730 0.075705 0.366473 0.00
16.41 0.440823 0.003992 0.357662 0.362618 -0.199649 0.00
16.42 0.454269 0.004739 0.938056 0.117067 0.313256 0.00
16.43 0.456494 0.004664 0.561024 0.123769 0.183820 0.00
16.44 0.456291 0.004632 0.229889 0.098909 0.109609 0.00
16.45 0.455896 0.004574 0.089622 0.069014 0.104714 0.00
16.46 0.469743 0.000736 1.023855 -0.199174 0.840557 0.00
16.47 0.472452 0.000051 0.849485 0.099917 0.395897 0.00
16.48 0.472401 0.000252 0.413754 0.155112 0.176472 0.00
16.49 0.471862 0.000298 0.159321 0.110120 0.152760 0.00
16.50 0.485561 0.000210 1.052621 0.058420 0.522089 0.00
16.51 0.488089 0.000247 0.704308 0.158519 0.275144 0.00
16.52 0.487908 0.000328 0.310171 0.138708 0.171740 0.00
16.53 0.487439 0.000285 0.132583 0.097274 0.169848 0.00
16.54 0.487202 0.000220 0.097037 0.079653 0.182824 0.00
16.55 0.487144 0.000190 0.104875 0.078238 0.187749 0.00
16.56 0.487155 -0.003576 0.113824 -0.153667 0.564696 0.00
16.57 0.487290 -0.004319 0.289650 0.041834 0.372600 0.00
16.58 0.487420 -0.004205 0.254067 0.117818 0.257333 0.00
16.59 0.487357 -0.004115 0.179766 0.115236 0.235026 0.00
16.60 0.487264 -0.004112 0.146825 0.103213 0.240298 0.00
16.61 0.487229 -0.007888 0.143504 -0.135189 0.622094 0.00
16.62 0.501379 -0.008665 1.282115 0.037367 0.782718 0.00
16.63 0.504139 -0.008471 0.895920 0.219601 0.410846 0.00
16.64 0.503884 -0.000766 0.415368 0.663454 -0.470168 0.00
16.65 0.517083 0.004419 0.815598 0.431948 -0.109485 0.00
16.66 0.519055 0.001179 0.321649 -0.064564 0.450301 0.00
16.67 0.518938 0.000198 0.283527 0.035528 0.320174 0.00
16.68 0.518831 0.003925 0.215523 0.331378 -0.161110 0.00
16.69 0.518586 0.004722 -0.024122 0.138556 0.005616 0.00
16.70 0.518376 0.000851 -0.016104 -0.180197 0.500279 0.00
16.71 0.518528 0.000005 0.227718 0.013012 0.335159 0.00
16.72 0.518740 0.000109 0.227883 0.100700 0.216081 0.00
16.73 0.518715 0.003974 0.159189 0.337146 -0.188094 0.00
16.74 0.518505 0.004730 -0.049652 0.131119 0.007090 0.00
16.75 0.518341 0.000842 -0.019571 -0.183670 0.503934 0.00
16.76 0.518522 0.000000 0.230314 0.012849 0.336307 0.00
16.77 0.518743 0.000109 0.229712 0.101197 0.216024 0.00
16.78 0.518717 0.003975 0.159664 0.337392 -0.188278 0.00
16.79 0.518506 0.004730 -0.049697 0.131153 0.007024 0.00
16.80 0.518334 0.004604 -0.019975 0.050409 0.126943 0.00
16.81 0.518389 0.004507 0.056962 0.052681 0.150638 0.00
16.82 0.518483 0.004503 0.092048 0.065299 0.145287 0.00
16.83 0.518528 0.004518 0.096268 0.069909 0.140249 0.00
16.84 0.518536 0.004525 0.092678 0.069880 0.139000 0.00
16.85 0.518532 0.004526 0.090362 0.069159 0.139198 0.00
16.86 0.518529 0.004525 0.089834 0.068847 0.139456 0.00
16.87 0.518522 0.008286 0.089624 0.302917 -0.237450 0.00
16.88 0.518395 0.009031 -0.083254 0.108696 -0.046140 0.00
16.89 0.518269 0.008919 -0.047570 0.032975 0.068779 0.00
16.90 0.518333 0.008830 0.026380 0.035487 0.091055 0.00
16.91 0.518418 0.012588 0.058844 0.281543 -0.291169 0.00
16.92 0.518334 0.013348 -0.110537 0.091573 -0.104642 0.00
16.93 0.518207 0.017004 -0.078723 0.249859 -0.367856 0.00
16.94 0.518142 0.017660 -0.179973 0.057423 -0.154064 0.00
16.95 0.518105 0.017544 -0.112028 -0.006654 -0.044120 0.00
16.96 0.518203 0.021230 -0.034678 0.234214 -0.403541 0.00
16.97 0.518169 0.025740 -0.178617 0.285975 -0.595614 0.00
16.98 0.503924 0.026414 -1.276585 0.041362 -0.644740 0.00
16.99 0.501237 0.026136 -0.818247 -0.138029 -0.251710 0.00
17.00 0.487544 0.022215 -1.268934 -0.314480 -0.103671 0.00
17.01 0.485654 0.021444 -0.524504 -0.166650 -0.047134 0.00
17.02 0.472213 0.025338 -1.079771 0.209455 -0.804771 0.00
17.03 0.469937 0.026174 -0.805218 -0.049075 -0.384104 0.00
17.04 0.456100 0.026069 -1.333440 -0.077972 -0.523246 0.00
17.05 0.439996 0.022219 -1.701038 -0.354709 -0.216233 0.00
17.06 0.423961 0.021384 -1.667266 -0.194697 -0.414216 0.00
17.07 0.422213 0.021409 -0.765905 -0.154044 -0.176202 0.00
17.08 0.409024 0.021554 -1.188522 -0.053326 -0.458455 0.00
17.09 0.393043 0.021641 -1.624982 -0.088239 -0.564013 0.00
17.10 0.376805 0.025338 -1.813413 0.096410 -0.943701 0.00
17.11 0.360716 0.026005 -2.022750 -0.118434 -0.743898 0.00
17.12 0.344826 0.022094 -1.980281 -0.431651 -0.253172 0.00
17.13 0.315291 0.013752 -2.689237 -0.681412 -0.025326 0.00
17.14 0.297435 0.008524 -1.994012 -0.546447 0.098707 0.00
17.15 0.268229 0.008036 -2.522059 -0.157458 -0.602164 0.00
17.16 0.250287 0.004533 -2.210316 -0.397999 -0.128997 0.00
17.17 0.234833 0.000075 -1.743685 -0.431661 0.134822 0.00
17.18 0.205695 -0.000496 -2.434798 -0.118532 -0.516122 0.00
17.19 0.187599 -0.000340 -2.162447 -0.141343 -0.409106 0.00
17.20 0.171959 -0.000325 -1.869110 -0.134446 -0.331368 0.00
17.21 0.156593 -0.000293 -1.732446 -0.111145 -0.326831 0.00
17.22 0.141067 -0.000255 -1.702527 -0.100725 -0.340019 0.00
17.23 0.111374 -0.000213 -2.671176 -0.079691 -0.700633 0.00
17.24 0.093031 -0.000297 -2.328182 -0.189412 -0.450236 0.00
17.25 0.077489 -0.000397 -1.927843 -0.170839 -0.351275 0.00
17.26 0.048228 -0.004095 -2.710929 -0.342644 -0.329933 0.00
17.27 0.030253 -0.004862 -2.152608 -0.238639 -0.284050 0.00
17.28 0.000879 -0.008553 -2.755485 -0.354320 -0.279333 0.00
17.29 -0.016925 -0.009247 -2.133649 -0.229895 -0.241246 0.00
17.30 -0.032193 -0.009166 -1.766164 -0.129741 -0.265208 0.00
17.31 -0.047477 -0.009023 -1.673171 -0.094657 -0.292515 0.00
17.32 -0.063059 -0.005201 -1.678929 0.140862 -0.682577 0.00
17.33 -0.092920 -0.004423 -2.830179 -0.037696 -0.847722 0.00
17.34 -0.111403 -0.004626 -2.450448 -0.224028 -0.480752 0.00
17.35 -0.126874 -0.008579 -1.973898 -0.436615 0.017567 0.00
17.36 -0.155914 -0.013025 -2.550489 -0.401894 -0.157835 0.00
17.37 -0.187750 -0.013639 -2.986245 -0.196017 -0.582542 0.00
17.38 -0.205780 -0.017342 -2.351847 -0.441866 0.006237 0.00
17.39 -0.234895 -0.021779 -2.673096 -0.414505 -0.076251 0.00
17.40 -0.252409 -0.022403 -2.007769 -0.209213 -0.133365 0.00
17.41 -0.267634 -0.022226 -1.686906 -0.101447 -0.184315 0.00
17.42 -0.282964 -0.025827 -1.625402 -0.309309 0.166542 0.00
17.43 -0.298458 -0.022760 -1.465673 0.115821 -0.410919 0.00
17.44 -0.328204 -0.021876 -2.651071 0.012410 -0.689606 0.00
17.45 -0.346749 -0.021992 -2.343450 -0.175984 -0.344893 0.00
17.46 -0.362310 -0.025941 -1.899074 -0.400243 0.158473 0.00
17.47 -0.377368 -0.026665 -1.517513 -0.157420 -0.038438 0.00
17.48 -0.392677 -0.026484 -1.513500 -0.061715 -0.176641 0.00
17.49 -0.408386 -0.026363 -1.600807 -0.064859 -0.211352 0.00
17.50 -0.424198 -0.026360 -1.647982 -0.082151 -0.212104 0.00
17.51 -0.439967 -0.026384 -1.658820 -0.090628 -0.212348 0.00
17.52 -0.441662 -0.026424 -0.697026 -0.115270 0.133988 0.00
17.53 -0.454751 -0.022588 -1.051182 0.222774 -0.505922 0.00
17.54 -0.456744 -0.018019 -0.671923 0.216455 -0.451642 0.00
17.55 -0.470563 -0.017355 -1.348492 0.006275 -0.409143 0.00
17.56 -0.472731 -0.017562 -0.723234 -0.131689 -0.018122 0.00
17.57 -0.486202 -0.017655 -1.147399 -0.058846 -0.259685 0.00
17.58 -0.502200 -0.017628 -1.548382 -0.083245 -0.366751 0.00
17.59 -0.504373 -0.013951 -0.761735 0.087178 -0.401611 0.00
17.60 -0.517817 -0.013192 -1.324075 -0.020300 -0.460881 0.00
17.61 -0.519861 -0.013272 -0.728406 -0.143726 -0.101066 0.00
17.62 -0.533360 -0.013335 -1.185197 -0.079299 -0.342504 0.00
17.63 -0.535365 -0.013341 -0.633919 -0.130850 -0.094681 0.00
17.64 -0.548945 -0.013325 -1.161096 -0.067941 -0.358405 0.00
17.65 -0.551040 -0.013328 -0.640266 -0.130491 -0.105865 0.00
17.66 -0.550629 -0.013351 -0.208503 -0.093339 -0.014290 0.00
17.67 -0.564139 -0.009491 -0.999405 0.205861 -0.745145 0.00
17.68 -0.566659 -0.008759 -0.792240 -0.078515 -0.310208 0.00
17.69 -0.580588 -0.008910 -1.322909 -0.110144 -0.445755 0.00
17.70 -0.582673 -0.012795 -0.722026 -0.406595 0.211514 0.00
17.71 -0.596073 -0.013546 -1.038277 -0.139512 -0.244043 0.00
17.72 -0.597996 -0.013427 -0.543119 -0.120703 -0.110864 0.00
17.73 -0.597636 -0.013352 -0.186565 -0.085199 -0.043262 0.00
17.74 -0.611231 -0.013249 -1.012005 -0.032529 -0.391966 0.00
17.75 -0.613669 -0.013277 -0.636221 -0.127269 -0.143351 0.00
17.76 -0.613449 -0.013349 -0.236975 -0.104934 -0.041798 0.00
17.77 -0.612971 -0.013301 -0.060808 -0.063289 -0.040720 0.00
17.78 -0.612742 -0.009475 -0.027008 0.188092 -0.430707 0.00
17.79 -0.612819 -0.004939 -0.208631 0.229156 -0.621192 0.00
17.80 -0.627107 -0.004276 -1.316696 -0.021301 -0.665621 0.00
17.81 -0.629808 -0.004562 -0.857120 -0.201566 -0.270884 0.00
17.82 -0.629470 -0.008511 -0.343663 -0.399302 0.227983 0.00
17.83 -0.642752 -0.012935 -0.913005 -0.357665 0.053781 0.00
17.84 -0.644836 -0.013562 -0.386563 -0.171031 -0.015276 0.00
17.85 -0.658563 -0.013389 -1.065794 -0.053278 -0.404766 0.00
17.86 -0.660877 -0.013329 -0.648727 -0.133428 -0.163655 0.00
17.87 -0.660602 -0.013371 -0.245853 -0.110984 -0.061549 0.00
17.88 -0.660115 -0.013318 -0.071435 -0.070672 -0.059326 0.00
17.89 -0.659879 -0.013254 -0.038004 -0.053916 -0.071830 0.00
17.90 -0.659830 -0.009464 -0.046619 0.181342 -0.453534 0.00
17.91 -0.659961 -0.008714 -0.228181 -0.015112 -0.262142 0.00
17.92 -0.660097 -0.008829 -0.195283 -0.092068 -0.146441 0.00
17.93 -0.660036 -0.008920 -0.121389 -0.089789 -0.123841 0.00
17.94 -0.659945 -0.008923 -0.088249 -0.077760 -0.129048 0.00
17.95 -0.659902 -0.008909 -0.084471 -0.073410 -0.133871 0.00
17.96 -0.659895 -0.008902 -0.087981 -0.073465 -0.135054 0.00
17.97 -0.659905 -0.005140 -0.090514 0.159941 -0.511847 0.00
17.98 -0.660034 -0.004395 -0.264006 -0.034609 -0.320285 0.00
17.99 -0.660154 -0.008269 -0.227937 -0.344476 0.171715 0.00
18.00 -0.659964 -0.009104 0.019119 -0.147681 0.002676 0.00
18.01 -0.659746 -0.008995 0.016283 -0.059967 -0.117506 0.00
18.02 -0.659767 -0.008891 -0.054048 -0.058190 -0.144577 0.00
18.03 -0.659852 -0.008881 -0.090355 -0.070220 -0.140501 0.00
18.04 -0.659898 -0.008895 -0.096177 -0.075197 -0.135515 0.00
18.05 -0.659907 -0.008903 -0.093138 -0.075418 -0.134108 0.00
18.06 -0.659905 -0.008904 -0.090834 -0.074751 -0.134232 0.00
18.07 -0.659902 -0.008903 -0.090235 -0.074426 -0.134482 0.00
18.08 -0.659901 -0.008903 -0.090301 -0.074383 -0.134570 0.00
18.09 -0.659901 -0.008902 -0.090415 -0.074411 -0.134571 0.00
18.10 -0.659894 -0.012664 -0.090139 -0.308530 0.242431 0.00
18.11 -0.659768 -0.013409 0.082852 -0.114280 0.051121 0.00
18.12 -0.659642 -0.013297 0.047208 -0.038540 -0.063811 0.00
18.13 -0.659706 -0.013207 -0.026733 -0.041048 -0.086090 0.00
18.14 -0.659798 -0.013204 -0.059518 -0.053004 -0.080857 0.00
18.15 -0.659833 -0.016980 -0.062820 -0.291388 0.300919 0.00
18.16 -0.659713 -0.017732 0.113701 -0.097061 0.110766 0.00
18.17 -0.659584 -0.017621 0.080249 -0.020629 -0.004367 0.00
18.18 -0.645614 -0.017556 0.968864 -0.044618 0.323881 0.00
18.19 -0.643069 -0.021231 0.583547 -0.184850 0.449293 0.00
18.20 -0.643164 -0.021898 0.346358 -0.017042 0.158263 0.00
18.21 -0.643526 -0.021838 0.131532 0.015357 0.043609 0.00
18.22 -0.643823 -0.025578 0.024007 -0.238723 0.411685 0.00
18.23 -0.643845 -0.026350 0.173017 -0.057499 0.230389 0.00
18.24 -0.643749 -0.030018 0.142878 -0.217822 0.497072 0.00
18.25 -0.643684 -0.030678 0.248223 -0.024752 0.283827 0.00
18.26 -0.629605 -0.034348 1.144403 -0.215920 0.901365 0.00
18.27 -0.626952 -0.034936 0.887199 0.077552 0.435552 0.00
18.28 -0.613079 -0.030998 1.377331 0.331564 0.196255 0.00
18.29 -0.597137 -0.026406 1.555197 0.405889 0.086059 0.00
18.30 -0.595278 -0.025668 0.593758 0.189797 0.050787 0.00
18.31 -0.582068 -0.025893 1.083118 0.024335 0.442921 0.00
18.32 -0.565976 -0.026052 1.593230 0.063903 0.567503 0.00
18.33 -0.563680 -0.025960 0.847584 0.146269 0.213750 0.00
18.34 -0.550310 -0.025950 1.238279 0.064613 0.457543 0.00
18.35 -0.534356 -0.026000 1.634422 0.089829 0.562300 0.00
18.36 -0.518170 -0.025944 1.809476 0.132638 0.569756 0.00
18.37 -0.502224 -0.025875 1.846147 0.151881 0.563324 0.00
18.38 -0.486462 -0.022079 1.841440 0.389758 0.187725 0.00
18.39 -0.470884 -0.017562 1.663463 0.430072 0.008162 0.00
18.40 -0.455431 -0.016925 1.527166 0.161519 0.321191 0.00
18.41 -0.439790 -0.013361 1.640145 0.324801 0.087750 0.00
18.42 -0.424038 -0.016464 1.578277 -0.086376 0.679142 0.00
18.43 -0.408189 -0.017303 1.827222 0.051080 0.598725 0.00
18.44 -0.392234 -0.017253 1.869359 0.136197 0.506121 0.00
18.45 -0.376495 -0.013392 1.825878 0.381613 0.106675 0.00
18.46 -0.360969 -0.008861 1.624447 0.415437 -0.072084 0.00
18.47 -0.331515 -0.008257 2.445396 0.121632 0.594909 0.00
18.48 -0.313244 -0.008377 2.207514 0.156224 0.482833 0.00
18.49 -0.297551 -0.008372 1.913388 0.151646 0.401421 0.00
18.50 -0.282188 -0.004638 1.771170 0.361516 0.019349 0.00
18.51 -0.252762 -0.003957 2.527995 0.134238 0.574988 0.00
18.52 -0.234607 -0.000243 2.216813 0.398885 0.066275 0.00
18.53 -0.219136 0.000507 1.721231 0.188942 0.181752 0.00
18.54 -0.189906 0.004089 2.575004 0.297688 0.269876 0.00
18.55 -0.171822 0.004783 2.094732 0.200756 0.241255 0.00
18.56 -0.156373 0.004742 1.765010 0.116012 0.256292 0.00
18.57 -0.141032 0.004624 1.670230 0.083603 0.279048 0.00
18.58 -0.125448 0.000807 1.669820 -0.153163 0.668669 0.00
18.59 -0.109624 0.000054 1.856436 0.046172 0.483554 0.00
18.60 -0.093775 0.000174 1.829171 0.126436 0.373610 0.00
18.61 -0.078125 0.004033 1.759304 0.361179 -0.020153 0.00
18.62 -0.062628 0.004788 1.556927 0.157575 0.182333 0.00
18.63 -0.047082 0.004667 1.592477 0.080104 0.308112 0.00
18.64 -0.031310 0.004577 1.673639 0.085293 0.337600 0.00
18.65 -0.015500 0.004580 1.712373 0.100578 0.338194 0.00
18.66 0.000260 0.004602 1.720226 0.107797 0.339179 0.00
18.67 0.015990 0.000854 1.720659 -0.123711 0.720951 0.00
18.68 0.031827 0.000115 1.895078 0.072457 0.535860 0.00
18.69 0.061690 0.003968 2.824403 0.362852 0.400991 0.00
18.70 0.079836 0.008652 2.228233 0.508596 -0.057601 0.00
18.71 0.095027 0.009387 1.655510 0.207185 0.155392 0.00
18.72 0.110149 0.012893 1.582293 0.323031 -0.074483 0.00
18.73 0.125644 0.013478 1.487192 0.127797 0.154612 0.00
18.74 0.141311 0.013352 1.573482 0.070260 0.270374 0.00
18.75 0.157145 0.013286 1.660654 0.082205 0.292395 0.00
18.76 0.158942 0.009564 0.732472 -0.114985 0.317544 0.00
18.77 0.172193 0.008759 1.262829 -0.020379 0.384309 0.00
18.78 0.188224 0.005029 1.633372 -0.154456 0.756037 0.00
18.79 0.190448 0.004450 0.954590 0.104335 0.198895 0.00
18.80 0.203808 0.004555 1.278389 0.082857 0.338644 0.00
18.81 0.219647 0.008335 1.602554 0.336296 0.049722 0.00
18.82 0.235622 0.005372 1.578221 -0.060165 0.631406 0.00
18.83 0.251524 0.008331 1.822115 0.308389 0.175884 0.00
18.84 0.253323 0.009154 0.724718 0.218284 -0.073990 0.00
18.85 0.266310 0.009056 1.069254 0.047328 0.276026 0.00
18.86 0.282211 0.008896 1.521881 0.065980 0.409815 0.00
18.87 0.284430 0.008961 0.771669 0.141166 0.064601 0.00
18.88 0.297791 0.008960 1.169437 0.059870 0.310404 0.00
18.89 0.299720 0.008935 0.607572 0.108154 0.063991 0.00
18.90 0.313289 0.005149 1.136535 -0.188415 0.704727 0.00
18.91 0.315510 0.004406 0.790374 0.069021 0.260582 0.00
18.92 0.329258 0.004516 1.285524 0.086076 0.404677 0.00
18.93 0.331295 0.004616 0.687328 0.146064 0.128706 0.00
18.94 0.330789 0.004642 0.220629 0.096281 0.042557 0.00
18.95 0.344254 0.000767 1.007427 -0.207490 0.778437 0.00
18.96 0.346767 0.000027 0.803885 0.076931 0.344736 0.00
18.97 0.360700 0.000178 1.336867 0.109284 0.480081 0.00
18.98 0.362786 0.004063 0.736502 0.406045 -0.177448 0.00
18.99 0.376188 0.004816 1.052659 0.138990 0.278031 0.00
19.00 0.378111 0.004696 0.557378 0.120150 0.144854 0.00
19.01 0.391781 0.004596 1.162868 0.062855 0.428042 0.00
19.02 0.393974 0.004601 0.673479 0.137753 0.169237 0.00
19.03 0.393605 0.004639 0.243990 0.104564 0.072852 0.00
19.04 0.393082 0.004573 0.068545 0.060965 0.074914 0.00
19.05 0.406880 0.000717 1.001336 -0.211316 0.816052 0.00
19.06 0.409584 0.000025 0.831858 0.088248 0.372465 0.00
19.07 0.409538 0.000226 0.398663 0.144301 0.152720 0.00
19.08 0.408996 0.004034 0.144369 0.333719 -0.248265 0.00
19.09 0.422576 0.000931 0.864835 -0.146325 0.689296 0.00
19.10 0.425104 0.000110 0.725035 0.072248 0.365979 0.00
19.11 0.425105 0.003976 0.368833 0.364767 -0.207056 0.00
19.12 0.438569 0.004738 0.939166 0.116750 0.305634 0.00
19.13 0.440786 0.004662 0.557362 0.121517 0.177253 0.00
19.14 0.440577 0.004627 0.225551 0.096125 0.103576 0.00
19.15 0.440181 0.004568 0.085631 0.066261 0.098767 0.00
19.16 0.439990 0.004516 0.057700 0.054032 0.106807 0.00
19.17 0.439950 0.000733 0.063453 -0.180998 0.487160 0.00
19.18 0.440078 -0.000016 0.242814 0.014844 0.295853 0.00
19.19 0.440212 0.000098 0.209318 0.091494 0.180378 0.00
19.20 0.440150 0.000189 0.135475 0.089170 0.157862 0.00
19.21 0.440059 0.000192 0.102447 0.077167 0.163074 0.00
19.22 0.440016 0.000178 0.098709 0.072835 0.167885 0.00
19.23 0.440009 0.000171 0.102217 0.072894 0.169061 0.00
19.24 0.440020 -0.003591 0.104745 -0.160513 0.545853 0.00
19.25 0.440149 -0.004335 0.278234 0.034036 0.354292 0.00
19.26 0.440269 -0.000461 0.242164 0.343903 -0.137708 0.00
19.27 0.440078 0.000373 -0.004891 0.147107 0.031332 0.00
19.28 0.439860 0.000264 -0.002056 0.059394 0.151513 0.00
19.29 0.439882 0.000160 0.068272 0.057616 0.178583 0.00
19.30 0.439967 0.000150 0.104584 0.069646 0.174510 0.00
19.31 0.440013 0.000164 0.110406 0.074624 0.169523 0.00
19.32 0.440022 0.000172 0.107368 0.074844 0.168115 0.00
19.33 0.440019 0.000173 0.105063 0.074178 0.168239 0.00
19.34 0.440017 0.000172 0.104463 0.073853 0.168490 0.00
19.35 0.440016 0.000172 0.104531 0.073810 0.168578 0.00
19.36 0.440009 0.003933 0.104330 0.307938 -0.208410 0.00
19.37 0.439882 0.004678 -0.068623 0.113703 -0.017107 0.00
19.38 0.439756 0.004566 -0.032969 0.037967 0.097821 0.00
19.39 0.439820 0.004476 0.040971 0.040476 0.120099 0.00
19.40 0.439905 0.008235 0.073433 0.286531 -0.262125 0.00
19.41 0.439821 0.008995 -0.095947 0.096561 -0.075597 0.00
19.42 0.439701 0.008889 -0.063818 0.020748 0.038176 0.00
19.43 0.439755 0.012561 0.007610 0.256666 -0.316335 0.00
19.44 0.439718 0.013303 -0.133088 0.074075 -0.130008 0.00
19.45 0.439633 0.013205 -0.093717 0.002593 -0.019787 0.00
19.46 0.439697 0.016883 -0.023500 0.239162 -0.375662 0.00
19.47 0.439660 0.017626 -0.165880 0.056189 -0.189395 0.00
19.48 0.439566 0.021289 -0.127409 0.218543 -0.455995 0.00
19.49 0.439510 0.021951 -0.229890 0.026699 -0.243489 0.00
19.50 0.439465 0.025598 -0.163864 0.196353 -0.510583 0.00
19.51 0.425411 0.026293 -1.221825 0.030390 -0.652317 0.00
19.52 0.422747 0.029863 -0.804375 0.094812 -0.663959 0.00
19.53 0.422902 0.030441 -0.495447 -0.071179 -0.350451 0.00
19.54 0.409330 0.026642 -1.210093 -0.304244 -0.214572 0.00
19.55 0.393141 0.025832 -1.534865 -0.169778 -0.495722 0.00
19.56 0.390972 0.025803 -0.790732 -0.164718 -0.260593 0.00
19.57 0.377572 0.025890 -1.245003 -0.078641 -0.532688 0.00
19.58 0.361539 0.025952 -1.675137 -0.114683 -0.634266 0.00
19.59 0.345310 0.025884 -1.855957 -0.162283 -0.636996 0.00
19.60 0.329363 0.022046 -1.889548 -0.415919 -0.252164 0.00
19.61 0.313729 0.017504 -1.709648 -0.458932 -0.067964 0.00
19.62 0.298273 0.016861 -1.567051 -0.189093 -0.380560 0.00
19.63 0.282631 0.017059 -1.677749 -0.117259 -0.524639 0.00
19.64 0.266770 0.013386 -1.787966 -0.368263 -0.171032 0.00
19.65 0.251048 0.012623 -1.655493 -0.192978 -0.358357 0.00
19.66 0.235410 0.012708 -1.695135 -0.124155 -0.473323 0.00
19.67 0.219627 0.012784 -1.767103 -0.128554 -0.500639 0.00
19.68 0.203827 0.012781 -1.800920 -0.142160 -0.501868 0.00
19.69 0.174042 0.012787 -2.769959 -0.126988 -0.854200 0.00
19.70 0.155691 0.012692 -2.417633 -0.235356 -0.602393 0.00
19.71 0.126142 0.005096 -2.974309 -0.661647 -0.100886 0.00
19.72 0.108541 -0.000198 -2.095879 -0.572008 0.144855 0.00
19.73 0.079604 -0.004487 -2.517232 -0.400925 -0.165256 0.00
19.74 0.047901 -0.008689 -2.966279 -0.411981 -0.243263 0.00
19.75 0.029979 -0.009336 -2.185824 -0.238866 -0.219561 0.00
19.76 0.000836 -0.012921 -2.723013 -0.335518 -0.220582 0.00
19.77 -0.016876 -0.013576 -2.094504 -0.209288 -0.183356 0.00
19.78 -0.032128 -0.013487 -1.730632 -0.110516 -0.206769 0.00
19.79 -0.047421 -0.009583 -1.639997 0.157796 -0.610552 0.00
19.80 -0.063124 -0.008778 -1.818814 -0.035265 -0.432113 0.00
19.81 -0.078955 -0.008883 -1.799249 -0.117073 -0.322840 0.00
19.82 -0.108648 -0.008956 -2.695979 -0.097552 -0.656054 0.00
19.83 -0.126907 -0.009050 -2.314595 -0.194511 -0.410018 0.00
19.84 -0.142394 -0.012897 -1.907475 -0.404752 0.060730 0.00
19.85 -0.157494 -0.013596 -1.558834 -0.169711 -0.136927 0.00
19.86 -0.186873 -0.013397 -2.526373 -0.057338 -0.622050 0.00
19.87 -0.205225 -0.013366 -2.260112 -0.167210 -0.398399 0.00
19.88 -0.220851 -0.017218 -1.898684 -0.396098 0.082472 0.00
19.89 -0.236010 -0.017942 -1.553161 -0.166624 -0.108371 0.00
19.90 -0.265396 -0.017752 -2.515028 -0.053745 -0.592170 0.00
19.91 -0.283742 -0.017721 -2.245695 -0.162552 -0.368938 0.00
19.92 -0.299364 -0.021572 -1.883708 -0.391050 0.111572 0.00
19.93 -0.314522 -0.022295 -1.538378 -0.161561 -0.079364 0.00
19.94 -0.329878 -0.022130 -1.538330 -0.070505 -0.212375 0.00
19.95 -0.345595 -0.022017 -1.621790 -0.073537 -0.245861 0.00
19.96 -0.361403 -0.022014 -1.666571 -0.090068 -0.246842 0.00
19.97 -0.377169 -0.022037 -1.676887 -0.098228 -0.247355 0.00
19.98 -0.392901 -0.018291 -1.677600 0.133030 -0.628863 0.00
19.99 -0.394708 -0.017578 -0.889726 -0.084886 -0.092951 0.00
20.00 -0.407917 -0.017613 -1.209913 -0.057108 -0.241055 1.00
20.01 -0.423375 -0.021106 -1.077800 -0.027747 -0.186951 1.00
20.02 -0.424889 -0.014041 -0.061556 0.631025 -0.857922 1.00
20.03 -0.424228 -0.001049 0.084428 1.075510 -1.623848 1.00
20.04 -0.410232 0.008666 0.708737 0.831934 -1.249624 1.00
20.05 -0.407941 0.013568 0.254389 0.563980 -1.119805 1.00
20.06 -0.408132 0.021443 0.014969 0.690606 -1.499946 1.00
20.07 -0.408529 0.026374 -0.231233 0.463692 -1.359197 1.00
20.08 -0.408785 0.034309 -0.226669 0.606566 -1.682597 1.00
20.09 -0.422945 0.039311 -1.317471 0.420908 -1.881051 1.00
20.10 -0.439698 0.043464 -1.891055 0.255578 -1.925265 1.00
20.11 -0.442096 0.043776 -1.087537 -0.073604 -1.228753 1.00
20.12 -0.455288 0.039813 -1.291073 -0.266634 -0.976945 1.00
20.13 -0.470860 0.039067 -1.402879 -0.073572 -1.267922 1.00
20.14 -0.486782 0.042912 -1.587485 0.208741 -1.779554 1.00
20.15 -0.502885 0.047460 -1.876611 0.229186 -1.986266 1.00
20.16 -0.533034 0.048092 -3.011060 -0.036204 -2.027275 1.00
20.17 -0.551479 0.044020 -2.549680 -0.455088 -1.257059 1.00
20.18 -0.580750 0.035581 -2.822570 -0.672262 -0.928942 1.00
20.19 -0.612124 0.034197 -2.903704 -0.234077 -1.536167 1.00
20.20 -0.643829 0.030684 -3.218789 -0.361094 -1.426684 1.00
20.21 -0.675567 0.026287 -3.264357 -0.438474 -1.281033 1.00
20.22 -0.707023 0.025607 -3.195789 -0.202983 -1.579695 1.00
20.23 -0.738477 0.025756 -3.308554 -0.141480 -1.718268 1.00
20.24 -0.770057 0.022063 -3.410616 -0.393353 -1.368948 1.00
20.25 -0.801475 0.017534 -3.276241 -0.452822 -1.186235 1.00
20.26 -0.832695 0.016870 -3.145924 -0.191771 -1.499167 1.00
20.27 -0.864072 0.020814 -3.258053 0.111009 -2.024560 1.00
20.28 -0.895771 0.017879 -3.542529 -0.336199 -1.485748 1.00
20.29 -0.927325 0.013237 -3.377115 -0.473019 -1.187448 1.00
20.30 -0.958480 0.008720 -3.173271 -0.444110 -1.100580 1.00
20.31 -0.989632 0.008154 -3.078977 -0.169224 -1.445406 1.00
20.32 -1.035074 0.008387 -4.184639 -0.086202 -1.945416 1.00
20.33 -1.069315 0.004617 -3.952525 -0.449883 -1.337463 1.00
20.34 -1.100576 -0.000012 -3.415523 -0.489737 -1.048013 1.00
20.35 -1.131313 -0.004396 -3.101216 -0.419582 -0.982413 1.00
20.36 -1.176343 -0.004867 -3.965002 -0.116431 -1.686508 1.00
20.37 -1.210366 -0.004725 -3.767703 -0.163823 -1.579336 1.00
20.38 -1.241816 -0.004746 -3.487655 -0.167706 -1.499369 1.00
20.39 -1.286938 -0.008469 -4.310245 -0.359382 -1.472372 1.00
20.40 -1.320670 -0.013027 -3.753654 -0.495960 -1.049448 1.00
20.41 -1.365634 -0.017477 -4.180849 -0.418956 -1.241285 1.00
20.42 -1.399020 -0.018064 -3.595678 -0.220366 -1.324696 1.00
20.43 -1.430064 -0.017899 -3.305572 -0.125053 -1.377291 1.00
20.44 -1.461147 -0.021520 -3.249032 -0.338685 -1.028455 1.00
20.45 -1.492353 -0.022224 -3.088989 -0.149987 -1.234055 1.00
20.46 -1.523652 -0.022118 -3.141069 -0.082909 -1.359516 1.00
20.47 -1.555155 -0.022044 -3.225211 -0.092159 -1.392707 1.00
20.48 -1.572656 -0.018320 -2.303636 0.102743 -1.425408 1.00
20.49 -1.601625 -0.017519 -2.840105 0.004836 -1.498101 1.00
20.50 -1.633366 -0.017558 -3.214715 -0.098167 -1.498602 1.00
20.51 -1.665210 -0.017705 -3.328710 -0.143620 -1.489479 1.00
20.52 -1.696788 -0.017786 -3.339046 -0.154811 -1.493445 1.00
20.53 -1.714203 -0.017840 -2.372628 -0.178921 -1.154537 1.00
20.54 -1.742985 -0.021529 -2.727266 -0.310309 -1.047565 1.00
20.55 -1.774462 -0.022191 -2.967563 -0.142887 -1.356033 1.00
20.56 -1.806245 -0.022135 -3.193778 -0.115870 -1.483986 1.00
20.57 -1.823952 -0.022151 -2.349477 -0.163688 -1.153920 1.00
20.58 -1.838872 -0.022134 -1.772166 -0.098296 -1.061630 1.00
20.59 -1.867897 -0.018230 -2.533861 0.212204 -1.807193 1.00
20.60 -1.886086 -0.013718 -2.335261 0.160836 -1.759186 1.00
20.61 -1.915850 -0.016887 -3.049002 -0.303350 -1.332597 1.00
20.62 -1.947687 -0.021611 -3.207704 -0.463142 -1.107943 1.00
20.63 -1.979238 -0.026191 -3.136505 -0.460570 -1.028181 1.00
20.64 -1.996543 -0.026830 -2.106543 -0.218526 -1.015310 1.00
20.65 -2.025363 -0.030322 -2.597527 -0.286472 -1.041137 1.00
20.66 -2.043001 -0.030929 -1.983863 -0.158449 -1.011895 1.00
20.67 -2.072294 -0.030808 -2.595580 -0.041595 -1.385663 1.00
20.68 -2.090224 -0.030752 -2.155890 -0.115119 -1.154373 1.00
20.69 -2.105627 -0.030788 -1.755132 -0.092118 -1.062223 1.00
20.70 -2.120858 -0.026975 -1.588275 0.179448 -1.443958 1.00
20.71 -2.136467 -0.026172 -1.733506 -0.001301 -1.270979 1.00
20.72 -2.152261 -0.022501 -1.710600 0.155339 -1.543564 1.00
20.73 -2.168043 -0.021847 -1.821868 -0.041258 -1.335857 1.00
20.74 -2.183809 -0.018209 -1.760145 0.125231 -1.608404 1.00
20.75 -2.185516 -0.017572 -0.897263 -0.086855 -1.054533 1.00
20.76 -2.198630 -0.017605 -1.188481 -0.047476 -1.208727 1.00
20.77 -2.214420 -0.017592 -1.523162 -0.066078 -1.301601 1.00
20.78 -2.230527 -0.013880 -1.681078 0.133596 -1.691667 1.00
20.79 -2.232549 -0.009457 -0.930634 0.134437 -1.523539 1.00
20.80 -2.245943 -0.008773 -1.420098 -0.034100 -1.475949 1.00
20.81 -2.261892 -0.012654 -1.713539 -0.364609 -1.072093 1.00
20.82 -2.277799 -0.013541 -1.617683 -0.200898 -1.253845 1.00
20.83 -2.293493 -0.013489 -1.656564 -0.129478 -1.371533 1.00
20.84 -2.295257 -0.009679 -0.764359 0.080506 -1.427007 1.00
20.85 -2.308554 -0.008852 -1.323599 -0.021067 -1.494242 1.00
20.86 -2.324620 -0.005129 -1.701899 0.108519 -1.862387 1.00
20.87 -2.326854 -0.004556 -1.022073 -0.151032 -1.303789 1.00
20.88 -2.340207 -0.008424 -1.343834 -0.363291 -1.066446 1.00
20.89 -2.355917 -0.012949 -1.494394 -0.422202 -0.969010 1.00
20.90 -2.371765 -0.009873 -1.505687 0.050062 -1.665711 1.00
20.91 -2.387738 -0.008981 -1.823903 -0.086914 -1.609462 1.00
20.92 -2.389756 -0.009056 -0.932323 -0.203032 -1.163034 1.00
20.93 -2.402905 -0.012846 -1.244520 -0.346205 -1.016339 1.00
20.94 -2.418629 -0.009767 -1.446981 0.066079 -1.694984 1.00
20.95 -2.434783 -0.008952 -1.832508 -0.093199 -1.629600 1.00
20.96 -2.450919 -0.009040 -1.911729 -0.191373 -1.531050 1.00
20.97 -2.452683 -0.012949 -0.905546 -0.461121 -0.776858 1.00
20.98 -2.465584 -0.017402 -1.051367 -0.388154 -0.854281 1.00
20.99 -2.481180 -0.017938 -1.314242 -0.137363 -1.275407 1.00
21.00 -2.497301 -0.017780 -1.611415 -0.109289 -1.421217 1.00
21.01 -2.513415 -0.017759 -1.760026 -0.145012 -1.430806 1.00
21.02 -2.515295 -0.017834 -0.830541 -0.187360 -1.070800 1.00
21.03 -2.528426 -0.017785 -1.178243 -0.086194 -1.327592 1.00
21.04 -2.530282 -0.017728 -0.617646 -0.130671 -1.087182 1.00
21.05 -2.529809 -0.017721 -0.191927 -0.091428 -1.000854 1.00
21.06 -2.529289 -0.013881 -0.029201 0.184019 -1.381132 1.00
21.07 -2.543227 -0.009281 -1.140200 0.260055 -1.929967 1.00
21.08 -2.546070 -0.004943 -0.935985 0.118290 -1.747836 1.00
21.09 -2.546088 -0.004490 -0.601368 -0.129465 -1.314385 1.00
21.10 -2.559610 -0.008388 -1.240442 -0.360793 -1.154520 1.00
21.11 -2.561675 -0.009228 -0.568138 -0.235589 -1.090118 1.00
21.12 -2.575201 -0.009134 -1.134481 -0.098321 -1.467529 1.00
21.13 -2.577371 -0.009054 -0.683893 -0.161947 -1.237880 1.00
21.14 -2.577056 -0.005312 -0.283538 0.098161 -1.518610 1.00
21.15 -2.576694 -0.004507 -0.288440 -0.056875 -1.325780 1.00
21.16 -2.590630 -0.000770 -1.184376 0.138983 -1.950580 1.00
21.17 -2.593269 -0.000169 -0.939255 -0.157692 -1.484644 1.00
21.18 -2.607153 -0.004109 -1.434423 -0.413850 -1.244081 1.00
21.19 -2.609071 -0.008729 -0.650745 -0.510466 -0.782542 1.00
21.20 -2.622332 -0.009361 -1.003696 -0.166737 -1.354712 1.00
21.21 -2.638350 -0.009124 -1.546480 -0.129106 -1.594655 1.00
21.22 -2.640713 -0.009129 -0.870689 -0.211674 -1.264890 1.00
21.23 -2.654165 -0.012896 -1.293020 -0.375334 -1.127216 1.00
21.24 -2.656003 -0.013630 -0.557947 -0.232339 -1.067841 1.00
21.25 -2.655409 -0.013524 -0.156010 -0.115393 -1.094991 1.00
21.26 -2.654941 -0.009593 -0.061926 0.159509 -1.498467 1.00
21.27 -2.654933 -0.005013 -0.242914 0.202411 -1.691895 1.00
21.28 -2.669213 -0.004342 -1.357266 -0.050193 -1.735626 1.00
21.29 -2.671919 -0.004630 -0.900135 -0.231648 -1.340066 1.00
21.30 -2.685622 -0.004794 -1.349218 -0.173750 -1.568665 1.00
21.31 -2.687629 -0.008581 -0.776480 -0.453882 -0.944027 1.00
21.32 -2.701062 -0.009305 -1.122652 -0.193232 -1.401194 1.00
21.33 -2.703014 -0.012953 -0.636566 -0.413362 -0.887531 1.00
21.34 -2.716570 -0.013604 -1.068665 -0.162836 -1.360429 1.00
21.35 -2.718638 -0.013499 -0.613282 -0.161695 -1.216390 1.00
21.36 -2.718330 -0.013448 -0.257036 -0.130736 -1.142433 1.00
21.37 -2.717905 -0.009617 -0.114620 0.135087 -1.516339 1.00
21.38 -2.717841 -0.005055 -0.262031 0.187052 -1.710623 1.00
21.39 -2.718049 -0.004400 -0.406165 -0.082397 -1.407670 1.00
21.40 -2.732146 -0.004573 -1.265366 -0.135611 -1.621124 1.00
21.41 -2.734627 -0.004750 -0.807999 -0.227876 -1.346753 1.00
21.42 -2.748347 -0.004807 -1.327274 -0.167901 -1.602810 1.00
21.43 -2.750439 -0.008584 -0.791183 -0.460137 -0.974120 1.00
21.44 -2.749880 -0.013109 -0.180930 -0.460407 -0.698489 1.00
21.45 -2.763123 -0.013640 -0.833985 -0.124850 -1.359218 1.00
21.46 -2.765462 -0.009689 -0.564369 0.092227 -1.629844 1.00
21.47 -2.765516 -0.008916 -0.448604 -0.094276 -1.355202 1.00
21.48 -2.765303 -0.008992 -0.275493 -0.145352 -1.228941 1.00
21.49 -2.765054 -0.009039 -0.168033 -0.130078 -1.213456 1.00
21.50 -2.764917 -0.005259 -0.138054 0.117936 -1.599454 1.00
21.51 -2.764999 -0.004494 -0.313276 -0.073251 -1.413280 1.00
21.52 -2.765125 -0.004600 -0.283490 -0.149963 -1.299051 1.00
21.53 -2.765067 -0.004691 -0.212013 -0.148381 -1.276325 1.00
21.54 -2.779016 -0.000908 -1.141917 0.119179 -2.009039 1.00
21.55 -2.781730 -0.000231 -0.958325 -0.176572 -1.565718 1.00
21.56 -2.781671 -0.000429 -0.519599 -0.230207 -1.347455 1.00
21.57 -2.795146 -0.007970 -1.226594 -0.631403 -0.920891 1.00
21.58 -2.797190 -0.009480 -0.459474 -0.318867 -1.065341 1.00
21.59 -2.810688 -0.009277 -1.090999 -0.117861 -1.551218 1.00
21.60 -2.812954 -0.012885 -0.715508 -0.421721 -0.962242 1.00
21.61 -2.812603 -0.013652 -0.170558 -0.213050 -1.051130 1.00
21.62 -2.812027 -0.013495 -0.039628 -0.101648 -1.160045 1.00
21.63 -2.811873 -0.009587 -0.079174 0.146002 -1.570361 1.00
21.64 -2.812042 -0.005050 -0.291761 0.175462 -1.755453 1.00
21.65 -2.826370 -0.004402 -1.402758 -0.078960 -1.795302 1.00
21.66 -2.829070 -0.008456 -0.939294 -0.493172 -1.022513 1.00
21.67 -2.828602 -0.013150 -0.250746 -0.495973 -0.715182 1.00
21.68 -2.841755 -0.017461 -0.855300 -0.378321 -1.004555 1.00
21.69 -2.843910 -0.014237 -0.403201 0.039922 -1.472939 1.00
21.70 -2.843824 -0.013341 -0.326259 -0.070335 -1.315111 1.00
21.71 -2.843678 -0.013326 -0.229963 -0.124729 -1.211010 1.00
21.72 -2.843524 -0.013371 -0.156063 -0.121837 -1.189960 1.00
21.73 -2.843430 -0.009606 -0.129627 0.121829 -1.571052 1.00
21.74 -2.843519 -0.008848 -0.301182 -0.069251 -1.383715 1.00
21.75 -2.843641 -0.008955 -0.269145 -0.145246 -1.269702 1.00
21.76 -2.843581 -0.009044 -0.197194 -0.143365 -1.247235 1.00
21.77 -2.843491 -0.009048 -0.164791 -0.131655 -1.252251 1.00
21.78 -2.843450 -0.009034 -0.161068 -0.127384 -1.256979 1.00
21.79 -2.843443 -0.009027 -0.164486 -0.127428 -1.258144 1.00
21.80 -2.843453 -0.005265 -0.166964 0.105995 -1.634942 1.00
21.81 -2.843582 -0.004521 -0.340465 -0.088548 -1.443393 1.00
21.82 -2.843702 -0.008395 -0.304391 -0.398417 -0.951389 1.00
21.83 -2.843505 -0.012991 -0.057022 -0.435721 -0.743440 1.00
21.84 -2.857198 -0.009840 -0.849240 0.102118 -1.782694 1.00
21.85 -2.859849 -0.008960 -0.775471 -0.120416 -1.476650 1.00
21.86 -2.859946 -0.009067 -0.443629 -0.188565 -1.275417 1.00
21.87 -2.859531 -0.012883 -0.225302 -0.393695 -0.865031 1.00
21.88 -2.859121 -0.013587 0.016013 -0.173828 -1.068940 1.00
21.89 -2.858897 -0.013436 -0.018523 -0.091694 -1.192665 1.00
21.90 -2.858952 -0.013335 -0.102100 -0.095557 -1.216466 1.00
21.91 -2.859054 -0.013333 -0.139552 -0.109153 -1.210552 1.00
21.92 -2.859102 -0.013350 -0.143922 -0.113978 -1.205252 1.00
21.93 -2.859110 -0.013357 -0.140082 -0.113905 -1.203974 1.00
21.94 -2.859106 -0.013358 -0.137647 -0.113134 -1.204201 1.00
21.95 -2.859103 -0.013357 -0.137108 -0.112807 -1.204477 1.00
21.96 -2.859103 -0.013356 -0.137216 -0.112778 -1.204559 1.00
21.97 -2.859096 -0.017118 -0.137013 -0.346913 -0.827561 1.00
21.98 -2.858970 -0.017863 0.035952 -0.152678 -1.018861 1.00
21.99 -2.858843 -0.017751 0.000302 -0.076940 -1.133790 1.00
22.00 -2.858907 -0.017661 -0.073624 -0.079449 -1.156063 1.00
22.01 -2.858992 -0.021419 -0.106113 -0.325502 -0.773851 1.00
22.02 -2.858908 -0.022180 0.063279 -0.135535 -0.960370 1.00
22.03 -2.858788 -0.022074 0.031138 -0.059721 -1.074150 1.00
22.04 -2.858842 -0.025746 -0.040293 -0.295639 -0.719638 1.00
22.05 -2.858805 -0.026488 0.100411 -0.113049 -0.905962 1.00
22.06 -2.858713 -0.030151 0.061347 -0.275666 -0.639199 1.00
22.07 -2.858658 -0.030814 0.163809 -0.083882 -0.851626 1.00
22.08 -2.858613 -0.034460 0.097854 -0.253523 -0.584524 1.00
22.09 -2.844560 -0.035156 1.155858 -0.087546 -0.442794 1.00
22.10 -2.841895 -0.038725 0.738427 -0.151963 -0.431153 1.00
22.11 -2.842051 -0.039304 0.429520 0.014029 -0.744654 1.00
22.12 -2.828478 -0.035504 1.144153 0.247096 -0.880541 1.00
22.13 -2.826320 -0.034669 0.506825 0.134401 -0.950172 1.00
22.14 -2.812743 -0.038509 1.077846 -0.232333 -0.200793 1.00
22.15 -2.810439 -0.039326 0.796735 0.025547 -0.623021 1.00
22.16 -2.796606 -0.039220 1.320175 0.052795 -0.483252 1.00
22.17 -2.780508 -0.035372 1.686619 0.328880 -0.789738 1.00
22.18 -2.764474 -0.034538 1.652999 0.168810 -0.591611 1.00
22.19 -2.748703 -0.030827 1.713611 0.340549 -0.855854 1.00
22.20 -2.733010 -0.030145 1.610550 0.151411 -0.639050 1.00
22.21 -2.717334 -0.030252 1.676225 0.088459 -0.523067 1.00
22.22 -2.715544 -0.034058 0.793865 -0.115304 -0.472767 1.00
22.23 -2.702243 -0.031116 1.352314 0.221637 -0.784498 1.00
22.24 -2.686311 -0.030330 1.555542 0.131546 -0.602170 1.00
22.25 -2.670300 -0.030295 1.699747 0.099011 -0.503544 1.00
22.26 -2.654367 -0.034070 1.778984 -0.124444 -0.106317 1.00
22.27 -2.624389 -0.034822 2.938251 0.059453 0.053917 1.00
22.28 -2.605894 -0.030848 2.551628 0.479780 -0.692200 1.00
22.29 -2.576538 -0.018652 2.858986 0.943421 -1.402402 1.00
22.30 -2.545253 -0.012747 2.771238 0.549700 -0.985825 1.00
22.31 -2.513786 -0.012355 2.945827 0.172638 -0.413338 1.00
22.32 -2.481987 -0.008905 3.271698 0.370338 -0.612908 1.00
22.33 -2.464297 -0.000657 2.310960 0.714715 -1.516635 1.00
22.34 -2.435662 0.004464 2.392731 0.406703 -1.147898 1.00
22.35 -2.418349 0.004873 1.805221 0.114933 -0.946034 1.00
22.36 -2.388983 0.004561 2.553806 -0.003599 -0.522138 1.00
22.37 -2.370877 0.000728 2.181955 -0.141180 -0.384887 1.00
22.38 -2.341237 0.003781 2.925800 0.251585 -0.704077 1.00
22.39 -2.323368 0.004683 2.191045 0.201665 -0.882281 1.00
22.40 -2.308268 0.008458 1.713841 0.320579 -1.252500 1.00
22.41 -2.279217 0.009023 2.372794 0.052823 -0.672773 1.00
22.42 -2.261196 0.012670 2.060799 0.311276 -1.172413 1.00
22.43 -2.231705 0.013379 2.539402 0.082502 -0.705903 1.00
22.44 -2.213859 0.013310 2.083859 0.086921 -0.849584 1.00
22.45 -2.198451 0.013272 1.723421 0.056879 -0.917916 1.00
22.46 -2.183176 0.013207 1.581359 0.026549 -0.914290 1.00
22.47 -2.167655 0.009395 1.559232 -0.217341 -0.522321 1.00
22.48 -2.151860 0.008633 1.743092 -0.020954 -0.704257 1.00
22.49 -2.136015 0.008748 1.718058 0.059247 -0.813316 1.00
22.50 -2.120357 0.008846 1.650015 0.060327 -0.830175 1.00
22.51 -2.090700 0.008831 2.583080 0.029408 -0.468389 1.00
22.52 -2.072398 0.008905 2.230167 0.133500 -0.714338 1.00
22.53 -2.056876 0.012759 1.830559 0.348128 -1.188615 1.00
22.54 -2.041766 0.013464 1.480809 0.113797 -0.992368 1.00
22.55 -2.026418 0.013292 1.484617 0.022827 -0.858089 1.00
22.56 -2.010698 0.013178 1.570525 0.026636 -0.824833 1.00
22.57 -1.994887 0.013176 1.615846 0.043496 -0.824131 1.00
22.58 -1.979120 0.013199 1.626040 0.051684 -0.823705 1.00
22.59 -1.977418 0.009478 0.664540 -0.157838 -0.792968 1.00
22.60 -1.964210 0.008658 1.191461 -0.067513 -0.721351 1.00
22.61 -1.948186 0.004921 1.565673 -0.201464 -0.348483 1.00
22.62 -1.945952 0.000581 0.889441 -0.176059 -0.528855 1.00
22.63 -1.932462 -0.000059 1.386713 -0.002989 -0.580673 1.00
22.64 -1.916496 0.003834 1.675113 0.326214 -0.984605 1.00
22.65 -1.900593 0.004721 1.576403 0.161310 -0.802182 1.00
22.66 -1.884902 0.004667 1.614811 0.089535 -0.684149 1.00
22.67 -1.869114 0.004592 1.684533 0.091886 -0.654836 1.00
22.68 -1.853314 0.004593 1.718131 0.105054 -0.653056 1.00
22.69 -1.837560 0.004612 1.725345 0.111714 -0.651486 1.00
22.70 -1.821846 0.008386 1.725559 0.348454 -1.023604 1.00
22.71 -1.806261 0.009138 1.554240 0.156211 -0.826113 1.00
22.72 -1.804706 0.009056 0.631081 0.104606 -1.055708 1.00
22.73 -1.791557 0.008890 1.061612 0.003927 -0.770596 1.00
22.74 -1.775571 0.008800 1.504701 0.040681 -0.665305 1.00
22.75 -1.759332 0.008867 1.694735 0.091016 -0.663197 1.00
22.76 -1.757398 0.008972 0.768953 0.133515 -1.022681 1.00
22.77 -1.744257 0.008927 1.114943 0.031026 -0.764748 1.00
22.78 -1.728363 0.005083 1.516057 -0.180892 -0.276901 1.00
22.79 -1.726082 0.004412 0.910594 0.079858 -0.811186 1.00
22.80 -1.712638 0.008274 1.267262 0.304484 -1.053578 1.00
22.81 -1.696875 0.009053 1.422617 0.133949 -0.779029 1.00
22.82 -1.680901 0.009000 1.603145 0.090064 -0.651906 1.00
22.83 -1.664930 0.008967 1.710440 0.107822 -0.631586 1.00
22.84 -1.663113 0.012779 0.779709 0.379481 -1.362098 1.00
22.85 -1.650112 0.013467 0.960472 0.084821 -0.912898 1.00
22.86 -1.634345 0.013273 1.400552 0.032853 -0.688069 1.00
22.87 -1.632122 0.013260 0.696491 0.102275 -1.009203 1.00
22.88 -1.618704 0.013246 1.121617 0.028982 -0.764967 1.00
22.89 -1.616733 0.009469 0.565581 -0.152904 -0.637994 1.00
22.90 -1.603037 0.008705 1.265416 -0.020736 -0.566755 1.00
22.91 -1.600818 0.008821 0.708923 0.117745 -0.934495 1.00
22.92 -1.587262 0.008908 1.165281 0.056301 -0.697568 1.00
22.93 -1.585253 0.008920 0.608266 0.106800 -0.945956 1.00
22.94 -1.571679 0.008903 1.132882 0.042934 -0.681777 1.00
22.95 -1.569587 0.008905 0.611712 0.105203 -0.934030 1.00
22.96 -1.555967 0.008902 1.142234 0.046293 -0.674773 1.00
22.97 -1.553866 0.008912 0.618111 0.108812 -0.928444 1.00
22.98 -1.554280 0.008935 0.184275 0.071021 -1.019850 1.00
22.99 -1.540780 0.008836 0.974391 0.005646 -0.665756 1.00
23.00 -1.538380 0.005087 0.594641 -0.138359 -0.532317 1.00
23.01 -1.538481 0.004406 0.371997 0.033585 -0.823925 1.00
23.02 -1.538829 0.004470 0.162501 0.068406 -0.940137 1.00
23.03 -1.525096 0.004470 1.017042 0.027156 -0.598905 1.00
23.04 -1.522614 0.004526 0.639722 0.119810 -0.845677 1.00
23.05 -1.522831 0.004600 0.238178 0.095598 -0.945491 1.00
23.06 -1.523310 0.004550 0.061773 0.053492 -0.945998 1.00
23.07 -1.509508 0.000698 0.990318 -0.219618 -0.205193 1.00
23.08 -1.506809 0.000005 0.818997 0.079287 -0.648488 1.00
23.09 -1.506857 0.000206 0.385534 0.135151 -0.868054 1.00
23.10 -1.507400 0.004013 0.131378 0.324578 -1.269000 1.00
23.11 -1.493827 0.004671 0.851618 0.078666 -0.708442 1.00
23.12 -1.491418 0.000834 0.539158 -0.131102 -0.463466 1.00
23.13 -1.491417 0.003842 0.391599 0.279932 -1.112885 1.00
23.14 -1.477762 0.004628 1.000223 0.110163 -0.692849 1.00
23.15 -1.475518 0.004638 0.577252 0.124376 -0.848744 1.00
23.16 -1.475776 0.004621 0.216273 0.091312 -0.921973 1.00
23.17 -1.462177 0.004528 1.031284 0.035318 -0.572383 1.00
23.18 -1.459748 0.004553 0.651936 0.128267 -0.819716 1.00
23.19 -1.459973 0.004622 0.252632 0.105608 -0.920814 1.00
23.20 -1.460451 0.004574 0.076920 0.064067 -0.921872 1.00
23.21 -1.460680 0.000748 0.043306 -0.187226 -0.531942 1.00
23.22 -1.460610 -0.000027 0.224629 0.005832 -0.718473 1.00
23.23 -1.460479 0.000080 0.197601 0.083805 -0.833508 1.00
23.24 -1.460533 0.000172 0.126415 0.082527 -0.856572 1.00
23.25 -1.446584 -0.003610 1.056073 -0.185070 -0.123897 1.00
23.26 -1.443870 -0.004287 0.872336 0.110624 -0.567190 1.00
23.27 -1.443937 -0.000327 0.433284 0.398339 -1.162419 1.00
23.28 -1.430581 0.004197 0.967636 0.371182 -1.020667 1.00
23.29 -1.428537 0.004849 0.409169 0.177165 -0.952604 1.00
23.30 -1.414848 0.004670 1.078983 0.054411 -0.559385 1.00
23.31 -1.412554 0.008364 0.662306 0.367716 -1.175881 1.00
23.32 -1.412955 0.009149 0.088196 0.151371 -1.086540 1.00
23.33 -1.399543 0.012720 0.911887 0.247940 -1.000213 1.00
23.34 -1.397211 0.013395 0.426706 0.145315 -1.030945 1.00
23.35 -1.397480 0.013343 0.096912 0.058231 -1.021050 1.00
23.36 -1.397851 0.013219 0.000343 0.023814 -1.004521 1.00
23.37 -1.397986 0.013158 -0.003745 0.018749 -0.998117 1.00
23.38 -1.397996 0.009383 0.006347 -0.212896 -0.621005 1.00
23.39 -1.397861 0.008639 0.183888 -0.016785 -0.813346 1.00
23.40 -1.397729 0.008754 0.148869 0.059454 -0.928781 1.00
23.41 -1.397792 0.008844 0.074579 0.056911 -0.951142 1.00
23.42 -1.397885 0.008847 0.041581 0.044871 -0.945867 1.00
23.43 -1.397927 0.008832 0.037915 0.040557 -0.941054 1.00
23.44 -1.397934 0.008825 0.041453 0.040628 -0.939885 1.00
23.45 -1.397931 0.008825 0.043672 0.041324 -0.940084 1.00
23.46 -1.397928 0.008826 0.044155 0.041619 -0.940334 1.00
23.47 -1.397927 0.008826 0.044048 0.041645 -0.940411 1.00
23.48 -1.397927 0.008826 0.043930 0.041613 -0.940408 1.00
23.49 -1.397927 0.008826 0.043900 0.041595 -0.940393 1.00
23.50 -1.397935 0.012587 0.043588 0.275692 -1.317377 1.00
23.51 -1.398061 0.013333 -0.129400 0.081439 -1.126062 1.00
23.52 -1.398187 0.013220 -0.093747 0.005701 -1.011130 1.00
23.53 -1.398123 0.013131 -0.019808 0.008211 -0.988853 1.00
23.54 -1.398031 0.013128 0.012981 0.020166 -0.994085 1.00
23.55 -1.397996 0.016904 0.016277 0.258551 -1.375863 1.00
23.56 -1.398115 0.017656 -0.160240 0.064223 -1.185708 1.00
23.57 -1.398245 0.017544 -0.126792 -0.012209 -1.070576 1.00
23.58 -1.398184 0.017454 -0.053329 -0.009992 -1.048049 1.00
23.59 -1.398100 0.021212 -0.020764 0.236038 -1.430199 1.00
23.60 -1.398190 0.025733 -0.190350 0.280200 -1.620666 1.00
23.61 -1.412467 0.026398 -1.293258 0.031922 -1.666365 1.00
23.62 -1.415155 0.022354 -0.832792 -0.381896 -0.895230 1.00
23.63 -1.428721 0.017686 -1.108867 -0.363666 -0.938534 1.00
23.64 -1.430482 0.017028 -0.399617 -0.139862 -0.997098 1.00
23.65 -1.443980 0.017250 -1.028530 -0.000326 -1.400089 1.00
23.66 -1.446221 0.017344 -0.613840 -0.076575 -1.165506 1.00
23.67 -1.459974 0.017337 -1.181358 -0.034029 -1.414786 1.00
23.68 -1.462125 0.017306 -0.657624 -0.100879 -1.155104 1.00
23.69 -1.461722 0.021036 -0.218416 0.171742 -1.439688 1.00
23.70 -1.475342 0.021881 -1.178813 0.043850 -1.602906 1.00
23.71 -1.477866 0.025519 -0.763015 0.112440 -1.621738 1.00
23.72 -1.491730 0.026136 -1.428708 -0.035226 -1.658696 1.00
23.73 -1.507944 0.022251 -1.795594 -0.376265 -1.264752 1.00
23.74 -1.523960 0.021345 -1.714337 -0.220166 -1.440819 1.00
23.75 -1.525641 0.017600 -0.786759 -0.405728 -0.827750 1.00
23.76 -1.538671 0.017008 -1.031689 -0.107134 -1.304776 1.00
23.77 -1.554518 0.017214 -1.505740 -0.066036 -1.526349 1.00
23.78 -1.570815 0.017240 -1.769433 -0.118441 -1.551280 1.00
23.79 -1.586872 0.017164 -1.839023 -0.151222 -1.537387 1.00
23.80 -1.602678 0.013350 -1.835787 -0.393020 -1.156740 1.00
23.81 -1.618267 0.012588 -1.653631 -0.198772 -1.353211 1.00
23.82 -1.633841 0.012696 -1.688020 -0.123665 -1.475252 1.00
23.83 -1.649614 0.012782 -1.765265 -0.128302 -1.504136 1.00
23.84 -1.665413 0.009019 -1.801980 -0.377062 -1.128025 1.00
23.85 -1.681044 0.008253 -1.636618 -0.189834 -1.320525 1.00
23.86 -1.696647 0.012113 -1.672854 0.117406 -1.817275 1.00
23.87 -1.712548 0.012941 -1.921308 -0.081305 -1.654448 1.00
23.88 -1.728479 0.012827 -1.921678 -0.171340 -1.540550 1.00
23.89 -1.744157 0.005194 -1.854547 -0.643925 -0.765600 1.00
23.90 -1.773566 0.003713 -2.438174 -0.224284 -1.509093 1.00
23.91 -1.791604 0.000103 -2.154370 -0.410381 -1.116229 1.00
23.92 -1.807133 -0.000556 -1.729589 -0.201437 -1.255017 1.00
23.93 -1.822426 -0.000397 -1.654179 -0.109517 -1.364483 1.00
23.94 -1.838049 -0.000277 -1.703604 -0.105396 -1.396522 1.00
23.95 -1.853811 -0.000263 -1.741315 -0.118521 -1.399927 1.00
23.96 -1.869566 -0.000280 -1.753072 -0.126324 -1.401477 1.00
23.97 -1.885292 -0.000294 -1.755163 -0.129568 -1.406027 1.00
23.98 -1.901013 0.003460 -1.757264 0.102396 -1.789047 1.00
23.99 -1.930882 0.004225 -2.895442 -0.072418 -1.954736 1.00
24.00 -1.949345 0.000263 -2.510466 -0.490635 -1.212184 1.00
24.01 -1.978708 -0.008167 -2.822349 -0.720825 -0.879538 1.00
24.02 -1.996093 -0.013353 -1.947268 -0.543778 -0.753722 1.00
24.03 -2.025059 -0.013776 -2.439185 -0.136848 -1.467818 1.00
24.04 -2.042943 -0.017248 -2.135351 -0.375930 -0.999665 1.00
24.05 -2.058406 -0.017940 -1.677757 -0.177717 -1.112784 1.00
24.06 -2.087681 -0.017768 -2.544757 -0.060104 -1.571631 1.00
24.07 -2.105907 -0.017726 -2.236817 -0.158905 -1.349338 1.00
24.08 -2.121476 -0.021563 -1.868870 -0.383524 -0.872308 1.00
24.09 -2.136623 -0.022279 -1.526258 -0.153947 -1.064353 1.00
24.10 -2.151981 -0.022113 -1.528350 -0.063484 -1.197281 1.00
24.11 -2.167700 -0.022001 -1.612416 -0.066805 -1.230567 1.00
24.12 -2.169478 -0.022024 -0.695087 -0.105153 -0.880697 1.00
24.13 -2.182622 -0.018204 -1.058370 0.226609 -1.514933 1.00
24.14 -2.184628 -0.013644 -0.676407 0.219727 -1.458865 1.00
24.15 -2.198452 -0.009220 -1.350713 0.244352 -1.793430 1.00
24.16 -2.200744 -0.008681 -0.897669 -0.087480 -1.211368 1.00
24.17 -2.214339 -0.008886 -1.286191 -0.090311 -1.338099 1.00
24.18 -2.216243 -0.008974 -0.651281 -0.133997 -1.072123 1.00
24.19 -2.229726 -0.005192 -1.146733 0.175931 -1.719718 1.00
24.20 -2.245935 -0.004408 -1.759174 -0.055198 -1.631540 1.00
24.21 -2.262307 -0.004593 -1.905310 -0.178190 -1.520046 1.00
24.22 -2.264162 -0.008546 -0.902592 -0.450890 -0.762329 1.00
24.23 -2.277082 -0.009248 -1.042745 -0.141985 -1.217100 1.00
24.24 -2.292800 -0.009038 -1.475904 -0.084231 -1.447674 1.00
24.25 -2.309043 -0.008990 -1.737133 -0.131603 -1.478876 1.00
24.26 -2.325093 -0.009058 -1.812026 -0.164851 -1.466221 1.00
24.27 -2.326874 -0.012897 -0.849583 -0.429397 -0.734434 1.00
24.28 -2.339837 -0.013578 -1.020700 -0.129712 -1.187311 1.00
24.29 -2.341568 -0.009642 -0.499610 0.135578 -1.439988 1.00
24.30 -2.355318 -0.008774 -1.285084 -0.000864 -1.535190 1.00
24.31 -2.357649 -0.005126 -0.767190 0.080798 -1.538309 1.00
24.32 -2.371380 -0.004485 -1.400992 -0.056932 -1.578513 1.00
24.33 -2.373523 -0.004618 -0.804406 -0.183087 -1.213899 1.00
24.34 -2.387030 -0.004691 -1.252578 -0.115923 -1.456029 1.00
24.35 -2.389027 -0.004695 -0.698072 -0.165902 -1.209291 1.00
24.36 -2.402603 -0.004677 -1.225071 -0.102678 -1.473413 1.00
24.37 -2.404705 -0.000918 -0.704924 0.068796 -1.597893 1.00
24.38 -2.418452 -0.000170 -1.408418 -0.066608 -1.665739 1.00
24.39 -2.420679 -0.000292 -0.848533 -0.204841 -1.297130 1.00
24.40 -2.434225 -0.004141 -1.302478 -0.376849 -1.157246 1.00
24.41 -2.450136 -0.004872 -1.534062 -0.211059 -1.451155 1.00
24.42 -2.466213 -0.004825 -1.741651 -0.177228 -1.573592 1.00
24.43 -2.468190 -0.004830 -0.888058 -0.219904 -1.239103 1.00
24.44 -2.481413 -0.008540 -1.268411 -0.363669 -1.115232 1.00
24.45 -2.483187 -0.009243 -0.538817 -0.218059 -1.061648 1.00
24.46 -2.496625 -0.009104 -1.107490 -0.081316 -1.439820 1.00
24.47 -2.498788 -0.009019 -0.663427 -0.147623 -1.208793 1.00
24.48 -2.512504 -0.009015 -1.226913 -0.100963 -1.462446 1.00
24.49 -2.514655 -0.005279 -0.706420 0.066410 -1.580971 1.00
24.50 -2.514380 -0.000802 -0.442202 0.144187 -1.674114 1.00
24.51 -2.528122 -0.003832 -1.367122 -0.293819 -1.345191 1.00
24.52 -2.530449 -0.004790 -0.703981 -0.262598 -1.155991 1.00
24.53 -2.543969 -0.004809 -1.199458 -0.128287 -1.504438 1.00
24.54 -2.546054 -0.004742 -0.710540 -0.179468 -1.278721 1.00
24.55 -2.545685 -0.004746 -0.303222 -0.148133 -1.187651 1.00
24.56 -2.559218 -0.004653 -1.100197 -0.086830 -1.538433 1.00
24.57 -2.561628 -0.000910 -0.719366 0.056517 -1.670550 1.00
24.58 -2.561525 -0.000231 -0.495118 -0.115083 -1.378858 1.00
24.59 -2.575207 -0.000269 -1.247126 -0.127880 -1.613573 1.00
24.60 -2.577538 -0.000376 -0.786821 -0.214142 -1.347372 1.00
24.61 -2.591235 -0.004179 -1.317602 -0.391207 -1.226615 1.00
24.62 -2.593212 -0.008703 -0.613818 -0.491386 -0.787997 1.00
24.63 -2.606571 -0.009332 -1.002290 -0.160622 -1.354466 1.00
24.64 -2.608611 -0.005376 -0.587350 0.084748 -1.615545 1.00
24.65 -2.622509 -0.004535 -1.395640 -0.064423 -1.700747 1.00
24.66 -2.624869 -0.004668 -0.871906 -0.218682 -1.322338 1.00
24.67 -2.638463 -0.008538 -1.326053 -0.394912 -1.176534 1.00
24.68 -2.640346 -0.009302 -0.589937 -0.250158 -1.118700 1.00
24.69 -2.653788 -0.009172 -1.147633 -0.109557 -1.498317 1.00
24.70 -2.669971 -0.009058 -1.662206 -0.152276 -1.619432 1.00
24.71 -2.672281 -0.009159 -0.910914 -0.232914 -1.265998 1.00
24.72 -2.685640 -0.012930 -1.298616 -0.384165 -1.133539 1.00
24.73 -2.687433 -0.013649 -0.559330 -0.236601 -1.079145 1.00
24.74 -2.700863 -0.013510 -1.123014 -0.097899 -1.458319 1.00
24.75 -2.703021 -0.013422 -0.678154 -0.163607 -1.227875 1.00
24.76 -2.702704 -0.013443 -0.279892 -0.138730 -1.130863 1.00
24.77 -2.702226 -0.009624 -0.112378 0.134355 -1.506084 1.00
24.78 -2.702123 -0.008816 -0.254369 -0.044133 -1.326721 1.00
24.79 -2.702204 -0.005139 -0.227492 0.115143 -1.593196 1.00
24.80 -2.702271 -0.004479 -0.334829 -0.078762 -1.379479 1.00
24.81 -2.716346 -0.004572 -1.231085 -0.121937 -1.619813 1.00
24.82 -2.718872 -0.004730 -0.800799 -0.221155 -1.345280 1.00
24.83 -2.718595 -0.004820 -0.364743 -0.187068 -1.247147 1.00
24.84 -2.732105 -0.004734 -1.142601 -0.118245 -1.601654 1.00
24.85 -2.734487 -0.004743 -0.757750 -0.206233 -1.359410 1.00
24.86 -2.734253 -0.004805 -0.361720 -0.183455 -1.259663 1.00
24.87 -2.747802 -0.008491 -1.150113 -0.354946 -1.232228 1.00
24.88 -2.750072 -0.009255 -0.591025 -0.249624 -1.179488 1.00
24.89 -2.749718 -0.005445 -0.228766 0.083503 -1.571594 1.00
24.90 -2.749431 -0.004560 -0.301550 -0.072066 -1.401567 1.00
24.91 -2.749423 -0.000844 -0.265604 0.091286 -1.671171 1.00
24.92 -2.763503 -0.000148 -1.338712 -0.081828 -1.808284 1.00
24.93 -2.766171 -0.004109 -0.922257 -0.487660 -1.063591 1.00
24.94 -2.779789 -0.008761 -1.227521 -0.477337 -1.106107 1.00
24.95 -2.781579 -0.013189 -0.524761 -0.491896 -0.784064 1.00
24.96 -2.794960 -0.013718 -0.979218 -0.158658 -1.377055 1.00
24.97 -2.797074 -0.013513 -0.598446 -0.158751 -1.257375 1.00
24.98 -2.796859 -0.013456 -0.277274 -0.140222 -1.178339 1.00
24.99 -2.796471 -0.013402 -0.139063 -0.113176 -1.170234 1.00
25.00 -2.796289 -0.009593 -0.110014 0.133015 -1.554548 1.00
25.01 -2.796374 -0.005065 -0.287796 0.174113 -1.743694 1.00
25.02 -2.796627 -0.004428 -0.431325 -0.097322 -1.437597 1.00
25.03 -2.810727 -0.004606 -1.286039 -0.149679 -1.650662 1.00
25.04 -2.813196 -0.008543 -0.826423 -0.475315 -0.999656 1.00
25.05 -2.826788 -0.009344 -1.172421 -0.220881 -1.447228 1.00
25.06 -2.828753 -0.013009 -0.672134 -0.437387 -0.933513 1.00
25.07 -2.828265 -0.013683 -0.136228 -0.206102 -1.057132 1.00
25.08 -2.841727 -0.013466 -0.995085 -0.076767 -1.521303 1.00
25.09 -2.844227 -0.013403 -0.693099 -0.173816 -1.295209 1.00
25.10 -2.844098 -0.013472 -0.326883 -0.163479 -1.188452 1.00
25.11 -2.843663 -0.013439 -0.154453 -0.126167 -1.182562 1.00
25.12 -2.843441 -0.009620 -0.117128 0.125273 -1.571367 1.00
25.13 -2.843507 -0.008845 -0.296220 -0.067069 -1.385060 1.00
25.14 -2.843635 -0.008952 -0.268735 -0.144749 -1.270283 1.00
25.15 -2.843580 -0.009043 -0.197658 -0.143449 -1.247289 1.00
25.16 -2.843499 -0.005287 -0.165338 0.102342 -1.629178 1.00
25.17 -2.843583 -0.004527 -0.334382 -0.087569 -1.442611 1.00
25.18 -2.857734 -0.004607 -1.264175 -0.141546 -1.679648 1.00
25.19 -2.860302 -0.004778 -0.839652 -0.245508 -1.400450 1.00
25.20 -2.860027 -0.008636 -0.400598 -0.445814 -0.923947 1.00
25.21 -2.873408 -0.009297 -1.003317 -0.182137 -1.469857 1.00
25.22 -2.875662 -0.009193 -0.653555 -0.194078 -1.342783 1.00
25.23 -2.875491 -0.009165 -0.331501 -0.173767 -1.265389 1.00
25.24 -2.875108 -0.009112 -0.191036 -0.144910 -1.258944 1.00
25.25 -2.874917 -0.009063 -0.161350 -0.132346 -1.266828 1.00
25.26 -2.874876 -0.005280 -0.166378 0.102979 -1.647343 1.00
25.27 -2.875003 -0.004530 -0.345674 -0.092783 -1.456129 1.00
25.28 -2.875136 -0.004644 -0.312259 -0.169441 -1.340672 1.00
25.29 -2.875075 -0.004735 -0.238451 -0.167133 -1.318146 1.00
25.30 -2.889021 -0.000952 -1.167826 0.100737 -2.051118 1.00
25.31 -2.891734 -0.000274 -0.984322 -0.194984 -1.607873 1.00
25.32 -2.891668 -0.004233 -0.545401 -0.482750 -1.012619 1.00
25.33 -2.905023 -0.008758 -1.079773 -0.455611 -1.154353 1.00
25.34 -2.907068 -0.009410 -0.521285 -0.261595 -1.222408 1.00
25.35 -2.920756 -0.009231 -1.191088 -0.138836 -1.615628 1.00
25.36 -2.923058 -0.009163 -0.774731 -0.218040 -1.376125 1.00
25.37 -2.922776 -0.012964 -0.373321 -0.430049 -0.897168 1.00
25.38 -2.922164 -0.013657 -0.026619 -0.195778 -1.086093 1.00
25.39 -2.935834 -0.013456 -0.990959 -0.081588 -1.564208 1.00
25.40 -2.938478 -0.009659 -0.720699 0.045374 -1.711444 1.00
25.41 -2.938522 -0.008999 -0.528548 -0.140891 -1.410317 1.00
25.42 -2.938211 -0.012844 -0.316292 -0.412831 -0.911955 1.00
25.43 -2.951819 -0.013595 -0.991866 -0.176293 -1.443846 1.00
25.44 -2.954168 -0.013538 -0.647744 -0.192263 -1.312482 1.00
25.45 -2.954012 -0.013521 -0.319884 -0.170296 -1.235238 1.00
25.46 -2.953617 -0.017229 -0.176161 -0.374269 -0.852555 1.00
25.47 -2.953305 -0.014162 0.026628 0.066992 -1.429089 1.00
25.48 -2.967293 -0.009495 -1.149339 0.205554 -2.084050 1.00
25.49 -2.970240 -0.008851 -1.014335 -0.174310 -1.543423 1.00
25.50 -2.984246 -0.012880 -1.495087 -0.450634 -1.269709 1.00
25.51 -2.986143 -0.021293 -0.683061 -0.777004 -0.427331 1.00
25.52 -2.985208 -0.026454 0.110290 -0.490206 -0.465801 1.00
25.53 -2.984306 -0.023027 0.314492 0.136832 -1.296557 1.00
25.54 -2.984288 -0.018146 -0.053204 0.250850 -1.651195 1.00
25.55 -2.984787 -0.017404 -0.347658 -0.050728 -1.355812 1.00
25.56 -2.985044 -0.017637 -0.284010 -0.147303 -1.201875 1.00
25.57 -2.984951 -0.017761 -0.173979 -0.137502 -1.176994 1.00
25.58 -2.984817 -0.017758 -0.128902 -0.119640 -1.186209 1.00
25.59 -2.984759 -0.017736 -0.125285 -0.114008 -1.192927 1.00
25.60 -2.984758 -0.013965 -0.131022 0.119712 -1.571325 1.00
25.61 -2.984890 -0.013220 -0.307071 -0.075569 -1.379639 1.00
25.62 -2.985013 -0.017094 -0.271690 -0.385802 -0.887362 1.00
25.63 -2.984823 -0.017930 -0.024576 -0.189059 -1.056303 1.00
25.64 -2.984605 -0.017820 -0.027284 -0.101315 -1.176481 1.00
25.65 -2.984626 -0.017716 -0.097581 -0.099516 -1.203570 1.00
25.66 -2.984712 -0.017707 -0.133894 -0.111543 -1.199502 1.00
25.67 -2.984764 -0.013960 -0.140039 0.117578 -1.571505 1.00
25.68 -2.984900 -0.013222 -0.309994 -0.076897 -1.378781 1.00
25.69 -2.985017 -0.017096 -0.271704 -0.386071 -0.886976 1.00
25.70 -2.984817 -0.021691 -0.023855 -0.423080 -0.679278 1.00
25.71 -2.984471 -0.022327 0.146204 -0.141088 -0.990848 1.00
25.72 -2.984366 -0.022110 0.040108 -0.063602 -1.132848 1.00
25.73 -2.984516 -0.022011 -0.070188 -0.078160 -1.151041 1.00
25.74 -2.984654 -0.022023 -0.108794 -0.095097 -1.140816 1.00
25.75 -2.984705 -0.022045 -0.109365 -0.099601 -1.134620 1.00
25.76 -2.984709 -0.022053 -0.103546 -0.098860 -1.133588 1.00
25.77 -2.984703 -0.022052 -0.100742 -0.097843 -1.134036 1.00
25.78 -2.984693 -0.025812 -0.100003 -0.331607 -0.757381 1.00
25.79 -2.984566 -0.026557 0.072778 -0.137355 -0.948771 1.00
25.80 -2.984440 -0.026445 0.036994 -0.061666 -1.063680 1.00
25.81 -2.984497 -0.030117 -0.036673 -0.298295 -0.708955 1.00
25.82 -2.984462 -0.030859 0.103529 -0.115999 -0.895037 1.00
25.83 -2.984371 -0.034523 0.064584 -0.278643 -0.628191 1.00
25.84 -2.984316 -0.035185 0.167172 -0.086825 -0.840621 1.00
25.85 -2.984271 -0.038832 0.101262 -0.256447 -0.573529 1.00
25.86 -2.984248 -0.039502 0.197165 -0.068693 -0.782589 1.00
25.87 -2.984213 -0.043154 0.132455 -0.238912 -0.514216 1.00
25.88 -2.970152 -0.047612 1.192376 -0.306665 0.004551 1.00
25.89 -2.967366 -0.048165 0.948162 0.057521 -0.552275 1.00
25.90 -2.953497 -0.044150 1.392359 0.317379 -0.815689 1.00
25.91 -2.937611 -0.039545 1.542895 0.383725 -0.924344 1.00
25.92 -2.921763 -0.035080 1.537677 0.376029 -0.982236 1.00
25.93 -2.906057 -0.034484 1.503060 0.121725 -0.654337 1.00
25.94 -2.904301 -0.034637 0.681997 0.085630 -0.870114 1.00
25.95 -2.891019 -0.034788 1.142977 -0.000210 -0.595144 1.00
25.96 -2.874983 -0.038619 1.584363 -0.194196 -0.118338 1.00
25.97 -2.858618 -0.039292 1.941543 0.049439 -0.308273 1.00
25.98 -2.842540 -0.035340 1.939423 0.379060 -0.808428 1.00
25.99 -2.826970 -0.030707 1.685113 0.419434 -1.014896 1.00
26.00 -2.811606 -0.030061 1.509558 0.137552 -0.697004 1.00
26.01 -2.796006 -0.030275 1.616611 0.061415 -0.548121 1.00
26.02 -2.780146 -0.030370 1.730693 0.078394 -0.523571 1.00
26.03 -2.764301 -0.026592 1.773123 0.332160 -0.904748 1.00
26.04 -2.734629 -0.025843 2.566688 0.123346 -0.362874 1.00
26.05 -2.716407 -0.025859 2.247521 0.155320 -0.499712 1.00
26.06 -2.700813 -0.025850 1.915933 0.137318 -0.575474 1.00
26.07 -2.671467 -0.022158 2.731124 0.320505 -0.601460 1.00
26.08 -2.653458 -0.017615 2.176539 0.454912 -1.029000 1.00
26.09 -2.638227 -0.016908 1.641405 0.164036 -0.817390 1.00
26.10 -2.609024 -0.017178 2.540894 0.029899 -0.324181 1.00
26.11 -2.590760 -0.017248 2.264918 0.135632 -0.544862 1.00
26.12 -2.561122 -0.013431 2.868818 0.343559 -0.674821 1.00
26.13 -2.543339 -0.008864 2.172572 0.454906 -1.118170 1.00
26.14 -2.514255 -0.008215 2.555507 0.125953 -0.547828 1.00
26.15 -2.496516 -0.008403 2.139093 0.115639 -0.657071 1.00
26.16 -2.467043 -0.004733 2.776936 0.306680 -0.750954 1.00
26.17 -2.449229 -0.000201 2.119593 0.427663 -1.193939 1.00
26.18 -2.434133 0.000482 1.552635 0.126798 -0.978983 1.00
26.19 -2.404969 -0.003566 2.450838 -0.243965 -0.105672 1.00
26.20 -2.386585 -0.004386 2.351559 0.056522 -0.517048 1.00
26.21 -2.356817 -0.000456 2.921762 0.340837 -0.762174 1.00
26.22 -2.339102 0.007962 2.151623 0.684003 -1.604991 1.00
26.23 -2.310236 0.009360 2.328708 0.148847 -0.838139 1.00
26.24 -2.292666 0.009045 1.944240 0.058482 -0.827655 1.00
26.25 -2.263128 0.008857 2.659854 0.017993 -0.521096 1.00
26.26 -2.245093 0.012640 2.210485 0.345877 -1.160830 1.00
26.27 -2.229825 0.013452 1.611972 0.125330 -1.065843 1.00
26.28 -2.214756 0.013286 1.470205 0.007882 -0.943812 1.00
26.29 -2.199223 0.013134 1.515604 -0.004365 -0.901690 1.00
26.30 -2.183471 0.013106 1.562007 0.009421 -0.896121 1.00
26.31 -2.167708 0.013123 1.578478 0.018791 -0.895124 1.00
26.32 -2.151969 0.009377 1.581784 -0.211472 -0.514115 1.00
26.33 -2.136128 0.008641 1.756303 -0.015054 -0.699538 1.00
26.34 -2.120289 0.008759 1.723507 0.062946 -0.808228 1.00
26.35 -2.104639 0.008854 1.653232 0.062977 -0.824372 1.00
26.36 -2.089016 0.008863 1.624285 0.053672 -0.813100 1.00
26.37 -2.073344 0.008854 1.624464 0.052045 -0.802300 1.00
26.38 -2.071666 0.008879 0.669659 0.076535 -1.145901 1.00
26.39 -2.058578 0.008802 1.028339 -0.025933 -0.883347 1.00
26.40 -2.042675 0.004955 1.439325 -0.234973 -0.396079 1.00
26.41 -2.040382 0.004287 0.836541 0.027112 -0.931329 1.00
26.42 -2.026927 0.004390 1.193366 0.017819 -0.797060 1.00
26.43 -2.025069 0.004450 0.559216 0.063200 -1.064598 1.00
26.44 -2.011591 0.000665 1.057006 -0.244917 -0.418632 1.00
26.45 -1.995380 -0.000117 1.669804 -0.013299 -0.507377 1.00
26.47 -1.993039 0.000095 0.853627 0.131444 -0.969707 1.00
26.48 -1.979776 0.000179 1.165928 0.042406 -0.742875 1.00
26.49 -1.963922 0.000124 1.532811 0.055663 -0.631610 1.00
26.50 -1.961805 0.000190 0.744465 0.116691 -0.970357 1.00
26.51 -1.948494 0.000171 1.137930 0.030523 -0.719157 1.00
26.52 -1.946572 0.000139 0.580013 0.078925 -0.964316 1.00
26.53 -1.933006 0.000113 1.111118 0.017250 -0.700819 1.00
26.54 -1.930902 -0.003644 0.592812 -0.153339 -0.576941 1.00
26.55 -1.931184 -0.004365 0.334423 0.004029 -0.860082 1.00
26.56 -1.917555 -0.004351 1.089216 0.014661 -0.621192 1.00
26.57 -1.915218 -0.008010 0.635334 -0.131867 -0.510083 1.00
26.58 -1.901381 -0.008713 1.341853 0.006305 -0.445666 1.00
26.59 -1.899142 -0.008582 0.775965 0.142622 -0.813813 1.00
26.60 -1.885601 -0.004735 1.227264 0.313413 -0.952912 1.00
26.61 -1.869692 -0.004005 1.458577 0.147340 -0.658687 1.00
26.62 -1.867647 -0.004027 0.704317 0.135321 -0.886994 1.00
26.63 -1.854268 -0.004129 1.165690 0.050480 -0.613997 1.00
26.64 -1.852261 -0.004166 0.638006 0.109864 -0.863903 1.00
26.65 -1.838656 -0.004178 1.172439 0.052203 -0.604905 1.00
26.66 -1.836553 -0.004168 0.650515 0.115663 -0.859125 1.00
26.67 -1.822933 -0.004169 1.179137 0.056361 -0.600000 1.00
26.68 -1.820834 -0.004160 0.654304 0.118548 -0.853456 1.00
26.69 -1.807218 -0.004162 1.182521 0.058905 -0.593979 1.00
26.70 -1.805120 -0.004154 0.657900 0.121115 -0.847386 1.00
26.71 -1.791504 -0.004156 1.186257 0.061526 -0.587936 1.00
26.72 -1.789405 -0.004148 0.661657 0.123756 -0.841364 1.00
26.73 -1.775789 -0.004150 1.189991 0.064168 -0.581923 1.00
26.74 -1.773690 -0.004141 0.665384 0.126394 -0.835347 1.00
26.75 -1.760074 -0.004144 1.193729 0.066804 -0.575901 1.00
26.76 -1.757968 -0.007897 0.669445 -0.105069 -0.452336 1.00
26.77 -1.744226 -0.008644 1.370777 0.029597 -0.384208 1.00
26.78 -1.727977 -0.004788 1.772282 0.379891 -0.778780 1.00
26.79 -1.725959 -0.000087 0.738535 0.485209 -1.334803 1.00
26.80 -1.712990 0.004304 0.951873 0.349884 -1.150724 1.00
26.81 -1.697278 0.004775 1.284251 0.103060 -0.711088 1.00
26.82 -1.695097 0.004643 0.645654 0.107192 -0.921431 1.00
26.83 -1.681576 0.004553 1.148274 0.040442 -0.659355 1.00
26.84 -1.679514 0.004540 0.621545 0.104630 -0.915758 1.00
26.85 -1.665905 0.004537 1.149951 0.046208 -0.657841 1.00
26.86 -1.663808 0.004546 0.625111 0.108601 -0.911582 1.00
26.87 -1.650192 0.004544 1.153290 0.048945 -0.652108 1.00
26.88 -1.648094 0.004553 0.628675 0.111135 -0.905485 1.00
26.89 -1.648508 0.004576 0.194966 0.073316 -0.996803 1.00
26.90 -1.635008 0.004477 0.985211 0.007976 -0.642715 1.00
26.91 -1.632614 0.004489 0.605191 0.098091 -0.886275 1.00
26.92 -1.632836 0.000792 0.209862 -0.158314 -0.609588 1.00
26.93 -1.633183 -0.000002 0.209010 -0.004982 -0.802180 1.00
26.94 -1.619260 0.000021 1.101842 0.032017 -0.553602 1.00
26.95 -1.616750 0.000164 0.683349 0.134117 -0.827891 1.00
26.96 -1.617017 0.000255 0.252643 0.102233 -0.927254 1.00
26.97 -1.603500 0.000172 1.031174 0.033998 -0.573361 1.00
26.98 -1.601117 0.000182 0.645899 0.121939 -0.815697 1.00
26.99 -1.601351 0.000244 0.249593 0.099060 -0.915400 1.00
27.00 -1.601827 0.000195 0.076164 0.058186 -0.916590 1.00
27.01 -1.588029 0.000105 1.004918 0.019544 -0.553121 1.00
27.02 -1.585455 0.000158 0.660425 0.124191 -0.805165 1.00
27.03 -1.585629 0.000247 0.262479 0.104265 -0.909773 1.00
27.04 -1.586102 0.000204 0.082552 0.062081 -0.911434 1.00
27.05 -1.586334 -0.003623 0.046817 -0.189950 -0.521205 1.00
27.06 -1.586267 -0.004399 0.227758 0.002863 -0.707516 1.00
27.07 -1.586137 -0.004291 0.200870 0.080832 -0.822493 1.00
27.08 -1.586191 -0.004200 0.129798 0.079588 -0.845566 1.00
27.09 -1.572248 -0.004220 1.059147 0.046108 -0.489901 1.00
27.10 -1.569654 -0.007913 0.702725 -0.086552 -0.364893 1.00
27.11 -1.569721 -0.004811 0.472306 0.319676 -1.036505 1.00
27.12 -1.570199 -0.004000 0.083190 0.158439 -0.961192 1.00
27.13 -1.556606 -0.000353 0.971069 0.274652 -0.881432 1.00
27.14 -1.554189 0.000358 0.494693 0.175413 -0.914392 1.00
27.15 -1.554441 0.000316 0.161854 0.087478 -0.904493 1.00
27.16 -1.554813 0.000191 0.063129 0.052215 -0.887537 1.00
27.17 -1.554951 0.000129 0.058546 0.046873 -0.880907 1.00
27.18 -1.554961 -0.003646 0.068696 -0.184785 -0.503752 1.00
27.19 -1.554826 -0.004390 0.246334 0.011355 -0.696098 1.00
27.20 -1.554688 -0.008036 0.211655 -0.146490 -0.434558 1.00
27.21 -1.540600 -0.004956 1.272136 0.257551 -0.674446 1.00
27.22 -1.538063 -0.004013 0.677715 0.232796 -0.849537 1.00
27.23 -1.538482 -0.000196 0.228996 0.362198 -1.233557 1.00
27.24 -1.539124 0.000410 -0.081962 0.115174 -1.014456 1.00
27.25 -1.525410 0.000187 0.911042 0.007870 -0.535837 1.00
27.26 -1.522730 -0.003603 0.648482 -0.114638 -0.392153 1.00
27.27 -1.522683 -0.000496 0.454977 0.306481 -1.071716 1.00
27.28 -1.523114 0.000335 0.068337 0.149708 -1.001874 1.00
27.29 -1.509515 0.003989 0.951630 0.265513 -0.923186 1.00
27.30 -1.507103 0.004700 0.472763 0.165416 -0.955814 1.00
27.31 -1.507357 0.004657 0.139467 0.077165 -0.945625 1.00
27.32 -1.507730 0.004532 0.040894 0.041890 -0.928594 1.00
27.33 -1.507861 0.000709 0.036770 -0.197512 -0.544981 1.00
27.34 -1.507751 -0.000051 0.219644 -0.000796 -0.736143 1.00
27.35 -1.507617 0.000063 0.188625 0.076834 -0.852117 1.00
27.36 -1.507675 0.000155 0.115321 0.074837 -0.874914 1.00
27.37 -1.507766 0.000159 0.082200 0.062848 -0.869760 1.00
27.38 -1.507809 0.000144 0.078350 0.058479 -0.864937 1.00
27.39 -1.507808 -0.003624 0.082159 -0.175580 -0.486753 1.00
27.40 -1.507679 -0.004370 0.257370 0.019366 -0.678261 1.00
27.41 -1.507550 -0.004257 0.222214 0.095403 -0.793442 1.00
27.42 -1.507620 -0.000405 0.147844 0.327021 -1.192790 1.00
27.43 -1.507839 0.000343 -0.058039 0.120778 -0.996233 1.00
27.44 -1.508007 0.000216 -0.026033 0.040737 -0.876499 1.00
27.45 -1.507943 -0.003642 0.051747 -0.190783 -0.476069 1.00
27.46 -1.507721 -0.004390 0.259729 0.016121 -0.672817 1.00
27.47 -1.507557 -0.000501 0.227861 0.330538 -1.169775 1.00
27.48 -1.507740 0.000341 -0.022702 0.133727 -1.001974 1.00
27.49 -1.507962 0.000232 -0.022138 0.045307 -0.881599 1.00
27.50 -1.507943 0.000127 0.047665 0.043223 -0.854277 1.00
27.51 -1.507858 0.000117 0.084071 0.055223 -0.858272 1.00
27.52 -1.507813 0.000131 0.090015 0.060232 -0.863259 1.00
27.53 -1.507803 0.000138 0.087006 0.060471 -0.864683 1.00
27.54 -1.507806 0.000139 0.084697 0.059807 -0.864565 1.00
27.55 -1.507808 0.000139 0.084088 0.059481 -0.864315 1.00
27.56 -1.507809 0.000138 0.084149 0.059436 -0.864228 1.00
27.57 -1.507809 0.000138 0.084258 0.059464 -0.864228 1.00
27.58 -1.507809 0.000138 0.084296 0.059483 -0.864240 1.00
27.59 -1.507809 0.000138 0.084302 0.059486 -0.864244 1.00
27.60 -1.507816 0.003899 0.083990 0.293586 -1.241231 1.00
27.61 -1.507942 0.004645 -0.089008 0.099332 -1.049917 1.00
27.62 -1.508069 0.004532 -0.053357 0.023592 -0.934984 1.00
27.63 -1.508005 0.004443 0.020595 0.026101 -0.912703 1.00
27.64 -1.507913 0.004440 0.053377 0.038058 -0.917938 1.00
27.65 -1.507870 0.004455 0.056995 0.042342 -0.922724 1.00
27.66 -1.507864 0.004461 0.053467 0.042269 -0.923887 1.00
27.67 -1.507874 0.008223 0.050959 0.275676 -1.300673 1.00
27.68 -1.508003 0.008968 -0.122534 0.081130 -1.109117 1.00
27.69 -1.508130 0.008855 -0.086772 0.005363 -0.994104 1.00
27.70 -1.508066 0.008766 -0.012711 0.007905 -0.971829 1.00
27.71 -1.507974 0.008763 0.020106 0.019879 -0.977077 1.00
27.72 -1.507939 0.012539 0.023396 0.258267 -1.358861 1.00
27.73 -1.508058 0.013291 -0.153124 0.063938 -1.168704 1.00
27.74 -1.508195 0.016940 -0.119993 0.221605 -1.430561 1.00
27.75 -1.508260 0.017595 -0.219534 0.029567 -1.216723 1.00
27.76 -1.522326 0.017505 -1.113073 -0.012471 -1.457722 1.00
27.77 -1.524849 0.017348 -0.682641 -0.111443 -1.183495 1.00
27.78 -1.524571 0.017259 -0.246892 -0.077412 -1.085397 1.00
27.79 -1.524051 0.017319 -0.062820 -0.030421 -1.089098 1.00
27.80 -1.523811 0.021153 -0.031049 0.221472 -1.480559 1.00
27.81 -1.523889 0.025691 -0.214771 0.261967 -1.670990 1.00
27.82 -1.538179 0.026354 -1.323473 0.011188 -1.715188 1.00
27.83 -1.540874 0.022306 -0.863559 -0.403232 -0.943373 1.00
27.84 -1.554440 0.017637 -1.139088 -0.384920 -0.986591 1.00
27.85 -1.570233 0.017004 -1.391613 -0.139224 -1.395991 1.00
27.86 -1.586359 0.017145 -1.667723 -0.105448 -1.542282 1.00
27.87 -1.602445 0.013410 -1.808356 -0.371894 -1.176985 1.00
27.88 -1.604189 0.012595 -0.705409 -0.219273 -1.009174 1.00
27.89 -1.617186 0.008996 -1.089284 -0.276624 -1.003997 1.00
27.90 -1.633019 0.012183 -1.392457 0.126348 -1.704858 1.00
27.91 -1.635267 0.012969 -0.855482 -0.070731 -1.280125 1.00
27.92 -1.648824 0.012942 -1.289924 -0.068015 -1.432224 1.00
27.93 -1.650781 0.012880 -0.685415 -0.125362 -1.158312 1.00
27.94 -1.664298 0.016649 -1.184760 0.179095 -1.799644 1.00
27.95 -1.680514 0.017425 -1.793555 -0.052173 -1.709964 1.00
27.96 -1.696881 0.017239 -1.937349 -0.174422 -1.598685 1.00
27.97 -1.712765 0.013312 -1.896200 -0.425019 -1.192032 1.00
27.98 -1.728306 0.008767 -1.683444 -0.455983 -1.013178 1.00
27.99 -1.743712 0.004378 -1.536972 -0.415982 -0.953564 1.00
28.00 -1.759221 0.003838 -1.478230 -0.149985 -1.290104 1.00
28.01 -1.774966 0.004039 -1.626616 -0.091846 -1.428215 1.00
28.02 -1.790888 0.007871 -1.741883 0.120484 -1.823247 1.00
28.03 -1.806872 0.008591 -1.951545 -0.092669 -1.626654 1.00
28.04 -1.836782 0.004715 -2.879177 -0.386878 -1.485760 1.00
28.05 -1.854930 0.000024 -2.276651 -0.531572 -1.026388 1.00
28.06 -1.870108 -0.004471 -1.700905 -0.463212 -0.862923 1.00
28.07 -1.899138 -0.004934 -2.416782 -0.128626 -1.552458 1.00
28.08 -1.917254 -0.008505 -2.177501 -0.391827 -1.071504 1.00
28.09 -1.932806 -0.009240 -1.722789 -0.196206 -1.181400 1.00
28.10 -1.948061 -0.009103 -1.621824 -0.098483 -1.289931 1.00
28.11 -1.963653 -0.008978 -1.664078 -0.090300 -1.325147 1.00
28.12 -1.979405 -0.008958 -1.702622 -0.102679 -1.329910 1.00
28.13 -1.995160 -0.008974 -1.715893 -0.110790 -1.331566 1.00
28.14 -2.010887 -0.008988 -1.718567 -0.114278 -1.335975 1.00
28.15 -2.026609 -0.005234 -1.720715 0.117625 -1.718923 1.00
28.16 -2.042448 -0.004495 -1.896739 -0.078954 -1.533821 1.00
28.17 -2.058288 -0.004613 -1.864791 -0.157258 -1.425001 1.00
28.18 -2.087963 -0.008444 -2.756445 -0.369728 -1.382545 1.00
28.19 -2.106082 -0.013042 -2.201400 -0.506072 -0.951384 1.00
28.20 -2.121323 -0.013759 -1.657715 -0.212308 -1.163919 1.00
28.21 -2.136480 -0.017273 -1.591604 -0.332491 -0.930434 1.00
28.22 -2.151985 -0.017864 -1.495170 -0.137873 -1.158171 1.00
28.23 -2.167658 -0.013978 -1.580067 0.154164 -1.650877 1.00
28.24 -2.183617 -0.013167 -1.839652 -0.051769 -1.481755 1.00
28.25 -2.199563 -0.013292 -1.837559 -0.142590 -1.365832 1.00
28.26 -2.215254 -0.013404 -1.768310 -0.146244 -1.344908 1.00
28.27 -2.230881 -0.013419 -1.734984 -0.136455 -1.355298 1.00
28.28 -2.246549 -0.013410 -1.732945 -0.134055 -1.366410 1.00
28.29 -2.262254 -0.013409 -1.739855 -0.136502 -1.373843 1.00
28.30 -2.277972 -0.013414 -1.745947 -0.139829 -1.379725 1.00
28.31 -2.293690 -0.013421 -1.750290 -0.142796 -1.385489 1.00
28.32 -2.309405 -0.013427 -1.753967 -0.145477 -1.391424 1.00
28.33 -2.325120 -0.013434 -1.757602 -0.148086 -1.397447 1.00
28.34 -2.340835 -0.013440 -1.761286 -0.150706 -1.403473 1.00
28.35 -2.342526 -0.009710 -0.803241 0.058989 -1.435707 1.00
28.36 -2.355737 -0.008889 -1.332735 -0.032103 -1.507155 1.00
28.37 -2.371758 -0.008914 -1.707288 -0.132613 -1.502750 1.00
28.38 -2.387890 -0.009055 -1.819757 -0.176138 -1.487388 1.00
28.39 -2.403749 -0.012892 -1.826482 -0.419081 -1.108087 1.00
28.40 -2.419355 -0.013660 -1.645290 -0.224547 -1.305175 1.00
28.41 -2.434932 -0.013552 -1.679304 -0.149222 -1.427379 1.00
28.42 -2.450705 -0.013466 -1.756293 -0.153780 -1.456288 1.00
28.43 -2.466511 -0.013468 -1.793242 -0.168420 -1.457169 1.00
28.44 -2.468237 -0.013514 -0.838801 -0.197216 -1.107584 1.00
28.45 -2.481322 -0.017206 -1.191509 -0.328120 -0.992158 1.00
28.46 -2.497087 -0.017865 -1.426490 -0.157945 -1.294190 1.00
28.47 -2.513161 -0.014042 -1.648354 0.106159 -1.793272 1.00
28.48 -2.529309 -0.013280 -1.935238 -0.111374 -1.616776 1.00
28.49 -2.545301 -0.013427 -1.927909 -0.203108 -1.497592 1.00
28.50 -2.560983 -0.017303 -1.852143 -0.439342 -1.099635 1.00
28.51 -2.576470 -0.021823 -1.643378 -0.468518 -0.924863 1.00
28.52 -2.591883 -0.022446 -1.503876 -0.195939 -1.242451 1.00
28.53 -2.593495 -0.022268 -0.658558 -0.146972 -1.036352 1.00
28.54 -2.606739 -0.022098 -1.124245 -0.059014 -1.315990 1.00
28.55 -2.622770 -0.022024 -1.571432 -0.100367 -1.416215 1.00
28.56 -2.624985 -0.022123 -0.795758 -0.172424 -1.066315 1.00
28.57 -2.638317 -0.022121 -1.182499 -0.086625 -1.314554 1.00
28.58 -2.640240 -0.018330 -0.619934 0.100573 -1.446737 1.00
28.59 -2.639895 -0.017583 -0.360693 -0.053075 -1.168700 1.00
28.60 -2.653518 -0.017590 -1.121403 -0.064668 -1.408353 1.00
28.61 -2.669885 -0.017667 -1.632114 -0.131492 -1.492794 1.00
28.62 -2.686215 -0.025315 -1.812699 -0.649733 -0.737499 1.00
28.63 -2.715945 -0.034390 -2.453334 -0.724323 -0.709908 1.00
28.64 -2.733814 -0.043294 -1.815265 -0.759888 -0.314244 1.00
28.65 -2.748955 -0.048243 -1.276198 -0.436714 -0.496548 1.00
28.66 -2.750073 -0.052323 -0.244330 -0.333856 -0.230047 1.00
28.67 -2.763056 -0.052656 -0.648315 0.020086 -0.837409 1.00
28.68 -2.765086 -0.048637 -0.280809 0.249796 -1.094017 1.00
28.69 -2.779024 -0.051569 -1.104195 -0.142659 -0.794779 1.00
28.70 -2.795300 -0.056195 -1.368375 -0.316593 -0.578850 1.00
28.71 -2.797233 -0.064570 -0.367445 -0.583892 0.245292 1.00
28.72 -2.810141 -0.069624 -0.474981 -0.255585 -0.151722 1.00
28.73 -2.797750 -0.070029 1.051099 0.012579 -0.000102 1.00
28.74 -2.794781 -0.065896 0.906577 0.447650 -0.698055 1.00
28.75 -2.766812 -0.053670 2.273788 0.900956 -1.050142 1.00
28.76 -2.748484 -0.040135 1.853176 1.085747 -1.652435 1.00
28.77 -2.719113 -0.026893 2.231631 0.977114 -1.590181 1.00
28.78 -2.687493 -0.013901 2.528309 0.946040 -1.653114 1.00
28.79 -2.655763 -0.000866 2.599567 0.932562 -1.813762 1.00
28.80 -2.652354 0.012223 0.614037 0.942128 -2.691940 1.00