7.48 -0.707107 -0.000827 -0.141521 0.132927 -0.590086 0.00
7.49 -0.707247 -0.000092 -0.311572 -0.061871 -0.396920 0.00
7.50 -0.707364 -0.003967 -0.272852 -0.370939 0.094896 0.00
7.51 -0.707170 -0.004801 -0.025121 -0.173762 -0.074448 0.00
7.52 -0.706951 -0.004691 -0.028042 -0.086000 -0.194730 0.00
7.53 -0.706973 -0.004586 -0.098501 -0.084257 -0.221799 0.00
7.54 -0.707058 -0.004577 -0.134861 -0.096309 -0.217712 0.00
7.55 -0.707104 -0.004591 -0.140685 -0.101291 -0.212719 0.00
7.56 -0.707113 -0.004599 -0.137638 -0.101511 -0.211310 0.00
7.57 -0.707118 -0.000838 -0.135647 0.133257 -0.588424 0.00
7.58 -0.707241 -0.000092 -0.308048 -0.060671 -0.397362 0.00
7.59 -0.707360 -0.003965 -0.272144 -0.370468 0.094474 0.00
7.60 -0.707162 -0.008561 -0.024998 -0.407833 0.302428 0.00
7.61 -0.706818 -0.009197 0.145083 -0.125901 -0.009045 0.00
7.62 -0.706713 -0.008981 0.039102 -0.048391 -0.151037 0.00
7.63 -0.706863 -0.008882 -0.071149 -0.062929 -0.169243 0.00
7.64 -0.707000 -0.008893 -0.109750 -0.079862 -0.159023 0.00
7.65 -0.707052 -0.008915 -0.110326 -0.084366 -0.152828 0.00
7.66 -0.693025 -0.008948 0.857576 -0.105398 0.198982 0.00
7.67 -0.690389 -0.008866 0.507627 0.001417 -0.058205 0.00
7.68 -0.690565 -0.008772 0.101597 -0.020377 -0.163044 0.00
7.69 -0.691046 -0.008816 -0.081278 -0.063775 -0.164013 0.00
7.70 -0.691282 -0.012645 -0.117212 -0.316085 0.226553 0.00
7.71 -0.691215 -0.013421 0.064049 -0.123220 0.040285 0.00
7.72 -0.691085 -0.013314 0.037311 -0.045188 -0.074728 0.00
7.73 -0.691132 -0.016983 -0.033422 -0.280513 0.279168 0.00
7.74 -0.691094 -0.017723 0.106849 -0.097968 0.092746 0.00
7.75 -0.691003 -0.021387 0.067524 -0.260688 0.359560 0.00
7.76 -0.690947 -0.022049 0.169932 -0.068939 0.147167 0.00
7.77 -0.690903 -0.025696 0.103995 -0.238582 0.414278 0.00
7.78 -0.690880 -0.026366 0.199926 -0.050828 0.205228 0.00
7.79 -0.690852 -0.026257 0.134925 0.013058 0.096613 0.00
7.80 -0.690948 -0.029944 0.059769 -0.227174 0.455914 0.00
7.81 -0.690911 -0.034453 0.204274 -0.278628 0.647750 0.00
7.82 -0.690696 -0.035101 0.340098 -0.012203 0.346018 0.00
7.83 -0.676607 -0.034931 1.196476 0.039591 0.560498 0.00
7.84 -0.674130 -0.034756 0.739067 0.131625 0.286455 0.00
7.85 -0.660409 -0.034700 1.258664 0.071740 0.542507 0.00
7.86 -0.658310 -0.034684 0.723031 0.129941 0.290762 0.00
7.87 -0.644705 -0.034690 1.248169 0.068610 0.551560 0.00
7.88 -0.628579 -0.034710 1.685802 0.108842 0.649302 0.00
7.89 -0.612333 -0.034631 1.861875 0.155189 0.651991 0.00
7.90 -0.596389 -0.030793 1.892750 0.407701 0.267783 0.00
7.91 -0.580758 -0.026252 1.712369 0.450378 0.083897 0.00
7.92 -0.565311 -0.021849 1.569608 0.414643 0.019558 0.00
7.93 -0.549794 -0.021302 1.507435 0.148601 0.354931 0.00
7.94 -0.534053 -0.021502 1.653645 0.089784 0.493230 0.00
7.95 -0.518140 -0.021574 1.768108 0.111264 0.511515 0.00
7.96 -0.488253 -0.021575 2.766953 0.108363 0.857088 0.00
7.97 -0.469863 -0.021464 2.415839 0.220334 0.600602 0.00
7.98 -0.454333 -0.017598 2.006577 0.433880 0.124409 0.00
7.99 -0.425209 -0.013157 2.613828 0.410181 0.295160 0.00
8.00 -0.407364 -0.012504 2.091105 0.230175 0.364570 0.00
8.01 -0.377919 -0.012663 2.768616 0.114336 0.759157 0.00
8.02 -0.359903 -0.008956 2.352413 0.430290 0.147497 0.00
8.03 -0.330568 -0.004429 2.741680 0.428254 0.216817 0.00
8.04 -0.312965 -0.003760 2.081109 0.226390 0.270192 0.00
8.05 -0.283696 -0.003953 2.716778 0.095186 0.672180 0.00
8.06 -0.265733 -0.004031 2.300167 0.173553 0.442314 0.00
8.07 -0.236278 -0.000256 2.868075 0.366670 0.321069 0.00
8.08 -0.218549 0.004287 2.174231 0.475615 -0.117902 0.00
8.09 -0.189467 0.004930 2.563385 0.147954 0.452829 0.00
8.10 -0.171722 0.004743 2.149460 0.138622 0.343067 0.00
8.11 -0.156269 0.004679 1.825797 0.117591 0.275117 0.00
8.12 -0.126927 0.008358 2.656052 0.305229 0.248287 0.00
8.13 -0.108896 0.009143 2.107002 0.207985 0.196096 0.00
8.14 -0.093525 0.005348 1.745370 -0.122269 0.592760 0.00
8.15 -0.078100 0.004471 1.819513 0.035227 0.428909 0.00
8.16 -0.048372 0.004495 2.748475 0.086499 0.678594 0.00
8.17 -0.030106 0.004658 2.337553 0.195527 0.405611 0.00
8.18 -0.000627 0.008498 2.868969 0.378584 0.284875 0.00
8.19 0.017066 0.013036 2.160935 0.479732 -0.148215 0.00
8.20 0.046131 0.013670 2.549935 0.150324 0.424963 0.00
8.21 0.063876 0.013480 2.138106 0.141358 0.315445 0.00
8.22 0.079323 0.017176 1.815054 0.354824 -0.129723 0.00
8.23 0.094516 0.017866 1.510643 0.135993 0.060845 0.00
8.24 0.123949 0.017686 2.484975 0.029684 0.539763 0.00
8.25 0.142311 0.017664 2.214966 0.139689 0.314560 0.00
8.26 0.157941 0.017757 1.851143 0.133635 0.210902 0.00
8.27 0.173223 0.017734 1.677957 0.098032 0.210744 0.00
8.28 0.188711 0.013920 1.642511 -0.151479 0.605924 0.00
8.29 0.204490 0.013151 1.825115 0.043311 0.425833 0.00
8.30 0.220332 0.013263 1.801511 0.123645 0.317106 0.00
8.31 0.221961 0.013386 0.772197 0.146788 -0.050653 0.00
8.32 0.234965 0.009554 1.096399 -0.202151 0.593986 0.00
8.33 0.250951 0.004946 1.675959 -0.221569 0.894934 0.00
8.34 0.267393 0.004358 2.003055 0.094467 0.596790 0.00
8.35 0.297433 0.012129 2.896915 0.635595 0.048655 0.00
8.36 0.315424 0.017593 2.087061 0.576818 -0.218739 0.00
8.37 0.330436 0.021968 1.536936 0.427185 -0.263003 0.00
8.38 0.345486 0.022359 1.365474 0.115928 0.099696 0.00
8.39 0.361072 0.022081 1.513916 0.051590 0.247335 0.00
8.40 0.376974 0.021993 1.642980 0.076954 0.265441 0.00
8.41 0.392844 0.022021 1.685535 0.098369 0.258674 0.00
8.42 0.408612 0.022053 1.687654 0.105131 0.258237 0.00
8.43 0.410297 0.022092 0.722509 0.128385 -0.087313 0.00
8.44 0.423383 0.018254 1.076419 -0.210014 0.553022 0.00
8.45 0.425368 0.017446 0.697213 0.030454 0.121818 0.00
8.46 0.439068 0.013766 1.201297 -0.187647 0.647589 0.00
8.47 0.441236 0.013115 0.784723 0.068856 0.180164 0.00
8.48 0.454897 0.013231 1.247167 0.074264 0.329066 0.00
8.49 0.456893 0.013316 0.644895 0.129877 0.057844 0.00
8.50 0.456387 0.009574 0.181829 -0.154017 0.349891 0.00
8.51 0.469974 0.008715 1.143486 -0.028766 0.517294 0.00
8.52 0.472496 0.005072 0.732117 -0.096664 0.536722 0.00
8.53 0.486366 0.004455 1.399712 0.051723 0.573330 0.00
8.54 0.488558 0.004605 0.805064 0.180648 0.205372 0.00
8.55 0.502064 0.008445 1.249082 0.347092 0.069834 0.00
8.56 0.503931 0.009194 0.519510 0.202135 0.014649 0.00
8.57 0.517378 0.009062 1.081768 0.062926 0.393918 0.00
8.58 0.519536 0.008975 0.635357 0.128052 0.163741 0.00
8.59 0.519218 0.008995 0.236653 0.102961 0.066882 0.00
8.60 0.532763 0.008912 1.030902 0.042183 0.415925 0.00
8.61 0.535171 0.005170 0.647515 -0.101868 0.548123 0.00
8.62 0.535066 0.004490 0.422545 0.069350 0.256718 0.00
8.63 0.534715 0.004553 0.212525 0.103858 0.140765 0.00
8.64 0.534424 0.000817 0.105412 -0.149750 0.508295 0.00
8.65 0.548434 0.000020 1.216028 0.009621 0.677713 0.00
8.66 0.551158 -0.003566 0.832892 -0.045003 0.687713 0.00
8.67 0.551037 -0.000372 0.531427 0.360004 -0.006996 0.00
8.68 0.564502 0.000419 1.071658 0.165286 0.423982 0.00
8.69 0.566651 0.004159 0.640710 0.404710 -0.099015 0.00
8.70 0.580284 0.004848 1.076068 0.155772 0.372232 0.00
8.71 0.582362 0.004749 0.616463 0.153044 0.228831 0.00
8.72 0.596083 0.004672 1.220428 0.099409 0.506266 0.00
8.73 0.598278 0.004683 0.724738 0.173292 0.246656 0.00
8.74 0.597902 0.004721 0.292521 0.139074 0.150768 0.00
8.75 0.597375 0.004653 0.116742 0.095169 0.153151 0.00
8.76 0.597142 0.000822 0.087694 -0.155323 0.543579 0.00
8.77 0.597216 0.000047 0.271120 0.038495 0.356710 0.00
8.78 0.611388 -0.003630 1.206808 -0.139173 0.969219 0.00
8.79 0.614090 -0.004201 0.955723 0.159595 0.498057 0.00
8.80 0.627972 -0.000255 1.442533 0.413772 0.257325 0.00
8.81 0.629881 0.004363 0.655860 0.509137 -0.203486 0.00
8.82 0.643131 0.008754 1.008314 0.399229 -0.007962 0.00
8.83 0.644992 0.009288 0.416380 0.189172 0.072571 0.00
8.84 0.644599 0.009098 0.129149 0.090269 0.114437 0.00
8.85 0.658302 0.008921 1.032207 0.044490 0.480513 0.00
8.86 0.660846 0.005192 0.685891 -0.083002 0.602475 0.00
8.87 0.660791 0.004534 0.461002 0.092488 0.305029 0.00
8.88 0.660436 0.008365 0.244848 0.360311 -0.188879 0.00
8.89 0.660006 0.009135 -0.038307 0.145547 -0.006570 0.00
8.90 0.659736 0.005234 -0.027177 -0.177727 0.495641 0.00
8.91 0.659887 0.004380 0.224930 0.016980 0.331357 0.00
8.92 0.660109 0.004485 0.228467 0.106020 0.211552 0.00
8.93 0.660101 0.000829 0.160731 -0.125364 0.560937 0.00
8.94 0.674176 0.000069 1.259624 0.035309 0.724196 0.00
8.95 0.676886 0.000250 0.865127 0.211829 0.357471 0.00
8.96 0.676627 0.004186 0.387313 0.421017 -0.144872 0.00
8.97 0.675923 0.008649 0.000841 0.406161 -0.326313 0.00
8.98 0.689418 0.009175 0.786473 0.092275 0.348811 0.00
8.99 0.691927 0.005258 0.555413 -0.110505 0.612379 0.00
9.00 0.692038 0.004507 0.439679 0.079045 0.333315 0.00
9.01 0.691822 0.008351 0.260778 0.363287 -0.170571 0.00
9.02 0.691442 0.009142 -0.022214 0.152841 0.005667 0.00
9.03 0.691168 0.009010 -0.017242 0.062905 0.129882 0.00
9.04 0.691194 0.005139 0.059430 -0.171745 0.534349 0.00
9.05 0.691412 0.004385 0.271219 0.035481 0.338494 0.00
9.06 0.691587 0.004513 0.241668 0.116452 0.218304 0.00
9.07 0.691526 0.008371 0.164154 0.348239 -0.182417 0.00
9.08 0.691312 0.005360 -0.043744 -0.092784 0.391265 0.00
9.09 0.691267 0.004486 0.160669 0.021103 0.319940 0.00
9.10 0.691450 0.004502 0.202560 0.099382 0.228536 0.00
9.11 0.691481 0.004588 0.163716 0.109552 0.200823 0.00
9.12 0.691434 0.004606 0.135076 0.102192 0.201010 0.00
9.13 0.691392 0.008360 0.127519 0.331965 -0.172433 0.00
9.14 0.691256 0.009099 -0.044271 0.137059 0.020245 0.00
9.15 0.691130 0.008986 -0.006940 0.061700 0.135239 0.00
9.16 0.691196 0.008897 0.067592 0.064474 0.157351 0.00
9.17 0.691289 0.008894 0.100392 0.076488 0.152038 0.00
9.18 0.691331 0.008909 0.103934 0.080760 0.147242 0.00
9.19 0.691338 0.008916 0.100374 0.080672 0.146089 0.00
9.20 0.691334 0.008916 0.098166 0.079976 0.146292 0.00
9.21 0.691332 0.008915 0.097685 0.079683 0.146540 0.00
9.22 0.691331 0.008915 0.097786 0.079658 0.146614 0.00
9.23 0.691331 0.008915 0.097899 0.079689 0.146610 0.00
9.24 0.691331 0.008915 0.097935 0.079707 0.146598 0.00
9.25 0.691324 0.012676 0.097619 0.313810 -0.230396 0.00
9.26 0.691198 0.013421 -0.075379 0.119555 -0.039081 0.00
9.27 0.691072 0.013309 -0.039728 0.043814 0.075853 0.00
9.28 0.691135 0.013220 0.034222 0.046324 0.098133 0.00
9.29 0.691227 0.013217 0.067001 0.058280 0.092898 0.00
9.30 0.691263 0.016993 0.070296 0.296665 -0.288880 0.00
9.31 0.691143 0.017745 -0.106221 0.102337 -0.098725 0.00
9.32 0.691013 0.017633 -0.072770 0.025905 0.016408 0.00
9.33 0.691075 0.017543 0.000690 0.028122 0.038933 0.00
9.34 0.691159 0.021300 0.033254 0.274152 -0.343217 0.00
9.35 0.691075 0.022060 -0.136009 0.084213 -0.156692 0.00
9.36 0.690956 0.021955 -0.103840 0.008418 -0.042930 0.00
9.37 0.691009 0.025627 -0.032418 0.244339 -0.397448 0.00
9.38 0.690965 0.030130 -0.173443 0.295847 -0.588112 0.00
9.39 0.676723 0.030803 -1.269144 0.051882 -0.637348 0.00
9.40 0.674038 0.030525 -0.810202 -0.127188 -0.244561 0.00
9.41 0.660339 0.030366 -1.261268 -0.069494 -0.473601 0.00
9.42 0.658323 0.030340 -0.689942 -0.115946 -0.225749 0.00
9.43 0.644762 0.030361 -1.209275 -0.049699 -0.491449 0.00
9.44 0.642677 0.030362 -0.687781 -0.111469 -0.239813 0.00
9.45 0.629058 0.030366 -1.218874 -0.052668 -0.499126 0.00
9.46 0.626949 0.034118 -0.695356 0.118797 -0.622382 0.00
9.47 0.613206 0.034865 -1.396632 -0.015930 -0.690400 0.00
9.48 0.596950 0.034769 -1.798316 -0.132092 -0.672813 0.00
9.49 0.580775 0.030839 -1.899596 -0.409869 -0.276267 0.00
9.50 0.551019 0.026279 -2.686594 -0.434305 -0.439451 0.00
9.51 0.532928 0.021783 -2.185505 -0.502740 -0.118575 0.00
9.52 0.517594 0.021144 -1.714107 -0.213363 -0.350162 0.00
9.53 0.502338 0.021391 -1.677259 -0.110833 -0.487888 0.00
9.54 0.486662 0.025292 -1.756142 0.119926 -0.896770 0.00
9.55 0.456707 0.026069 -2.936413 -0.070111 -1.056031 0.00
9.56 0.438194 0.022090 -2.558266 -0.494236 -0.307520 0.00
9.57 0.408821 0.013650 -2.866702 -0.724630 0.026671 0.00
9.58 0.377415 0.004728 -2.950807 -0.759122 0.178505 0.00
9.59 0.345948 0.003478 -2.916317 -0.263368 -0.470460 0.00
9.60 0.314340 0.000051 -3.203842 -0.382762 -0.363606 0.00
9.61 0.282640 -0.004324 -3.246698 -0.461822 -0.215167 0.00
9.62 0.265224 -0.005028 -2.216125 -0.249215 -0.161610 0.00
9.63 0.236407 -0.008559 -2.681166 -0.316197 -0.179617 0.00
9.64 0.218799 -0.009169 -2.054801 -0.183567 -0.152356 0.00
9.65 0.203546 -0.005306 -1.703034 0.147313 -0.554139 0.00
9.66 0.174090 -0.004394 -2.752333 0.007117 -0.739484 0.00
9.67 0.155751 -0.004531 -2.370422 -0.173800 -0.380100 0.00
9.68 0.126265 -0.008444 -2.867448 -0.367527 -0.232646 0.00
9.69 0.108616 -0.012999 -2.134263 -0.462485 0.200670 0.00
9.70 0.079574 -0.009866 -2.517236 0.104878 -0.752682 0.00
9.71 0.061713 -0.008925 -2.279529 -0.079808 -0.453111 0.00
9.72 0.032107 -0.012707 -2.884429 -0.347579 -0.243850 0.00
9.73 0.014354 -0.017330 -2.153539 -0.466375 0.221737 0.00
9.74 -0.014682 -0.017991 -2.515656 -0.131778 -0.349153 0.00
9.75 -0.032394 -0.017797 -2.094957 -0.118351 -0.242770 0.00
9.76 -0.047838 -0.017727 -1.772475 -0.096708 -0.176119 0.00
9.77 -0.077187 -0.017644 -2.604649 -0.050609 -0.526335 0.00
9.78 -0.095346 -0.017684 -2.229150 -0.147870 -0.282670 0.00
9.79 -0.110837 -0.017762 -1.831565 -0.127511 -0.187336 0.00
9.80 -0.126072 -0.017720 -1.658695 -0.088231 -0.192513 0.00
9.81 -0.141557 -0.013899 -1.628732 0.160534 -0.588588 0.00
9.82 -0.157342 -0.013130 -1.813884 -0.035170 -0.408099 0.00
9.83 -0.173188 -0.013244 -1.790648 -0.115800 -0.299076 0.00
9.84 -0.188855 -0.009581 -1.723531 0.116934 -0.659016 0.00
9.85 -0.204608 -0.008847 -1.867522 -0.068234 -0.478629 0.00
9.86 -0.220407 -0.008951 -1.831629 -0.142252 -0.374477 0.00
9.87 -0.236044 -0.012801 -1.764471 -0.376486 0.017572 0.00
9.88 -0.251544 -0.013555 -1.564615 -0.173588 -0.184817 0.00
9.89 -0.267092 -0.013434 -1.600887 -0.096496 -0.310314 0.00
9.90 -0.282865 -0.013345 -1.682004 -0.101746 -0.339697 0.00
9.91 -0.298682 -0.009586 -1.720934 0.117098 -0.717276 0.00
9.92 -0.314568 -0.008863 -1.901734 -0.084354 -0.526960 0.00
9.93 -0.330410 -0.012750 -1.865876 -0.396781 -0.039826 0.00
9.94 -0.345924 -0.017352 -1.620048 -0.436032 0.161904 0.00
9.95 -0.361291 -0.017994 -1.453146 -0.156410 -0.155859 0.00
9.96 -0.376901 -0.017783 -1.562968 -0.081505 -0.303957 0.00
9.97 -0.392772 -0.013928 -1.677395 0.135386 -0.705168 0.00
9.98 -0.408751 -0.013200 -1.892766 -0.078458 -0.509639 0.00
9.99 -0.424644 -0.013341 -1.861428 -0.161343 -0.394526 0.00
10.00 -0.440292 -0.017206 -1.785071 -0.394830 -0.000241 0.00
10.01 -0.455782 -0.017960 -1.580231 -0.190239 -0.203262 0.00
10.02 -0.471318 -0.021599 -1.615271 -0.346617 0.047652 0.00
10.03 -0.486963 -0.022254 -1.523694 -0.157586 -0.173195 0.00
10.04 -0.502647 -0.022144 -1.598229 -0.097183 -0.288702 0.00
10.05 -0.504447 -0.018341 -0.718291 0.105398 -0.338163 0.00
10.06 -0.517758 -0.017523 -1.276926 0.002394 -0.403130 0.00
10.07 -0.533817 -0.017564 -1.652768 -0.101673 -0.394142 0.00
10.08 -0.535923 -0.017736 -0.799093 -0.166584 -0.027099 0.00
10.09 -0.549155 -0.017730 -1.156793 -0.068906 -0.281809 0.00
10.10 -0.551039 -0.013923 -0.592938 0.121831 -0.418551 0.00
10.11 -0.564721 -0.013145 -1.299838 -0.010429 -0.492195 0.00
10.12 -0.566947 -0.013260 -0.747822 -0.150315 -0.124057 0.00
10.13 -0.566478 -0.013374 -0.243105 -0.111243 -0.009706 0.00
10.14 -0.579897 -0.009518 -1.001041 0.199874 -0.745668 0.00
10.15 -0.582375 -0.008771 -0.790052 -0.080152 -0.315535 0.00
10.16 -0.596297 -0.008916 -1.324188 -0.111821 -0.452270 0.00
10.17 -0.598391 -0.009038 -0.725824 -0.174860 -0.171798 0.00
10.18 -0.611921 -0.009046 -1.215573 -0.102325 -0.435796 0.00
10.19 -0.613971 -0.009039 -0.684657 -0.159285 -0.187604 0.00
10.20 -0.627570 -0.012790 -1.215814 -0.333567 -0.071516 0.00
10.21 -0.629552 -0.009781 -0.520930 0.031859 -0.386258 0.00
10.22 -0.629140 -0.008947 -0.296463 -0.049179 -0.218282 0.00
10.23 -0.628808 -0.005136 -0.163152 0.150198 -0.505839 0.00
10.24 -0.642757 -0.004382 -1.229664 -0.016014 -0.650962 0.00
10.25 -0.645421 -0.000805 -0.823175 0.044415 -0.660945 0.00
10.26 -0.645269 -0.003992 -0.517123 -0.357411 0.030898 0.00
10.27 -0.658719 -0.008539 -1.058621 -0.396446 -0.024146 0.00
10.28 -0.660751 -0.009263 -0.456496 -0.207876 -0.069474 0.00
10.29 -0.674385 -0.009094 -1.100967 -0.077668 -0.464198 0.00
10.30 -0.676654 -0.009019 -0.679643 -0.153231 -0.228078 0.00
10.31 -0.676379 -0.005292 -0.280613 0.103300 -0.504209 0.00
10.32 -0.676021 -0.004494 -0.281486 -0.051354 -0.310480 0.00
10.33 -0.689945 -0.004517 -1.175004 -0.088875 -0.558568 0.00
10.34 -0.692456 -0.004660 -0.756507 -0.191035 -0.284186 0.00
10.35 -0.692189 -0.004752 -0.325719 -0.159116 -0.184840 0.00
10.36 -0.691674 -0.004694 -0.142165 -0.112634 -0.187982 0.00
10.37 -0.691435 -0.000861 -0.109957 0.139325 -0.579375 0.00
10.38 -0.691513 0.003676 -0.293421 0.179918 -0.769853 0.00
10.39 -0.691772 0.004314 -0.440005 -0.092599 -0.463310 0.00
10.40 -0.705868 0.000373 -1.294939 -0.379448 -0.299015 0.00
10.41 -0.708219 -0.000549 -0.662423 -0.276742 -0.216214 0.00
10.42 -0.721811 -0.000492 -1.216901 -0.140769 -0.587420 0.00
10.43 -0.723973 -0.000418 -0.755176 -0.201400 -0.358057 0.00
10.44 -0.723633 -0.004195 -0.350802 -0.407912 0.114130 0.00
10.45 -0.737045 -0.004854 -0.971848 -0.152395 -0.426866 0.00
10.46 -0.739319 -0.004760 -0.624431 -0.166837 -0.297054 0.00
10.47 -0.739152 -0.004736 -0.300700 -0.146435 -0.219169 0.00
10.48 -0.738767 -0.004684 -0.159158 -0.117194 -0.212881 0.00
10.49 -0.752606 -0.004608 -1.091333 -0.082707 -0.571677 0.00
10.50 -0.755194 -0.000907 -0.743685 0.046829 -0.695496 0.00
10.51 -0.755142 -0.000250 -0.516588 -0.126821 -0.399771 0.00
10.52 -0.768818 -0.004055 -1.262289 -0.372420 -0.257199 0.00
10.53 -0.771016 -0.004906 -0.626640 -0.263498 -0.182810 0.00
10.54 -0.770553 -0.008620 -0.230796 -0.386361 0.173518 0.00
10.55 -0.769971 -0.009211 0.045742 -0.149183 -0.043910 0.00
10.56 -0.783734 -0.005238 -0.955383 0.187292 -0.895295 0.00
10.57 -0.786544 -0.004471 -0.863759 -0.119126 -0.469226 0.00
10.58 -0.786597 -0.004676 -0.459940 -0.187132 -0.243031 0.00
10.59 -0.786087 -0.012260 -0.206739 -0.614260 0.539558 0.00
10.60 -0.799538 -0.013670 -0.749860 -0.173692 -0.211411 0.00
10.61 -0.801816 -0.009721 -0.470926 0.112551 -0.571609 0.00
10.62 -0.801886 -0.008877 -0.397266 -0.066630 -0.321707 0.00
10.63 -0.801727 -0.008939 -0.249724 -0.124837 -0.194477 0.00
10.64 -0.801511 -0.008994 -0.147586 -0.113311 -0.175592 0.00
10.65 -0.801374 -0.008980 -0.115626 -0.099811 -0.183418 0.00
10.66 -0.801329 -0.008962 -0.116238 -0.096339 -0.188557 0.00
10.67 -0.801326 -0.008956 -0.121613 -0.097072 -0.189428 0.00
10.68 -0.801339 -0.005195 -0.124398 0.136145 -0.566035 0.00
10.69 -0.801468 -0.004451 -0.297750 -0.058393 -0.374438 0.00
10.70 -0.801588 -0.008325 -0.261591 -0.368228 0.117548 0.00
10.71 -0.801398 -0.009159 -0.014521 -0.171420 -0.051504 0.00
10.72 -0.801179 -0.009050 -0.017359 -0.083706 -0.171687 0.00
10.73 -0.801201 -0.008946 -0.087691 -0.081929 -0.198757 0.00
10.74 -0.801286 -0.008936 -0.124000 -0.093960 -0.194681 0.00
10.75 -0.801332 -0.008950 -0.129819 -0.098938 -0.189694 0.00
10.76 -0.801341 -0.008958 -0.126782 -0.099158 -0.188287 0.00
10.77 -0.801338 -0.008959 -0.124483 -0.098491 -0.188413 0.00
10.78 -0.801336 -0.008958 -0.123886 -0.098167 -0.188664 0.00
10.79 -0.801335 -0.008958 -0.123950 -0.098124 -0.188751 0.00
10.80 -0.801328 -0.012719 -0.123746 -0.332252 0.188238 0.00
10.81 -0.801202 -0.013464 0.049207 -0.138017 -0.003065 0.00
10.82 -0.801076 -0.013352 0.013555 -0.062281 -0.117992 0.00
10.83 -0.801140 -0.013262 -0.060384 -0.064790 -0.140270 0.00
10.84 -0.801224 -0.017021 -0.092851 -0.310845 0.241952 0.00
10.85 -0.801141 -0.017781 0.076528 -0.120875 0.055424 0.00
10.86 -0.801021 -0.017675 0.044402 -0.045062 -0.058348 0.00
10.87 -0.801081 -0.017586 -0.027345 -0.046879 -0.080827 0.00
10.88 -0.801164 -0.021344 -0.059327 -0.292642 0.301150 0.00
10.89 -0.801079 -0.022103 0.109950 -0.102647 0.114547 0.00
10.90 -0.800952 -0.025759 0.078021 -0.260966 0.377766 0.00
10.91 -0.786856 -0.026441 1.141316 -0.090319 0.514762 0.00
10.92 -0.784190 -0.026242 0.720614 0.079554 0.148082 0.00
10.93 -0.784474 -0.026074 0.236508 0.050655 0.026012 0.00
10.94 -0.785054 -0.026124 0.024482 -0.004654 0.031518 0.00
10.95 -0.785330 -0.029967 -0.012752 -0.260522 0.426666 0.00
10.96 -0.785260 -0.034511 0.172874 -0.301373 0.618289 0.00
10.97 -0.770968 -0.035174 1.283312 -0.050138 0.662458 0.00
10.98 -0.754233 -0.034912 1.786299 0.108665 0.618225 0.00
10.99 -0.751941 -0.030881 0.919964 0.412221 -0.137458 0.00
11.00 -0.738838 -0.026364 1.082734 0.348417 -0.067754 0.00
11.01 -0.723211 -0.022047 1.335361 0.330697 -0.025789 0.00
11.02 -0.707224 -0.021458 1.452747 0.106326 0.311842 0.00
11.03 -0.691244 -0.021595 1.635260 0.065466 0.436961 0.00
11.04 -0.675272 -0.021636 1.741912 0.088457 0.450194 0.00
11.05 -0.673450 -0.021581 0.807855 0.126894 0.094237 0.00
11.06 -0.660329 -0.021637 1.159364 0.026001 0.352018 0.00
11.07 -0.644438 -0.021719 1.563245 0.049459 0.462164 0.00
11.08 -0.628241 -0.025430 1.747723 -0.139552 0.846619 0.00
11.09 -0.626191 -0.026078 0.998371 0.097051 0.297272 0.00
11.10 -0.612927 -0.022250 1.310859 0.305141 0.063116 0.00
11.11 -0.597228 -0.021498 1.465339 0.130902 0.342738 0.00
11.12 -0.581259 -0.021558 1.651744 0.087973 0.470618 0.00
11.13 -0.565283 -0.021591 1.761840 0.106751 0.490480 0.00
11.14 -0.549424 -0.021564 1.793943 0.122859 0.487425 0.00
11.15 -0.519636 -0.021564 2.756836 0.106474 0.839282 0.00
11.16 -0.501292 -0.021470 2.401913 0.213867 0.587949 0.00
11.17 -0.485770 -0.017611 1.996510 0.427559 0.112937 0.00
11.18 -0.456642 -0.013170 2.606115 0.404624 0.283443 0.00
11.19 -0.438801 -0.008755 2.083576 0.459030 -0.024405 0.00
11.20 -0.409482 -0.008169 2.587976 0.148961 0.561419 0.00
11.21 -0.391585 -0.008336 2.207621 0.155039 0.441687 0.00
11.22 -0.362053 -0.008404 2.844109 0.115648 0.718974 0.00
11.23 -0.344112 -0.004610 2.353346 0.429832 0.083882 0.00
11.24 -0.314872 -0.000080 2.709728 0.415989 0.158196 0.00
11.25 -0.297311 0.000574 2.045522 0.209825 0.216372 0.00
11.26 -0.282080 0.000401 1.722669 0.100451 0.268776 0.00
11.27 -0.252712 0.000214 2.623118 0.051941 0.646231 0.00
11.28 -0.234469 0.000244 2.283465 0.160956 0.398722 0.00
11.29 -0.218933 0.000336 1.891790 0.145549 0.298473 0.00
11.30 -0.189665 0.004037 2.677748 0.318845 0.276024 0.00
11.31 -0.171680 0.001045 2.119768 -0.019025 0.606788 0.00
11.32 -0.156203 0.000256 1.933515 0.078487 0.436972 0.00
11.33 -0.126752 0.003970 2.763389 0.330513 0.323209 0.00
11.34 -0.108739 0.004826 2.167006 0.237248 0.249063 0.00
11.35 -0.093435 0.004801 1.779160 0.133226 0.270648 0.00
11.36 -0.078169 0.004660 1.675593 0.092844 0.301566 0.00
11.37 -0.062606 0.004593 1.680062 0.089874 0.316495 0.00
11.38 -0.032866 0.000796 2.659866 -0.159817 1.050248 0.00
11.39 -0.014382 0.000142 2.489464 0.145287 0.606775 0.00
11.40 0.001280 0.004118 2.051316 0.436217 0.015708 0.00
11.41 0.030341 0.012411 2.586374 0.645043 -0.213416 0.00
11.42 0.047971 0.013814 1.857853 0.259001 0.052283 0.00
11.43 0.077247 0.013528 2.567105 0.063076 0.566571 0.00
11.44 0.095320 0.017138 2.228244 0.381560 -0.021621 0.00
11.45 0.110726 0.017927 1.690719 0.179830 0.068495 0.00
11.46 0.125864 0.021544 1.559693 0.305101 -0.194727 0.00
11.47 0.155320 0.022124 2.389552 0.077469 0.386912 0.00
11.48 0.173570 0.022069 2.114992 0.120259 0.250795 0.00
11.49 0.175183 0.022113 0.835801 0.131224 -0.180798 0.00
11.50 0.187894 0.021997 1.041737 -0.002264 0.073985 0.00
11.51 0.203594 0.018099 1.417732 -0.225902 0.570149 0.00
11.52 0.205839 0.013645 0.819341 -0.199730 0.416039 0.00
11.53 0.219420 0.012998 1.355922 -0.013223 0.359209 0.00
11.54 0.235442 0.013145 1.650703 0.087146 0.326941 0.00
11.55 0.237458 0.009560 0.759902 -0.095671 0.342833 0.00
11.56 0.250776 0.005031 1.286269 -0.238080 0.788505 0.00
11.57 0.252897 0.004344 0.863145 0.075314 0.243293 0.00
11.58 0.266519 0.004512 1.289858 0.087310 0.370819 0.00
11.59 0.268466 0.004608 0.667321 0.137315 0.100301 0.00
11.60 0.281957 0.004596 1.162122 0.062772 0.368940 0.00
11.61 0.298049 0.000798 1.599867 -0.134835 0.848880 0.00
11.62 0.300387 0.000151 0.991730 0.128090 0.310430 0.00
11.63 0.313833 0.004019 1.342053 0.351372 0.067681 0.00
11.64 0.329581 0.008557 1.494546 0.413953 -0.034253 0.00
11.65 0.345434 0.005487 1.502121 -0.058542 0.661449 0.00
11.66 0.347372 0.004621 0.856213 0.099530 0.254658 0.00
11.67 0.360782 0.008349 1.278744 0.321917 0.038984 0.00
11.68 0.376619 0.009112 1.472075 0.164650 0.308424 0.00
11.69 0.378608 0.009100 0.697113 0.148049 0.079308 0.00
11.70 0.391959 0.008992 1.154160 0.060305 0.354856 0.00
11.71 0.393960 0.008952 0.627832 0.119300 0.105980 0.00
11.72 0.393541 0.005203 0.201866 -0.150382 0.391240 0.00
11.73 0.393143 0.004386 0.206135 0.001731 0.202318 0.00
11.74 0.407076 0.000643 1.105882 -0.193759 0.827947 0.00
11.75 0.409726 -0.003719 0.863009 -0.130543 0.738773 0.00
11.76 0.409715 -0.004259 0.569773 0.107773 0.332904 0.00
11.77 0.423279 0.003382 1.237825 0.580922 -0.204419 0.00
11.78 0.439285 0.004950 1.361779 0.244067 0.269628 0.00
11.79 0.441293 0.004858 0.647612 0.159250 0.153094 0.00
11.80 0.440718 0.004701 0.215542 0.097055 0.097907 0.00
11.81 0.454222 0.000791 1.033247 -0.194402 0.827962 0.00
11.82 0.456769 0.000062 0.835576 0.095894 0.388145 0.00
11.83 0.456679 0.000246 0.403618 0.150513 0.170989 0.00
11.84 0.470164 0.004025 1.115791 0.319051 0.121075 0.00
11.85 0.472347 0.001030 0.523285 -0.032744 0.450810 0.00
11.86 0.472069 0.000221 0.330034 0.058086 0.279541 0.00
11.87 0.485806 0.000162 1.159885 0.073456 0.537850 0.00
11.88 0.488233 0.000265 0.734857 0.172467 0.266179 0.00
11.89 0.487952 0.000348 0.308079 0.141825 0.166576 0.00
11.90 0.487440 0.000290 0.126729 0.096319 0.169124 0.00
11.91 0.501234 -0.003567 1.056962 -0.177147 0.911035 0.00
11.92 0.503935 -0.004261 0.887226 0.122148 0.467750 0.00
11.93 0.503881 -0.000298 0.453940 0.412341 -0.128956 0.00
11.94 0.517243 0.004229 0.988845 0.385785 0.012116 0.00
11.95 0.519296 0.001122 0.430150 -0.042412 0.457081 0.00
11.96 0.533110 0.000197 1.272667 0.028968 0.659049 0.00
11.97 0.535530 0.004003 0.820287 0.417975 -0.072343 0.00
11.98 0.549096 0.004852 1.134340 0.177347 0.345504 0.00
11.99 0.551015 0.008534 0.610433 0.389538 -0.170450 0.00
12.00 0.550497 0.009204 0.067939 0.154700 -0.044165 0.00
12.01 0.563949 0.008982 0.927548 0.024653 0.421282 0.00
12.02 0.566456 0.005157 0.627308 -0.112136 0.572315 0.00
12.03 0.566455 0.004480 0.434639 0.072007 0.274118 0.00
12.04 0.566147 0.004560 0.226602 0.110494 0.153224 0.00
12.05 0.565847 0.008353 0.114651 0.324737 -0.234235 0.00
12.06 0.565576 0.005311 -0.084742 -0.117496 0.344316 0.00
12.07 0.565535 0.004433 0.128443 -0.001330 0.272879 0.00
12.08 0.565727 0.004451 0.173132 0.078202 0.180672 0.00
12.09 0.565770 0.000777 0.134642 -0.145494 0.529617 0.00
12.10 0.579880 0.000026 1.240714 0.019551 0.689241 0.00
12.11 0.582601 0.000213 0.844902 0.196696 0.321151 0.00
12.12 0.582340 0.004150 0.365370 0.405484 -0.181239 0.00
12.13 0.581641 0.004851 -0.021367 0.156260 0.014484 0.00
12.14 0.581231 0.004658 -0.024833 0.058344 0.147596 0.00
12.15 0.581230 0.004531 0.060957 0.059619 0.175983 0.00
12.16 0.581330 0.004523 0.104777 0.074549 0.170457 0.00
12.17 0.581384 0.004541 0.111729 0.080395 0.164616 0.00
12.18 0.581395 0.004550 0.108154 0.080589 0.163044 0.00
12.19 0.581392 0.004551 0.105473 0.079789 0.163221 0.00
12.20 0.581389 0.004550 0.104790 0.079411 0.163519 0.00
12.21 0.581388 0.004549 0.104870 0.079363 0.163618 0.00
12.22 0.581388 0.004549 0.105005 0.079397 0.163618 0.00
12.23 0.581388 0.004549 0.105053 0.079419 0.163605 0.00
12.24 0.581381 0.008310 0.104735 0.313524 -0.213393 0.00
12.25 0.581255 0.009056 -0.068265 0.119268 -0.022078 0.00
12.26 0.581129 0.008943 -0.032615 0.043528 0.092857 0.00
12.27 0.581193 0.008854 0.041326 0.046037 0.115134 0.00
12.28 0.581285 0.008851 0.074106 0.057993 0.109899 0.00
12.29 0.581320 0.012627 0.077410 0.296377 -0.271875 0.00
12.30 0.581200 0.013379 -0.099111 0.102050 -0.081723 0.00
12.31 0.581071 0.013267 -0.065658 0.025618 0.033412 0.00
12.32 0.581125 0.016938 0.007488 0.261935 -0.321052 0.00
12.33 0.581090 0.017680 -0.132624 0.079611 -0.134897 0.00
12.34 0.581006 0.017583 -0.093239 0.008187 -0.024754 0.00
12.35 0.581070 0.021261 -0.023100 0.244742 -0.380638 0.00
12.36 0.581032 0.022004 -0.165519 0.061754 -0.194365 0.00
12.37 0.580938 0.025667 -0.127053 0.224104 -0.460959 0.00
12.38 0.580882 0.026329 -0.229530 0.032261 -0.248452 0.00
12.39 0.580837 0.029975 -0.163498 0.201915 -0.515545 0.00
12.40 0.566784 0.030671 -1.221459 0.035952 -0.657280 0.00
12.41 0.564119 0.034241 -0.804016 0.100374 -0.668924 0.00
12.42 0.550251 0.031083 -1.456843 -0.277945 -0.329200 0.00
12.43 0.548199 0.030192 -0.683978 -0.210227 -0.154111 0.00
12.44 0.534819 0.030229 -1.163703 -0.066345 -0.511114 0.00
12.45 0.532762 0.030315 -0.681658 -0.118270 -0.286943 0.00
12.46 0.519096 0.030338 -1.241326 -0.066875 -0.545978 0.00
12.47 0.502928 0.030346 -1.686691 -0.112037 -0.639470 0.00
12.48 0.500696 0.033995 -0.899216 0.053387 -0.666929 0.00
12.49 0.487249 0.034745 -1.454171 -0.052975 -0.725140 0.00
12.50 0.471188 0.030931 -1.816957 -0.387474 -0.339719 0.00
12.51 0.441167 0.026306 -2.709342 -0.446535 -0.489922 0.00
12.52 0.422941 0.021756 -2.223560 -0.524105 -0.160970 0.00
12.53 0.407580 0.021099 -1.745657 -0.234046 -0.391060 0.00
12.54 0.392328 0.021345 -1.704115 -0.129889 -0.529413 0.00
12.55 0.362633 0.021512 -2.743643 -0.110820 -0.912600 0.00
12.56 0.344215 0.017676 -2.435933 -0.468219 -0.278816 0.00
12.57 0.314731 0.013079 -2.829035 -0.472712 -0.339547 0.00
12.58 0.297117 0.008633 -2.156421 -0.502117 -0.015634 0.00
12.59 0.267978 0.011842 -2.614058 0.059657 -0.987172 0.00
12.60 0.250022 0.012781 -2.405410 -0.136628 -0.681546 0.00
12.61 0.220384 0.005223 -3.011724 -0.642141 -0.090754 0.00
12.62 0.188722 -0.000126 -3.066068 -0.544607 -0.166311 0.00
12.63 0.157194 -0.004518 -3.108693 -0.473470 -0.218662 0.00
12.64 0.125701 -0.008808 -3.143864 -0.458235 -0.195389 0.00
12.65 0.108278 -0.013165 -2.181223 -0.475045 0.204804 0.00
12.66 0.079497 -0.013667 -2.511176 -0.125489 -0.378198 0.00
12.67 0.061842 -0.013432 -2.100209 -0.116656 -0.269476 0.00
12.68 0.046396 -0.013362 -1.783579 -0.098492 -0.200071 0.00
12.69 0.017041 -0.013283 -2.616359 -0.053229 -0.549300 0.00
12.70 -0.001126 -0.009563 -2.240598 0.083706 -0.682539 0.00
12.71 -0.016743 -0.008897 -2.015709 -0.090048 -0.395982 0.00
12.72 -0.046128 -0.012702 -2.768916 -0.338793 -0.260060 0.00
12.73 -0.064045 -0.013560 -2.138976 -0.233164 -0.191453 0.00
12.74 -0.079306 -0.013520 -1.747564 -0.124795 -0.217936 0.00
12.75 -0.094566 -0.013372 -1.647657 -0.084516 -0.250020 0.00
12.76 -0.110132 -0.013304 -1.654379 -0.082262 -0.264735 0.00
12.77 -0.125844 -0.009534 -1.672594 0.145359 -0.647460 0.00
12.78 -0.141706 -0.005036 -1.855153 0.180128 -0.837637 0.00
12.79 -0.171711 -0.004387 -2.958734 -0.071281 -0.887531 0.00
12.80 -0.190112 -0.008440 -2.499244 -0.486951 -0.122541 0.00
12.81 -0.205358 -0.013138 -1.816198 -0.492720 0.178601 0.00
12.82 -0.234228 -0.017455 -2.425256 -0.378018 -0.116621 0.00
12.83 -0.252091 -0.017999 -1.976678 -0.196600 -0.213945 0.00
12.84 -0.267594 -0.017855 -1.730386 -0.115237 -0.253424 0.00
12.85 -0.297067 -0.017708 -2.635491 -0.074739 -0.621053 0.00
12.86 -0.315322 -0.017752 -2.286526 -0.182786 -0.371576 0.00
12.87 -0.330849 -0.017844 -1.889840 -0.165683 -0.271957 0.00
12.88 -0.346080 -0.021568 -1.712784 -0.360136 0.100713 0.00
12.89 -0.361428 -0.022254 -1.507532 -0.150542 -0.109944 0.00
12.90 -0.376957 -0.022117 -1.555000 -0.076010 -0.235930 0.00
12.91 -0.392747 -0.018268 -1.641810 0.150696 -0.641167 0.00
12.92 -0.408690 -0.017528 -1.854204 -0.059423 -0.449838 0.00
12.93 -0.424577 -0.017663 -1.825973 -0.142332 -0.335798 0.00
12.94 -0.426204 -0.017791 -0.789801 -0.164085 0.032424 0.00
12.95 -0.453225 -0.017693 -2.073221 -0.026436 -0.586580 0.00
12.96 -0.471703 -0.017673 -2.126541 -0.152407 -0.445423 0.00
12.97 -0.473675 -0.021597 -0.947729 -0.432231 0.378696 0.00
12.98 -0.486399 -0.022287 -0.986983 -0.110307 -0.060718 0.00
12.99 -0.501985 -0.022053 -1.388955 -0.042855 -0.294451 0.00
13.00 -0.518183 -0.021990 -1.648586 -0.087766 -0.328673 0.00
13.01 -0.520203 -0.018317 -0.765349 0.090830 -0.342848 0.00
13.02 -0.533522 -0.017541 -1.292947 -0.006934 -0.404017 0.00
13.03 -0.549549 -0.017580 -1.655473 -0.105394 -0.398222 0.00
13.04 -0.551638 -0.017745 -0.800560 -0.168707 -0.033030 0.00
13.05 -0.564875 -0.013975 -1.159997 0.162937 -0.665056 0.00
13.06 -0.566879 -0.013183 -0.769626 -0.074971 -0.233370 0.00
13.07 -0.580562 -0.013263 -1.268023 -0.088823 -0.383294 0.00
13.08 -0.582591 -0.017116 -0.677351 -0.384562 0.269200 0.00
13.09 -0.596005 -0.014103 -1.003158 0.114096 -0.563046 0.00
13.10 -0.612096 -0.013215 -1.645825 -0.040866 -0.588455 0.00
13.11 -0.614495 -0.013337 -0.900816 -0.187114 -0.148850 0.00
13.12 -0.627840 -0.017178 -1.245144 -0.343813 0.006236 0.00
13.13 -0.629579 -0.017909 -0.480751 -0.188876 0.059155 0.00
13.14 -0.642977 -0.017761 -1.039511 -0.046566 -0.323370 0.00
13.15 -0.645127 -0.017669 -0.596385 -0.111938 -0.094026 0.00
13.16 -0.644819 -0.013927 -0.200028 0.146627 -0.373985 0.00
13.17 -0.644468 -0.009363 -0.205976 0.225226 -0.557727 0.00
13.18 -0.658524 -0.008642 -1.274371 -0.007270 -0.614139 0.00
13.19 -0.661163 -0.008899 -0.820416 -0.185366 -0.224609 0.00
13.20 -0.660833 -0.009080 -0.315502 -0.150918 -0.102945 0.00
13.21 -0.660226 -0.009025 -0.099054 -0.092442 -0.111334 0.00
13.22 -0.673968 -0.008913 -1.024975 -0.048512 -0.481315 0.00
13.23 -0.676543 -0.005196 -0.686225 0.080463 -0.607533 0.00
13.24 -0.676500 -0.004539 -0.464210 -0.094877 -0.311217 0.00
13.25 -0.676157 -0.004610 -0.249155 -0.128806 -0.194275 0.00
13.26 -0.675854 -0.004635 -0.138966 -0.108378 -0.185147 0.00
13.27 -0.675710 -0.000846 -0.114296 0.139168 -0.572388 0.00
13.28 -0.675798 -0.000081 -0.292383 -0.053009 -0.385830 0.00
13.29 -0.689965 0.003598 -1.225524 0.125789 -0.999033 0.00
13.30 -0.692664 0.004170 -0.974104 -0.172696 -0.528166 0.00
13.31 -0.706546 0.000225 -1.461099 -0.426899 -0.287467 0.00
13.32 -0.708455 -0.004394 -0.674546 -0.522312 0.173368 0.00
13.33 -0.721705 -0.008785 -1.027022 -0.412421 -0.022140 0.00
13.34 -0.723566 -0.009319 -0.435083 -0.202364 -0.102670 0.00
13.35 -0.723166 -0.012890 -0.147526 -0.337560 0.232454 0.00
13.36 -0.736750 -0.009697 -0.877909 0.136575 -0.701929 0.00
13.37 -0.739287 -0.008871 -0.739924 -0.088547 -0.370520 0.00
13.38 -0.739296 -0.008982 -0.380329 -0.148034 -0.171733 0.00
13.39 -0.752874 -0.012762 -1.120744 -0.327790 -0.116021 0.00
13.40 -0.755095 -0.009781 -0.529932 0.020437 -0.441307 0.00
13.41 -0.754821 -0.008978 -0.332920 -0.070110 -0.269097 0.00
13.42 -0.754516 -0.012705 -0.198342 -0.340672 0.200114 0.00
13.43 -0.754192 -0.009710 0.046989 0.094726 -0.353491 0.00
13.44 -0.754089 -0.008841 -0.141456 -0.015266 -0.282074 0.00
13.45 -0.754249 -0.008852 -0.181165 -0.091438 -0.192851 0.00
13.46 -0.754283 -0.005173 -0.144285 0.132634 -0.542903 0.00
13.47 -0.768395 -0.004421 -1.251913 -0.032787 -0.702547 0.00
13.48 -0.771117 -0.004608 -0.856592 -0.210157 -0.334309 0.00
13.49 -0.770858 -0.008546 -0.377052 -0.418989 0.168148 0.00
13.50 -0.770158 -0.009247 0.009763 -0.169751 -0.027568 0.00
13.51 -0.783779 -0.009028 -0.948824 -0.050049 -0.511464 0.00
13.52 -0.786408 -0.008984 -0.681859 -0.157120 -0.283117 0.00
13.53 -0.786321 -0.012830 -0.318903 -0.384020 0.203907 0.00
13.54 -0.785768 -0.013548 0.029795 -0.152216 0.019324 0.00
13.55 -0.785409 -0.013377 0.033815 -0.058511 -0.107597 0.00
13.56 -0.785418 -0.009497 -0.046066 0.175247 -0.512070 0.00
13.57 -0.785637 -0.008743 -0.260071 -0.032879 -0.315735 0.00
13.58 -0.785815 -0.008872 -0.231009 -0.114139 -0.195301 0.00
13.59 -0.785754 -0.012731 -0.153408 -0.345936 0.205471 0.00
13.60 -0.785540 -0.009719 0.054577 0.095121 -0.368227 0.00
13.61 -0.785495 -0.008846 -0.149806 -0.018752 -0.296912 0.00
13.62 -0.785678 -0.008861 -0.191694 -0.097029 -0.205511 0.00
13.63 -0.785709 -0.008947 -0.152857 -0.107199 -0.177799 0.00
13.64 -0.785662 -0.008966 -0.124224 -0.099841 -0.177987 0.00
13.65 -0.785627 -0.008958 -0.116986 -0.095514 -0.181533 0.00
13.66 -0.785617 -0.008952 -0.118189 -0.094862 -0.182896 0.00
13.67 -0.785618 -0.008951 -0.119869 -0.095243 -0.182957 0.00
13.68 -0.785620 -0.008951 -0.120456 -0.095507 -0.182790 0.00
13.69 -0.785613 -0.012713 -0.120159 -0.329665 0.194277 0.00
13.70 -0.785487 -0.013458 0.052918 -0.135398 0.002974 0.00
13.71 -0.785361 -0.013346 0.017299 -0.059644 -0.111969 0.00
13.72 -0.785425 -0.013256 -0.056644 -0.062149 -0.134252 0.00
13.73 -0.785517 -0.013253 -0.089426 -0.074106 -0.129018 0.00
13.74 -0.785552 -0.017029 -0.092732 -0.312491 0.252758 0.00
13.75 -0.785432 -0.017781 0.083791 -0.118164 0.062606 0.00
13.76 -0.785303 -0.017670 0.050340 -0.041731 -0.052528 0.00
13.77 -0.785357 -0.021341 -0.022799 -0.278049 0.301938 0.00
13.78 -0.785322 -0.022082 0.117313 -0.095724 0.115782 0.00
13.79 -0.785238 -0.021985 0.077924 -0.024300 0.005637 0.00
13.80 -0.785302 -0.025663 0.007784 -0.260855 0.361522 0.00
13.81 -0.785264 -0.026406 0.150199 -0.077868 0.175247 0.00
13.82 -0.785178 -0.026308 0.111418 -0.006118 0.064853 0.00
13.83 -0.785240 -0.029986 0.041218 -0.242628 0.420650 0.00
13.84 -0.785196 -0.034490 0.183834 -0.293769 0.611363 0.00
13.85 -0.770952 -0.035162 1.280085 -0.049556 0.660442 0.00
13.86 -0.768266 -0.034885 0.821161 0.129568 0.267583 0.00
13.87 -0.754574 -0.030964 1.271835 0.305961 0.119623 0.00
13.88 -0.752684 -0.030193 0.527480 0.158146 0.063093 0.00
13.89 -0.739250 -0.030326 1.082467 0.016155 0.443734 0.00
13.90 -0.723070 -0.030442 1.597000 0.058663 0.565151 0.00
13.91 -0.720760 -0.030341 0.846042 0.139390 0.211714 0.00
13.92 -0.707394 -0.030332 1.234198 0.056608 0.456201 0.00
13.93 -0.691443 -0.030383 1.630000 0.081541 0.561249 0.00
13.94 -0.689288 -0.030302 0.843167 0.146148 0.217967 0.00
13.95 -0.675979 -0.026554 1.232401 0.293739 0.091261 0.00
13.96 -0.660150 -0.029628 1.461803 -0.108689 0.765443 0.00
13.97 -0.643951 -0.034191 1.848755 -0.180411 1.073054 0.00
13.98 -0.627692 -0.031082 2.096861 0.345792 0.405314 0.00
13.99 -0.611908 -0.022580 1.841810 0.708703 -0.298488 0.00
14.00 -0.582666 -0.017348 2.385298 0.447017 0.157158 0.00
14.01 -0.564774 -0.016836 1.965887 0.194696 0.359541 0.00
14.02 -0.549207 -0.013292 1.776852 0.345408 0.044791 0.00
14.03 -0.533816 -0.012675 1.573655 0.141650 0.249486 0.00
14.04 -0.518282 -0.012815 1.616388 0.071864 0.367624 0.00
14.05 -0.502499 -0.016661 1.697569 -0.154642 0.770685 0.00
14.06 -0.486564 -0.017400 1.907397 0.054760 0.579474 0.00
14.07 -0.456649 -0.017292 2.840832 0.115580 0.816512 0.00
14.08 -0.438370 -0.013346 2.413872 0.455443 0.165434 0.00
14.09 -0.409031 -0.008762 2.764930 0.441351 0.237514 0.00
14.10 -0.391473 -0.004341 2.091521 0.465923 -0.079799 0.00
14.11 -0.376377 -0.003772 1.592951 0.160838 0.165037 0.00
14.12 -0.347139 -0.004073 2.529112 0.036392 0.657742 0.00
14.13 -0.328832 -0.004133 2.263779 0.148024 0.432498 0.00
14.14 -0.313204 -0.004044 1.905019 0.144643 0.326962 0.00
14.15 -0.283894 -0.000328 2.694596 0.322239 0.299706 0.00
14.16 -0.265908 0.000448 2.132759 0.218391 0.252320 0.00
14.17 -0.250554 -0.003357 1.771618 -0.113147 0.651009 0.00
14.18 -0.235129 -0.004237 1.847895 0.044773 0.487328 0.00
14.19 -0.205400 -0.004212 2.777730 0.096415 0.736800 0.00
14.20 -0.187140 -0.000287 2.366566 0.439640 0.086712 0.00
14.21 -0.157787 0.004298 2.724891 0.428432 0.157272 0.00
14.22 -0.140220 0.008724 2.052461 0.453821 -0.160875 0.00
14.23 -0.125122 0.009294 1.553320 0.148689 0.083813 0.00
14.24 -0.095884 0.008993 2.489108 0.024109 0.576576 0.00
14.25 -0.077578 0.008932 2.223696 0.135689 0.351378 0.00
14.26 -0.061950 0.009022 1.864959 0.132305 0.245855 0.00
14.27 -0.046663 0.009002 1.692795 0.097578 0.244812 0.00
14.28 -0.031181 0.008950 1.656709 0.082190 0.262846 0.00
14.29 -0.001498 0.008901 2.628132 0.060851 0.624893 0.00
14.30 0.002817 0.009009 1.325295 0.192972 0.023627 0.00
14.31 0.029770 0.005241 2.240710 -0.186951 0.908927 0.00
14.32 0.047942 0.004447 2.288681 0.094756 0.570166 0.00
14.33 0.063836 0.008399 1.996232 0.410285 -0.005834 0.00
14.34 0.093079 0.016727 2.576049 0.635919 -0.243373 0.00
14.35 0.110773 0.018156 1.848401 0.253633 0.017174 0.00
14.36 0.126024 0.017903 1.589610 0.078507 0.179924 0.00
14.37 0.141462 0.021431 1.600658 0.290158 -0.151066 0.00
14.38 0.157050 0.018363 1.469469 -0.123866 0.420861 0.00
14.39 0.172803 0.017519 1.694615 0.004960 0.344273 0.00
14.40 0.174699 0.013822 0.774217 -0.125025 0.281526 0.00
14.41 0.187939 0.013090 1.260293 -0.024960 0.325312 0.00
14.42 0.189883 0.009397 0.643032 -0.144852 0.347822 0.00
14.43 0.203475 0.008702 1.274042 -0.017330 0.401632 0.00
14.44 0.205613 0.005055 0.691567 -0.123549 0.416492 0.00
14.45 0.219267 0.000622 1.319934 -0.228166 0.843333 0.00
14.46 0.221532 -0.003765 0.904231 -0.141475 0.666565 0.00
14.47 0.235299 -0.004325 1.494182 0.062794 0.601982 0.00
14.48 0.251387 -0.000382 1.792739 0.398907 0.191312 0.00
14.49 0.267312 0.000520 1.687041 0.232800 0.372828 0.00
14.50 0.268960 0.004253 0.758828 0.415348 -0.236211 0.00
14.51 0.281987 0.004840 1.007449 0.117112 0.241620 0.00
14.52 0.297845 0.000873 1.483684 -0.157451 0.839942 0.00
14.53 0.300240 0.000128 0.958612 0.111207 0.322571 0.00
14.54 0.313794 0.000234 1.345170 0.113935 0.450425 0.00
14.55 0.329715 0.004044 1.674348 0.375322 0.152016 0.00
14.56 0.345700 0.001094 1.642369 -0.021600 0.731618 0.00
14.57 0.347564 0.004079 0.919835 0.367295 -0.074194 0.00
14.58 0.360760 0.004793 1.136412 0.149059 0.283942 0.00
14.59 0.376546 0.008445 1.534575 0.340100 0.104876 0.00
14.60 0.392631 0.005407 1.590953 -0.048270 0.703339 0.00
14.61 0.394612 0.004635 0.902892 0.120229 0.267267 0.00
14.62 0.407972 0.008383 1.294233 0.334495 0.051948 0.00
14.63 0.423771 0.009138 1.479666 0.172535 0.325222 0.00
14.64 0.425756 0.005358 0.706307 -0.078867 0.474559 0.00
14.65 0.439234 0.004503 1.338157 0.028058 0.558853 0.00
14.66 0.441363 0.004575 0.776806 0.163077 0.194862 0.00
14.67 0.454906 0.004652 1.238675 0.103276 0.431544 0.00
14.68 0.456919 0.004666 0.684333 0.154964 0.182424 0.00
14.69 0.470496 0.004650 1.209309 0.091403 0.446287 0.00
14.70 0.472589 0.004653 0.687930 0.153648 0.193990 0.00
14.71 0.472184 0.000914 0.256555 -0.117642 0.479485 0.00
14.72 0.485813 0.000070 1.220241 0.011541 0.642034 0.00
14.73 0.488334 0.000195 0.804468 0.177420 0.283467 0.00
14.74 0.488041 0.000350 0.334770 0.152575 0.160891 0.00
14.75 0.501506 0.000278 1.090193 0.077909 0.515636 0.00
14.76 0.503860 0.000282 0.700232 0.162452 0.276426 0.00
14.77 0.517650 0.000313 1.267588 0.117435 0.528583 0.00
14.78 0.519805 0.000345 0.742913 0.182733 0.270662 0.00
14.79 0.533433 -0.003412 1.265980 -0.111919 0.906459 0.00
14.80 0.535652 -0.004149 0.911806 0.143626 0.462145 0.00
14.81 0.549384 -0.000280 1.403805 0.393592 0.229946 0.00
14.82 0.551285 0.004324 0.632130 0.493164 -0.231375 0.00
14.83 0.564557 0.004958 0.990482 0.151670 0.339537 0.00
14.84 0.566551 0.004750 0.571897 0.136401 0.228098 0.00
14.85 0.580317 0.004648 1.210481 0.091353 0.505740 0.00
14.86 0.582553 0.004668 0.724474 0.170511 0.242097 0.00
14.87 0.596221 0.004688 1.253392 0.115425 0.495348 0.00
14.88 0.598323 0.004705 0.722960 0.176912 0.240887 0.00
14.89 0.597903 0.004727 0.286425 0.138078 0.150007 0.00
14.90 0.597368 0.004652 0.114153 0.094170 0.153654 0.00
14.91 0.597139 0.000821 0.087408 -0.155614 0.543897 0.00
14.92 0.597223 -0.003714 0.271678 -0.195585 0.733760 0.00
14.93 0.611514 -0.004376 1.379954 0.055132 0.777885 0.00
14.94 0.614209 -0.000328 0.919780 0.469455 0.006115 0.00
14.95 0.613744 0.004366 0.233178 0.472881 -0.301412 0.00
14.96 0.626907 0.004917 0.838475 0.121385 0.364735 0.00
14.97 0.629181 0.004709 0.558987 0.131516 0.264760 0.00
14.98 0.629096 0.004671 0.273279 0.123234 0.183307 0.00
14.99 0.628758 0.004633 0.138631 0.099361 0.171864 0.00
15.00 0.628584 0.000830 0.106221 -0.147082 0.555328 0.00
15.01 0.642697 -0.003724 1.244031 -0.210593 1.095433 0.00
15.02 0.645577 -0.004279 1.034326 0.166384 0.532798 0.00
15.03 0.659484 0.003514 1.482020 0.664786 -0.112562 0.00
15.04 0.661219 0.008896 0.493826 0.558545 -0.381842 0.00
15.05 0.674308 0.013167 0.874749 0.368584 -0.067839 0.00
15.06 0.676223 0.013606 0.357982 0.160391 0.036333 0.00
15.07 0.675923 0.013412 0.105204 0.073827 0.073021 0.00
15.08 0.675645 0.009514 0.050701 -0.179734 0.460358 0.00
15.09 0.675687 0.008725 0.226305 0.015315 0.269514 0.00
15.10 0.675807 0.008833 0.196951 0.093716 0.153148 0.00
15.11 0.675749 0.008924 0.124957 0.092278 0.130030 0.00
15.12 0.675659 0.008929 0.092154 0.080451 0.135057 0.00
15.13 0.675617 0.008915 0.088286 0.076088 0.139862 0.00
15.14 0.675610 0.008908 0.091723 0.076112 0.141061 0.00
15.15 0.675613 0.008907 0.093930 0.076795 0.140877 0.00
15.16 0.675616 0.008908 0.094428 0.077091 0.140631 0.00
15.17 0.675617 0.008909 0.094328 0.077120 0.140552 0.00
15.18 0.675617 0.008909 0.094216 0.077088 0.140557 0.00
15.19 0.675609 0.012670 0.093862 0.311171 -0.236421 0.00
15.20 0.675483 0.013415 -0.079133 0.116913 -0.045101 0.00
15.21 0.675357 0.013303 -0.043472 0.041174 0.069834 0.00
15.22 0.675421 0.013213 0.030480 0.043686 0.092113 0.00
15.23 0.675506 0.016972 0.062945 0.289742 -0.290112 0.00
15.24 0.675422 0.017732 -0.106438 0.099773 -0.103586 0.00
15.25 0.675295 0.021387 -0.074624 0.258059 -0.366801 0.00
15.26 0.675229 0.022044 -0.175876 0.065623 -0.153008 0.00
15.27 0.661161 0.021953 -1.070002 0.023318 -0.393837 0.00
15.28 0.658630 0.025557 -0.639907 0.158388 -0.496523 0.00
15.29 0.658782 0.026213 -0.377076 -0.001821 -0.207101 0.00
15.30 0.659176 0.026161 -0.157312 -0.030556 -0.095874 0.00
15.31 0.659480 0.029906 -0.051595 0.223852 -0.465064 0.00
15.32 0.659494 0.034441 -0.202535 0.276302 -0.660729 0.00
15.33 0.645239 0.038879 -1.307935 0.263907 -1.086702 0.00
15.34 0.628394 0.035609 -1.986618 -0.323068 -0.475508 0.00
15.35 0.612068 0.030746 -1.875938 -0.486987 -0.146852 0.00
15.36 0.596523 0.026169 -1.648234 -0.451043 -0.052232 0.00
15.37 0.581103 0.021845 -1.535501 -0.401787 -0.017119 0.00
15.38 0.565548 0.021320 -1.499282 -0.141663 -0.353410 0.00
15.39 0.563806 0.021489 -0.690722 -0.108756 -0.137700 0.00
15.40 0.550506 0.025399 -1.157421 0.208904 -0.788335 0.00
15.41 0.534345 0.026211 -1.772098 -0.026041 -0.696215 0.00
15.42 0.517978 0.026026 -1.920160 -0.151101 -0.582572 0.00
15.43 0.502084 0.025857 -1.879778 -0.168265 -0.552110 0.00
15.44 0.486408 0.025818 -1.839906 -0.159309 -0.558871 0.00
15.45 0.470743 0.025823 -1.830878 -0.155093 -0.570074 0.00
15.46 0.441021 0.022091 -2.797275 -0.368875 -0.551911 0.00
15.47 0.422803 0.021259 -2.277561 -0.283557 -0.492627 0.00
15.48 0.393367 0.017536 -2.873139 -0.401040 -0.482622 0.00
15.49 0.375573 0.013076 -2.242156 -0.508532 -0.067498 0.00
15.50 0.346410 0.012439 -2.660758 -0.191054 -0.634345 0.00
15.51 0.328633 0.008853 -2.250236 -0.419861 -0.143210 0.00
15.52 0.299269 0.008191 -2.712609 -0.182863 -0.616178 0.00
15.53 0.281451 0.008277 -2.261982 -0.187627 -0.473897 0.00
15.54 0.252017 0.004581 -2.867451 -0.371271 -0.378908 0.00
15.55 0.220204 0.003842 -3.162837 -0.231291 -0.667453 0.00
15.56 0.188340 0.000093 -3.378529 -0.441826 -0.409777 0.00
15.57 0.156740 -0.004412 -3.310036 -0.504766 -0.244394 0.00
15.58 0.139464 -0.008869 -2.237761 -0.507367 0.174256 0.00
15.59 0.110820 -0.009360 -2.529054 -0.140925 -0.418878 0.00
15.60 0.079186 -0.009078 -3.079472 -0.105787 -0.667123 0.00
15.61 0.061121 -0.012843 -2.415558 -0.428243 0.034961 0.00
15.62 0.032065 -0.013603 -2.671685 -0.167607 -0.400631 0.00
15.63 0.000485 -0.017224 -3.110790 -0.358302 -0.244376 0.00
15.64 -0.017330 -0.017974 -2.224794 -0.233695 -0.119472 0.00
15.65 -0.046323 -0.017853 -2.684100 -0.085267 -0.485711 0.00
15.66 -0.064059 -0.017751 -2.204879 -0.142074 -0.264601 0.00
15.67 -0.093434 -0.017734 -2.768727 -0.094633 -0.528047 0.00
15.68 -0.111278 -0.021519 -2.255204 -0.398500 0.100562 0.00
15.69 -0.140493 -0.022275 -2.612776 -0.147913 -0.354782 0.00
15.70 -0.158179 -0.022179 -2.125718 -0.136574 -0.222305 0.00
15.71 -0.173549 -0.018357 -1.769378 0.130485 -0.536461 0.00
15.72 -0.188950 -0.017541 -1.807046 -0.034734 -0.349330 0.00
15.73 -0.204598 -0.017604 -1.751556 -0.101727 -0.248813 0.00
15.74 -0.220206 -0.017678 -1.688670 -0.101622 -0.235590 0.00
15.75 -0.235840 -0.013924 -1.666560 0.140011 -0.623644 0.00
15.76 -0.251646 -0.013172 -1.841693 -0.053495 -0.442559 0.00
15.77 -0.281514 -0.013259 -2.775384 -0.110326 -0.685356 0.00
15.78 -0.299798 -0.013437 -2.354358 -0.216885 -0.412148 0.00
15.79 -0.315238 -0.017301 -1.918914 -0.419780 0.058312 0.00
15.80 -0.344327 -0.021728 -2.525028 -0.392825 -0.116641 0.00
15.81 -0.362168 -0.022376 -2.006000 -0.213150 -0.186900 0.00
15.82 -0.377586 -0.022242 -1.723359 -0.119737 -0.230468 0.00
15.84 -0.392975 -0.025867 -1.660247 -0.330130 0.124677 0.00
15.85 -0.408472 -0.022805 -1.494400 0.096196 -0.452297 0.00
15.86 -0.424180 -0.021946 -1.715128 -0.028015 -0.380681 0.00
15.87 -0.440100 -0.018217 -1.760253 0.123761 -0.669973 0.00
15.88 -0.455973 -0.017566 -1.895859 -0.082803 -0.456841 0.00
15.89 -0.471757 -0.021464 -1.834118 -0.387518 0.028614 0.00
15.90 -0.487239 -0.026058 -1.583315 -0.423066 0.226876 0.00
15.91 -0.502599 -0.026694 -1.418247 -0.143118 -0.092009 0.00
15.92 -0.518210 -0.026482 -1.529696 -0.068644 -0.240076 0.00
15.93 -0.520045 -0.026415 -0.682207 -0.107863 0.086645 0.00
15.94 -0.533269 -0.026350 -1.077316 -0.021694 -0.165813 0.00
15.95 -0.549221 -0.022525 -1.488324 0.183147 -0.647124 0.00
15.96 -0.551517 -0.021864 -0.879772 -0.078159 -0.110917 0.00
15.97 -0.564966 -0.021967 -1.233900 -0.067876 -0.245636 0.00
15.98 -0.566820 -0.022025 -0.599351 -0.112938 0.021584 0.00
15.99 -0.580291 -0.022002 -1.097023 -0.038926 -0.247459 0.00
16.00 -0.582352 -0.018229 -0.575204 0.135990 -0.376225 0.00
16.01 -0.596094 -0.017475 -1.282554 0.000285 -0.445016 0.00
16.02 -0.598332 -0.013836 -0.725083 0.095467 -0.453169 0.00
16.03 -0.597983 -0.013204 -0.390663 -0.058727 -0.147954 0.00
16.04 -0.597487 -0.013246 -0.150146 -0.078917 -0.041515 0.00
16.05 -0.611176 -0.013225 -1.007243 -0.034616 -0.387994 0.00
16.06 -0.613664 -0.009514 -0.636327 0.105763 -0.518862 0.00
16.07 -0.613587 -0.005082 -0.410593 0.168858 -0.604238 0.00
16.08 -0.613364 -0.004401 -0.371794 -0.059300 -0.297186 0.00
16.09 -0.627214 -0.008273 -1.189871 -0.327596 -0.146746 0.00
16.10 -0.629505 -0.009163 -0.565688 -0.223477 -0.069055 0.00
16.11 -0.629070 -0.009128 -0.167110 -0.111602 -0.089398 0.00
16.12 -0.642651 -0.005187 -1.023462 0.188134 -0.843710 0.00
16.13 -0.645263 -0.000687 -0.846477 0.127388 -0.781608 0.00
16.14 -0.645319 -0.003893 -0.591295 -0.358403 0.006365 0.00
16.15 -0.658811 -0.008533 -1.093413 -0.408785 -0.019100 0.00
16.16 -0.660795 -0.009278 -0.460950 -0.212530 -0.064462 0.00
16.17 -0.674392 -0.009102 -1.097514 -0.077694 -0.462920 0.00
16.18 -0.676651 -0.009020 -0.677350 -0.152528 -0.228259 0.00
16.19 -0.676369 -0.009053 -0.279764 -0.130488 -0.127477 0.00
16.20 -0.689918 -0.008974 -1.070343 -0.069395 -0.475661 0.00
16.21 -0.692315 -0.008994 -0.684708 -0.158811 -0.231086 0.00
16.22 -0.692088 -0.005297 -0.286698 0.098561 -0.508196 0.00
16.23 -0.691737 -0.004502 -0.285448 -0.054450 -0.315923 0.00
16.24 -0.691629 -0.004550 -0.216402 -0.113224 -0.213797 0.00
16.25 -0.691517 -0.000849 -0.151126 0.124526 -0.573220 0.00
16.26 -0.691555 -0.000102 -0.299907 -0.059994 -0.387033 0.00
16.27 -0.691649 -0.000202 -0.263372 -0.132670 -0.276108 0.00
16.28 -0.691582 -0.000286 -0.192990 -0.130461 -0.254668 0.00
16.29 -0.705525 -0.000264 -1.124130 -0.097351 -0.610453 0.00
16.30 -0.708121 0.003429 -0.768400 0.035007 -0.735280 0.00
16.31 -0.708055 0.000327 -0.538032 -0.371296 -0.063577 0.00
16.32 -0.721608 -0.000460 -1.110903 -0.188277 -0.489647 0.00
16.33 -0.723806 -0.000453 -0.684226 -0.197944 -0.338891 0.00
16.34 -0.737565 -0.004164 -1.288905 -0.377351 -0.240642 0.00
16.35 -0.739640 -0.004924 -0.618461 -0.255437 -0.173797 0.00
16.36 -0.739137 -0.004848 -0.221554 -0.145029 -0.193355 0.00
16.37 -0.738674 -0.004690 -0.119877 -0.103638 -0.218074 0.00
16.38 -0.738533 -0.000856 -0.123711 0.134846 -0.603232 0.00
16.39 -0.752681 -0.000071 -1.272842 -0.041502 -0.762330 0.00
16.40 -0.755450 -0.000269 -0.889842 -0.225431 -0.389169 0.00
16.41 -0.755207 -0.004216 -0.409532 -0.435420 0.115235 0.00
16.42 -0.768539 -0.004894 -0.982626 -0.163944 -0.431133 0.00
16.43 -0.770756 -0.004783 -0.625529 -0.171443 -0.307737 0.00
16.44 -0.784599 -0.008484 -1.266564 -0.362820 -0.205521 0.00
16.45 -0.786713 -0.013019 -0.601757 -0.480012 0.243295 0.00
16.46 -0.786100 -0.009935 -0.029180 0.058507 -0.343145 0.00
16.47 -0.799665 -0.008895 -1.095928 0.003818 -0.642376 0.00
16.48 -0.802335 -0.008926 -0.784384 -0.175521 -0.301402 0.00
16.49 -0.802173 -0.009091 -0.350884 -0.166658 -0.169107 0.00
16.50 -0.801656 -0.009066 -0.144582 -0.118009 -0.167176 0.00
16.51 -0.801384 -0.008995 -0.101791 -0.096041 -0.183720 0.00
16.52 -0.801322 -0.005197 -0.111186 0.140141 -0.567029 0.00
16.53 -0.801453 -0.004446 -0.294525 -0.056691 -0.375741 0.00
16.54 -0.815622 -0.004535 -1.224373 -0.112173 -0.610630 0.00
16.55 -0.818192 -0.004709 -0.797767 -0.215765 -0.331202 0.00
16.56 -0.817921 -0.004806 -0.358097 -0.181594 -0.231892 0.00
16.57 -0.817390 -0.008507 -0.171303 -0.367933 0.141160 0.00
16.58 -0.817020 -0.005417 0.033972 0.078532 -0.441891 0.00
16.59 -0.816964 -0.004528 -0.185202 -0.039309 -0.370345 0.00
16.60 -0.817161 -0.004547 -0.232899 -0.120150 -0.277356 0.00
16.61 -0.831231 -0.004610 -1.156602 -0.109135 -0.599728 0.00
16.62 -0.833821 -0.000951 -0.774935 0.026624 -0.720086 0.00
16.63 -0.833726 -0.004052 -0.533614 -0.375148 -0.050889 0.00
16.64 -0.833227 -0.008620 -0.143148 -0.446647 0.249208 0.00
16.65 -0.846699 -0.009248 -0.859545 -0.134592 -0.399165 0.00
16.66 -0.849117 -0.009101 -0.592515 -0.154107 -0.289734 0.00
16.67 -0.849056 -0.009082 -0.298101 -0.144513 -0.206893 0.00
16.68 -0.848712 -0.009045 -0.158172 -0.118701 -0.196315 0.00
16.69 -0.848525 -0.009000 -0.124392 -0.105676 -0.203397 0.00
16.70 -0.848479 -0.005217 -0.127397 0.130345 -0.584184 0.00
16.71 -0.848604 -0.004467 -0.306351 -0.065176 -0.393195 0.00
16.72 -0.848736 -0.004580 -0.273067 -0.141831 -0.277792 0.00
16.73 -0.848675 -0.004671 -0.199372 -0.139556 -0.255260 0.00
16.74 -0.848584 -0.004674 -0.166379 -0.127573 -0.260454 0.00
16.75 -0.848541 -0.004659 -0.162634 -0.123244 -0.265260 0.00
16.76 -0.848534 -0.004653 -0.166135 -0.123300 -0.266436 0.00
16.77 -0.848545 -0.000891 -0.168663 0.110108 -0.643231 0.00
16.78 -0.848674 -0.000146 -0.342151 -0.084441 -0.451669 0.00
16.79 -0.848794 -0.004020 -0.306082 -0.394308 0.040330 0.00
16.80 -0.848603 -0.004855 -0.059026 -0.197513 -0.128709 0.00
16.81 -0.862416 -0.004720 -1.023941 -0.088027 -0.599665 0.00
16.82 -0.865067 -0.004698 -0.741519 -0.192048 -0.369998 0.00
16.83 -0.864973 -0.004782 -0.371374 -0.181947 -0.261417 0.00
16.84 -0.864538 -0.004750 -0.194536 -0.143529 -0.255539 0.00
16.85 -0.864303 -0.004691 -0.155401 -0.125589 -0.267691 0.00
16.86 -0.864242 -0.004661 -0.161403 -0.123555 -0.272845 0.00
16.87 -0.864243 -0.004655 -0.169719 -0.125525 -0.273013 0.00
16.88 -0.864259 -0.000896 -0.172977 0.107334 -0.649271 0.00
16.89 -0.864389 -0.000153 -0.346144 -0.087193 -0.457618 0.00
16.90 -0.864509 -0.004027 -0.309847 -0.396976 0.034344 0.00
16.91 -0.864318 -0.004861 -0.062743 -0.200147 -0.134725 0.00
16.92 -0.864100 -0.004752 -0.065588 -0.112431 -0.254913 0.00
16.93 -0.864121 -0.004648 -0.135930 -0.110657 -0.281983 0.00
16.94 -0.864207 -0.004638 -0.172247 -0.122690 -0.277909 0.00
16.95 -0.864252 -0.004652 -0.178069 -0.127668 -0.272921 0.00
16.96 -0.864262 -0.004660 -0.175025 -0.127888 -0.271512 0.00
16.97 -0.864259 -0.004661 -0.172723 -0.127221 -0.271637 0.00
16.98 -0.864256 -0.004660 -0.172123 -0.126896 -0.271887 0.00
16.99 -0.864256 -0.004660 -0.172187 -0.126853 -0.271975 0.00
17.00 -0.864256 -0.004659 -0.172300 -0.126881 -0.271975 0.00
17.01 -0.864256 -0.004660 -0.172342 -0.126900 -0.271964 0.00
17.02 -0.864256 -0.004660 -0.172345 -0.126904 -0.271959 0.00
17.03 -0.864256 -0.004660 -0.172338 -0.126903 -0.271957 0.00
17.04 -0.864256 -0.004660 -0.172337 -0.126902 -0.271958 0.00
17.05 -0.864256 -0.004660 -0.172337 -0.126902 -0.271959 0.00
17.06 -0.864256 -0.004660 -0.172337 -0.126902 -0.271959 0.00
17.07 -0.864256 -0.004660 -0.172337 -0.126902 -0.271959 0.00
17.08 -0.864256 -0.004660 -0.172337 -0.126902 -0.271959 0.00
17.09 -0.864256 -0.004660 -0.172337 -0.126902 -0.271959 0.00
17.10 -0.864256 -0.004660 -0.172338 -0.126902 -0.271959 0.00
17.11 -0.864256 -0.004660 -0.172338 -0.126902 -0.271959 0.00
17.12 -0.864256 -0.004660 -0.172338 -0.126902 -0.271959 0.00
17.13 -0.864256 -0.004660 -0.172339 -0.126902 -0.271959 0.00
17.14 -0.864256 -0.004660 -0.172335 -0.126902 -0.271958 0.00
17.15 -0.864256 -0.004660 -0.172335 -0.126902 -0.271958 0.00
17.16 -0.864256 -0.004660 -0.172335 -0.126902 -0.271958 0.00
17.17 -0.864256 -0.004660 -0.172335 -0.126902 -0.271958 0.00
17.18 -0.864256 -0.004660 -0.172335 -0.126902 -0.271958 0.00
17.19 -0.864256 -0.004660 -0.172335 -0.126902 -0.271958 0.00
17.20 -0.864256 -0.004660 -0.172335 -0.126902 -0.271958 0.00
17.21 -0.864256 -0.004660 -0.172335 -0.126902 -0.271958 0.00
17.22 -0.864256 -0.004660 -0.172334 -0.126902 -0.271958 0.00
17.23 -0.864256 -0.004660 -0.172334 -0.126902 -0.271958 0.00
17.24 -0.864256 -0.004660 -0.172334 -0.126902 -0.271958 0.00
17.25 -0.864256 -0.004660 -0.172334 -0.126902 -0.271958 0.00
17.26 -0.864256 -0.004660 -0.172334 -0.126902 -0.271958 0.00
17.27 -0.864249 -0.008421 -0.172017 -0.361002 0.105031 0.00
17.28 -0.864122 -0.009166 0.000974 -0.166747 -0.086284 0.00
17.29 -0.863996 -0.009054 -0.034680 -0.091008 -0.201218 0.00
17.30 -0.864060 -0.008964 -0.108624 -0.093518 -0.223496 0.00
17.31 -0.864152 -0.008961 -0.141405 -0.105474 -0.218261 0.00
17.32 -0.864194 -0.008976 -0.145021 -0.109758 -0.213474 0.00
17.33 -0.864201 -0.008983 -0.141498 -0.109685 -0.212314 0.00
17.34 -0.864198 -0.008983 -0.139294 -0.108993 -0.212513 0.00
17.35 -0.864195 -0.008983 -0.138804 -0.108700 -0.212758 0.00
17.36 -0.864194 -0.008982 -0.138905 -0.108673 -0.212833 0.00
17.37 -0.864194 -0.008982 -0.139022 -0.108705 -0.212831 0.00
17.38 -0.864195 -0.008982 -0.139060 -0.108723 -0.212819 0.00
17.39 -0.864195 -0.008982 -0.139062 -0.108726 -0.212815 0.00
17.40 -0.864195 -0.008982 -0.139058 -0.108725 -0.212814 0.00
17.41 -0.864195 -0.008982 -0.139053 -0.108724 -0.212814 0.00
17.42 -0.864187 -0.012743 -0.138736 -0.342824 0.164175 0.00
17.43 -0.864061 -0.013489 0.034259 -0.148570 -0.027140 0.00
17.44 -0.863935 -0.013376 -0.001394 -0.072830 -0.142073 0.00
17.45 -0.863999 -0.013287 -0.075338 -0.075340 -0.164351 0.00
17.46 -0.864091 -0.013284 -0.108121 -0.087296 -0.159118 0.00
17.47 -0.864133 -0.013299 -0.111737 -0.091580 -0.154330 0.00
17.48 -0.864133 -0.017067 -0.107894 -0.325607 0.223821 0.00
17.49 -0.864003 -0.017813 0.067303 -0.130660 0.032306 0.00
17.50 -0.863874 -0.017699 0.032133 -0.054627 -0.082875 0.00
17.51 -0.863937 -0.017610 -0.041909 -0.057112 -0.105227 0.00
17.52 -0.864022 -0.021368 -0.074490 -0.303199 0.277000 0.00
17.53 -0.863939 -0.022128 0.094851 -0.113247 0.090484 0.00
17.54 -0.863819 -0.022022 0.062723 -0.037437 -0.023284 0.00
17.55 -0.863873 -0.025695 -0.008702 -0.273353 0.331226 0.00
17.56 -0.863836 -0.026436 0.132000 -0.090762 0.144900 0.00
17.57 -0.863751 -0.026338 0.092629 -0.019280 0.034678 0.00
17.58 -0.863815 -0.030017 0.022414 -0.255849 0.390555 0.00
17.59 -0.863770 -0.034521 0.165109 -0.306975 0.581276 0.00
17.60 -0.849526 -0.035193 1.261402 -0.062748 0.630349 0.00
17.61 -0.846840 -0.034915 0.802480 0.116381 0.237484 0.00
17.62 -0.833148 -0.030995 1.253146 0.292774 0.089522 0.00
17.63 -0.831258 -0.030224 0.508784 0.144958 0.032991 0.00
17.64 -0.817824 -0.030356 1.063769 0.002966 0.413632 0.00
17.65 -0.815668 -0.034208 0.616545 -0.166854 0.561266 0.00
17.66 -0.801831 -0.034961 1.353414 -0.019444 0.624027 0.00
17.67 -0.799561 -0.034824 0.797542 0.123215 0.250573 0.00
17.68 -0.786008 -0.030969 1.248042 0.295205 0.109479 0.00
17.69 -0.770100 -0.030237 1.477403 0.128725 0.403575 0.00
17.70 -0.754018 -0.034046 1.684806 -0.139505 0.903251 0.00
17.71 -0.737885 -0.034812 1.966385 0.075624 0.728300 0.00
17.72 -0.721906 -0.030908 1.958450 0.400959 0.232755 0.00
17.73 -0.706358 -0.022526 1.709939 0.677155 -0.350830 0.00
17.74 -0.691123 -0.017373 1.364112 0.436453 -0.219419 0.00
17.75 -0.661742 -0.016977 2.296345 0.068906 0.586128 0.00
17.76 -0.643306 -0.020952 2.167351 -0.115668 0.868082 0.00
17.77 -0.627358 -0.017918 2.082896 0.324628 0.208156 0.00
17.78 -0.611945 -0.013304 1.732121 0.420249 -0.103562 0.00
17.79 -0.596737 -0.012614 1.482766 0.135711 0.192989 0.00
17.80 -0.567208 -0.012856 2.525167 0.028241 0.696746 0.00
17.81 -0.548755 -0.012881 2.285060 0.147830 0.468555 0.00
17.82 -0.533093 -0.009015 1.924665 0.379716 -0.016198 0.00
17.83 -0.517930 -0.008287 1.575464 0.149909 0.173810 0.00
17.84 -0.502578 -0.008451 1.573330 0.058169 0.307054 0.00
17.85 -0.486864 -0.008565 1.656391 0.060944 0.340769 0.00
17.86 -0.471057 -0.008568 1.701289 0.077462 0.341811 0.00
17.87 -0.455283 -0.012307 1.712032 -0.148446 0.719307 0.00
17.88 -0.439432 -0.013037 1.885450 0.048666 0.532498 0.00
17.89 -0.409562 -0.012943 2.813082 0.104526 0.774513 0.00
17.90 -0.391285 -0.012766 2.389466 0.210094 0.501795 0.00
17.91 -0.361818 -0.008929 2.915802 0.390926 0.382425 0.00
17.92 -0.344131 -0.004394 2.207329 0.491560 -0.050072 0.00
17.93 -0.315073 -0.000000 2.596505 0.396334 0.146183 0.00
17.94 -0.283431 0.004291 2.973705 0.405548 0.201710 0.00
17.95 -0.265599 0.004941 2.160914 0.220752 0.183006 0.00
17.96 -0.250521 0.004777 1.732619 0.100815 0.214958 0.00
17.97 -0.235319 0.004597 1.633276 0.063082 0.244322 0.00
17.98 -0.219752 0.000766 1.642693 -0.171243 0.634109 0.00
17.99 -0.203919 0.000014 1.833937 0.029976 0.447960 0.00
18.00 -0.188057 -0.003625 1.807638 -0.123347 0.714490 0.00
18.01 -0.158250 -0.000536 2.872506 0.283846 0.480105 0.00
18.02 -0.139996 0.000414 2.281498 0.261696 0.310957 0.00
18.03 -0.110670 0.004211 2.798362 0.371881 0.283765 0.00
18.04 -0.092968 0.004906 2.138348 0.233261 0.252179 0.00
18.05 -0.077749 0.004808 1.766578 0.128234 0.281547 0.00
18.06 -0.062480 0.008418 1.677234 0.327374 -0.066882 0.00
18.07 -0.047027 0.009102 1.512154 0.132496 0.137258 0.00
18.08 -0.031440 0.005222 1.564837 -0.170937 0.634584 0.00
18.09 -0.015515 0.000635 1.820652 -0.203453 0.847156 0.00
18.10 0.014581 -0.000017 2.956892 0.059817 0.891908 0.00
18.11 0.033024 0.004050 2.501068 0.479767 0.122155 0.00
18.12 0.062301 0.012490 2.776298 0.697803 -0.206366 0.00
18.13 0.079639 0.017662 1.895337 0.515732 -0.327149 0.00
18.14 0.094566 0.018103 1.428225 0.130352 0.037587 0.00
18.15 0.109829 0.017731 1.479775 0.030207 0.203034 0.00
18.16 0.125601 0.017584 1.602258 0.048705 0.229102 0.00
18.17 0.141460 0.013835 1.654412 -0.162053 0.600021 0.00
18.18 0.157362 0.013122 1.834262 0.040822 0.407317 0.00
18.19 0.173211 0.013251 1.796295 0.118605 0.297062 0.00
18.20 0.174825 0.013372 0.760792 0.139356 -0.069488 0.00
18.21 0.187821 0.009536 1.084263 -0.210271 0.575885 0.00
18.22 0.203805 0.004927 1.664371 -0.229643 0.876969 0.00
18.23 0.206217 0.004365 1.029733 0.108285 0.228003 0.00
18.24 0.219604 0.008318 1.314651 0.331333 -0.037221 0.00
18.25 0.235278 0.009101 1.437299 0.149045 0.242294 0.00
18.26 0.251217 0.005272 1.614246 -0.133273 0.751160 0.00
18.27 0.253276 0.004512 0.935852 0.100533 0.230577 0.00
18.28 0.266631 0.004567 1.286804 0.086938 0.369453 0.00
18.29 0.268474 0.004615 0.658741 0.134018 0.101809 0.00
18.30 0.281950 0.004593 1.159253 0.061329 0.369988 0.00
18.31 0.284014 0.000821 0.637717 -0.113279 0.498404 0.00
18.32 0.297757 0.000068 1.344804 0.022384 0.567158 0.00
18.33 0.314026 -0.003596 1.749270 -0.094631 0.926119 0.00
18.34 0.316299 -0.000385 1.061756 0.399444 -0.012805 0.00
18.35 0.329522 0.004231 1.203557 0.415577 -0.058648 0.00
18.36 0.345098 0.008642 1.387593 0.397787 -0.040540 0.00
18.37 0.361000 0.009236 1.472495 0.161962 0.301694 0.00
18.38 0.376939 0.009086 1.650800 0.116702 0.431547 0.00
18.39 0.378873 0.009064 0.798614 0.161418 0.095234 0.00
18.40 0.392099 0.009010 1.181553 0.072942 0.346627 0.00
18.41 0.394001 0.008970 0.625196 0.122045 0.101162 0.00
18.42 0.407572 0.005183 1.158268 -0.173099 0.741346 0.00
18.43 0.409798 0.004442 0.813132 0.084883 0.296778 0.00
18.44 0.409516 0.004578 0.346103 0.123759 0.089984 0.00
18.45 0.422955 0.004570 1.062560 0.056124 0.421536 0.00
18.46 0.425264 0.000825 0.649820 -0.099859 0.560166 0.00
18.47 0.425120 0.000129 0.423424 0.067755 0.273361 0.00
18.48 0.438796 0.000161 1.179508 0.080858 0.509101 0.00
18.49 0.441132 0.000268 0.721429 0.167871 0.242626 0.00
18.50 0.440808 0.000335 0.290893 0.132891 0.147836 0.00
18.51 0.440289 0.000271 0.113049 0.087440 0.151563 0.00
18.52 0.454086 -0.003587 1.045496 -0.185333 0.893278 0.00
18.53 0.456797 -0.008041 0.876569 -0.119843 0.826735 0.00
18.54 0.470901 -0.004849 1.578259 0.342859 0.389414 0.00
18.55 0.472988 -0.000101 0.762568 0.519583 -0.191957 0.00
18.56 0.486192 0.000627 1.037949 0.173256 0.356758 0.00
18.57 0.502108 0.004156 1.545412 0.357057 0.225166 0.00
18.58 0.504300 0.004890 0.692503 0.240792 0.091745 0.00
18.59 0.517625 0.004776 1.154417 0.094658 0.447228 0.00
18.60 0.519656 0.004675 0.668617 0.149150 0.218621 0.00
18.61 0.519284 0.004679 0.264334 0.120212 0.125343 0.00
18.62 0.518788 0.004614 0.099500 0.081214 0.124682 0.00
18.63 0.518568 0.000789 0.071067 -0.168004 0.513502 0.00
18.64 0.532683 -0.003769 1.215527 -0.230235 1.054154 0.00
18.65 0.535570 -0.004324 1.008369 0.147760 0.490969 0.00
18.66 0.535456 -0.000265 0.494512 0.434097 -0.128481 0.00
18.67 0.548719 0.004264 0.993879 0.394505 0.018388 0.00
18.68 0.550719 0.004901 0.430941 0.195832 0.091463 0.00
18.69 0.564400 0.004715 1.104226 0.073058 0.485956 0.00
18.70 0.566704 0.004647 0.690159 0.152971 0.246264 0.00
18.71 0.566432 0.004687 0.289593 0.131191 0.144039 0.00
18.72 0.565955 0.000874 0.116098 -0.142894 0.518555 0.00
18.73 0.565846 0.000065 0.255599 0.034649 0.339655 0.00
18.74 0.579947 0.000123 1.190207 0.087429 0.580210 0.00
18.75 0.582517 0.000291 0.772036 0.192899 0.301128 0.00
18.76 0.582255 0.000389 0.335549 0.160025 0.201094 0.00
18.77 0.581728 0.004092 0.149015 0.346676 -0.172321 0.00
18.78 0.581359 0.001003 -0.056583 -0.099837 0.410680 0.00
18.79 0.595334 0.000088 1.124492 -0.003834 0.689939 0.00
18.80 0.598167 -0.003572 0.819725 -0.051317 0.717224 0.00
18.81 0.598146 -0.000374 0.547582 0.365663 0.016013 0.00
18.82 0.597619 0.000458 0.127057 0.196299 0.091611 0.00
18.83 0.611173 0.004096 1.006885 0.307767 0.175222 0.00
18.84 0.613586 0.001039 0.532081 -0.026294 0.520735 0.00
18.85 0.613461 0.000250 0.374057 0.080438 0.339385 0.00
18.86 0.613217 0.000238 0.240315 0.121202 0.241225 0.00
18.87 0.613017 0.000266 0.161808 0.113414 0.225491 0.00
18.88 0.612907 0.000255 0.138782 0.103886 0.230883 0.00
18.89 0.612874 0.000242 0.139764 0.101473 0.234644 0.00
18.90 0.612879 -0.003524 0.144251 -0.132044 0.612282 0.00
18.91 0.613010 -0.004269 0.319110 0.062871 0.420685 0.00
18.92 0.613139 -0.004156 0.283720 0.138820 0.305543 0.00
18.93 0.613068 -0.000305 0.209317 0.370405 -0.093769 0.00
18.94 0.612850 0.000444 0.003437 0.164162 0.102790 0.00
18.95 0.612688 -0.003445 0.035763 -0.149976 0.599510 0.00
18.96 0.612872 -0.004286 0.286235 0.046859 0.431640 0.00
18.97 0.627124 -0.004203 1.247646 0.113477 0.662046 0.00
18.98 0.629728 -0.000254 0.824734 0.455444 0.001005 0.00
18.99 0.629338 0.000594 0.208878 0.227055 0.091813 0.00
19.00 0.628677 0.004183 0.055624 0.337011 -0.166144 0.00
19.01 0.642393 0.004739 0.885562 0.105098 0.413205 0.00
19.02 0.644939 0.000913 0.612163 -0.087691 0.648063 0.00
19.03 0.644992 0.003943 0.465467 0.327946 -0.007589 0.00
19.04 0.644620 0.004762 0.106242 0.179247 0.060602 0.00
19.05 0.644229 0.004689 0.033212 0.086646 0.161889 0.00
19.06 0.644146 0.004578 0.078260 0.075372 0.193502 0.00
19.07 0.644195 0.004556 0.114062 0.084548 0.193286 0.00
19.08 0.644238 0.004565 0.123704 0.089908 0.189111 0.00
19.09 0.630220 0.004598 -0.839494 0.112540 -0.163302 0.00
19.10 0.627590 0.004518 -0.488706 0.006303 0.093351 0.00
19.11 0.627767 0.004425 -0.082971 0.028116 0.198054 0.00
19.12 0.628248 0.004470 0.099653 0.071438 0.199041 0.00
19.13 0.628491 0.004536 0.135838 0.089612 0.185494 0.00
19.14 0.628550 0.004567 0.127573 0.090996 0.180454 0.00
19.15 0.628539 0.008334 0.118357 0.322806 -0.196454 0.00
19.16 0.628403 0.009076 -0.057526 0.127269 -0.004326 0.00
19.17 0.628273 0.008962 -0.021927 0.051283 0.110950 0.00
19.18 0.628337 0.008872 0.052386 0.053869 0.133255 0.00
19.19 0.628422 0.012631 0.085009 0.299994 -0.249009 0.00
19.20 0.628338 0.013391 -0.084343 0.110042 -0.062499 0.00
19.21 0.628212 0.017046 -0.052545 0.268328 -0.325719 0.00
19.22 0.628146 0.017703 -0.153804 0.075888 -0.111925 0.00
19.23 0.628109 0.017587 -0.085854 0.011811 -0.001977 0.00
19.24 0.628208 0.021273 -0.008509 0.252679 -0.361401 0.00
19.25 0.628180 0.022022 -0.152137 0.070340 -0.176487 0.00
19.26 0.628086 0.025686 -0.115352 0.232309 -0.443142 0.00
19.27 0.628020 0.030109 -0.218729 0.274302 -0.607457 0.00
19.28 0.627856 0.030739 -0.325391 0.015544 -0.306168 0.00
19.29 0.627833 0.030551 -0.212548 -0.053664 -0.173499 0.00
19.30 0.613964 0.030491 -1.071287 -0.017507 -0.508328 0.00
19.31 0.611459 0.034182 -0.684543 0.126377 -0.638411 0.00
19.32 0.597527 0.034881 -1.413522 -0.020040 -0.699077 0.00
19.33 0.595255 0.034738 -0.848086 -0.158971 -0.327405 0.00
19.34 0.581705 0.034648 -1.296250 -0.095354 -0.564514 0.00
19.35 0.565681 0.030902 -1.698472 -0.357063 -0.290623 0.00
19.36 0.549606 0.030093 -1.697336 -0.204546 -0.489666 0.00
19.37 0.533789 0.030136 -1.767767 -0.147248 -0.598628 0.00
19.38 0.517950 0.033953 -1.837281 0.080790 -0.999488 0.00
19.39 0.502029 0.030930 -2.038158 -0.359991 -0.432089 0.00
19.40 0.486281 0.030054 -1.834252 -0.247232 -0.510450 0.00
19.41 0.470760 0.026305 -1.795833 -0.405434 -0.231281 0.00
19.42 0.441179 0.021904 -2.627645 -0.416081 -0.430135 0.00
19.43 0.423040 0.021201 -2.170118 -0.261965 -0.485428 0.00
19.44 0.407532 0.021296 -1.884259 -0.173590 -0.520585 0.00
19.45 0.378101 0.021447 -2.772917 -0.126176 -0.892163 0.00
19.46 0.359867 0.021412 -2.422518 -0.232307 -0.644926 0.00
19.47 0.330319 0.017587 -2.989371 -0.427721 -0.519475 0.00
19.48 0.298552 0.013061 -3.249628 -0.512305 -0.431997 0.00
19.49 0.266855 0.008576 -3.282755 -0.523096 -0.370007 0.00
19.50 0.235394 0.004191 -3.251002 -0.509423 -0.321206 0.00
19.51 0.204022 -0.000149 -3.216685 -0.493201 -0.275683 0.00
19.52 0.186693 -0.004506 -2.226315 -0.500703 0.121122 0.00
19.53 0.157950 -0.004995 -2.553681 -0.147739 -0.465787 0.00
19.54 0.126269 -0.004730 -3.108000 -0.117230 -0.708844 0.00
19.55 0.108190 -0.004742 -2.440557 -0.205456 -0.382548 0.00
19.56 0.079019 -0.008518 -2.866995 -0.372412 -0.250076 0.00
19.57 0.047442 -0.012996 -3.096941 -0.444278 -0.170470 0.00
19.58 0.015787 -0.013697 -3.134845 -0.219623 -0.489076 0.00
19.59 -0.001776 -0.013597 -2.320607 -0.189355 -0.275309 0.00
19.60 -0.016754 -0.013488 -1.816885 -0.125923 -0.205970 0.00
19.61 -0.045862 -0.013341 -2.611671 -0.061577 -0.569399 0.00
19.62 -0.077993 -0.013324 -3.205776 -0.135426 -0.681646 0.00
19.63 -0.096116 -0.013480 -2.464195 -0.223056 -0.329585 0.00
19.64 -0.125205 -0.017268 -2.849560 -0.375250 -0.203250 0.00
19.65 -0.142709 -0.017993 -2.110970 -0.228992 -0.155676 0.00
19.66 -0.171843 -0.021619 -2.677628 -0.326670 -0.164242 0.00
19.67 -0.189588 -0.022283 -2.063724 -0.200783 -0.131184 0.00
19.68 -0.204867 -0.018436 -1.705325 0.131241 -0.532091 0.00
19.69 -0.234318 -0.017524 -2.750282 -0.007426 -0.718062 0.00
19.70 -0.252652 -0.017659 -2.367388 -0.187794 -0.359123 0.00
19.71 -0.282138 -0.021571 -2.864561 -0.381485 -0.211779 0.00
19.72 -0.299794 -0.022365 -2.131883 -0.242402 -0.155437 0.00
19.73 -0.314923 -0.022273 -1.725516 -0.125196 -0.189688 0.00
19.74 -0.344180 -0.025843 -2.593674 -0.297902 -0.197013 0.00
19.75 -0.362260 -0.022840 -2.079535 0.025331 -0.522694 0.00
19.76 -0.377792 -0.022068 -1.900722 -0.078151 -0.347040 0.00
19.77 -0.393230 -0.022056 -1.765453 -0.118137 -0.257857 0.00
19.78 -0.408736 -0.022085 -1.692143 -0.112549 -0.249283 0.00
19.79 -0.424343 -0.022079 -1.674394 -0.106015 -0.260736 0.00
19.80 -0.440033 -0.018311 -1.679929 0.127633 -0.647360 0.00
19.81 -0.455873 -0.017568 -1.860838 -0.069888 -0.462648 0.00
19.82 -0.471719 -0.017687 -1.830722 -0.148913 -0.353447 0.00
19.83 -0.487365 -0.021544 -1.760429 -0.383338 0.040003 0.00
19.84 -0.502862 -0.022299 -1.558240 -0.179757 -0.162524 0.00
19.85 -0.518408 -0.022178 -1.593912 -0.102337 -0.288275 0.00
19.86 -0.534180 -0.022088 -1.675102 -0.107544 -0.317747 0.00
19.87 -0.535967 -0.018355 -0.752072 0.089498 -0.344552 0.00
19.88 -0.549223 -0.017549 -1.285664 -0.006174 -0.410961 0.00
19.89 -0.565251 -0.017582 -1.656580 -0.106637 -0.405317 0.00
19.90 -0.581380 -0.017723 -1.766715 -0.149436 -0.390153 0.00
19.91 -0.597243 -0.017799 -1.773245 -0.157967 -0.388106 0.00
19.92 -0.598943 -0.017846 -0.803091 -0.179431 -0.043191 0.00
19.93 -0.612018 -0.017768 -1.154322 -0.074082 -0.307192 0.00
19.94 -0.627905 -0.017678 -1.563869 -0.098279 -0.418320 0.00
19.95 -0.630077 -0.013993 -0.788933 0.067965 -0.451535 0.00
19.96 -0.643532 -0.013238 -1.354780 -0.041389 -0.509371 0.00
19.97 -0.645581 -0.013320 -0.758988 -0.165074 -0.149125 0.00
19.98 -0.659080 -0.013384 -1.215261 -0.100505 -0.390572 0.00
19.99 -0.661084 -0.013390 -0.663793 -0.151962 -0.142815 0.00
20.00 -0.674664 -0.013374 -1.190965 -0.089033 -0.406566 0.00
20.01 -0.676759 -0.013377 -0.670162 -0.151588 -0.154030 1.00
20.02 -0.675984 -0.013129 0.229708 0.171233 -0.296996 1.00
20.03 -0.675022 -0.005166 0.436117 0.734959 -1.118367 1.00
20.04 -0.674997 0.007784 0.072095 1.051889 -1.879280 1.00
20.05 -0.675626 0.013583 -0.406023 0.540889 -1.448161 1.00
20.06 -0.676039 0.017564 -0.333809 0.353423 -1.240512 1.00
20.07 -0.675927 0.017915 -0.183464 0.114122 -0.876681 1.00
20.08 -0.675637 0.021493 0.032769 0.319794 -1.141748 1.00
20.09 -0.675472 0.025966 -0.029504 0.387066 -1.327239 1.00
20.10 -0.675584 0.030393 -0.145724 0.365864 -1.411159 1.00
20.11 -0.675746 0.034720 -0.216982 0.334016 -1.464483 1.00
20.12 -0.675855 0.039025 -0.254927 0.310879 -1.518245 1.00
20.13 -0.689963 0.047127 -1.246799 0.548604 -2.303827 1.00
20.14 -0.692776 0.052112 -1.097856 0.231146 -1.915134 1.00
20.15 -0.706806 0.052494 -1.650234 -0.052636 -1.728902 1.00
20.16 -0.722833 0.044688 -1.862401 -0.616949 -0.919344 1.00
20.17 -0.752560 0.043065 -2.508229 -0.220767 -1.649472 1.00
20.18 -0.770694 0.039405 -2.220970 -0.406847 -1.254733 1.00
20.19 -0.786221 0.034980 -1.787998 -0.429043 -1.017827 1.00
20.20 -0.815412 0.034421 -2.499105 -0.119775 -1.670361 1.00
20.21 -0.833542 0.038334 -2.231721 0.088583 -1.937869 1.00
20.22 -0.863346 0.039116 -3.072306 -0.077489 -2.018500 1.00
20.23 -0.881460 0.035191 -2.545578 -0.469554 -1.265214 1.00
20.24 -0.910633 0.026805 -2.823244 -0.686468 -0.939847 1.00
20.25 -0.942002 0.025429 -2.913347 -0.251587 -1.545689 1.00
20.26 -0.973715 0.021913 -3.231259 -0.380100 -1.435073 1.00
20.27 -1.005464 0.021275 -3.277126 -0.223596 -1.666080 1.00
20.28 -1.023015 0.021314 -2.419096 -0.204029 -1.422659 1.00
20.29 -1.051959 0.017672 -2.848479 -0.346495 -1.326090 1.00
20.30 -1.083535 0.016998 -3.110366 -0.189617 -1.627326 1.00
20.31 -1.115349 0.017040 -3.334859 -0.164943 -1.751353 1.00
20.32 -1.147087 0.017046 -3.448318 -0.190276 -1.771539 1.00
20.33 -1.178656 0.013245 -3.478223 -0.442323 -1.396638 1.00
20.34 -1.209988 0.008707 -3.306891 -0.489240 -1.218509 1.00
20.35 -1.241162 0.008058 -3.170778 -0.223176 -1.536495 1.00
20.36 -1.286546 0.004513 -4.247457 -0.366645 -1.660061 1.00
20.37 -1.320632 0.003767 -3.835808 -0.297728 -1.623980 1.00
20.38 -1.351884 0.000001 -3.508828 -0.455516 -1.259472 1.00
20.39 -1.396843 -0.004379 -4.196579 -0.442240 -1.452027 1.00
20.40 -1.430494 -0.008805 -3.704616 -0.510466 -1.143934 1.00
20.41 -1.461534 -0.009437 -3.251468 -0.228057 -1.380682 1.00
20.42 -1.492512 -0.012961 -3.223346 -0.364664 -1.145896 1.00
20.43 -1.523776 -0.013576 -3.132975 -0.176871 -1.374525 1.00
20.44 -1.555163 -0.013465 -3.217008 -0.121209 -1.495237 1.00
20.45 -1.586713 -0.009644 -3.305316 0.099373 -1.900743 1.00
20.46 -1.618371 -0.008916 -3.515186 -0.112303 -1.714734 1.00
20.47 -1.649959 -0.012818 -3.487788 -0.430933 -1.230252 1.00
20.48 -1.681195 -0.017432 -3.243853 -0.473112 -1.033468 1.00
20.49 -1.726300 -0.021816 -4.040850 -0.408029 -1.331070 1.00
20.50 -1.760126 -0.022439 -3.628199 -0.247076 -1.419931 1.00
20.51 -1.791399 -0.022332 -3.375272 -0.169014 -1.460665 1.00
20.52 -1.822549 -0.022221 -3.312757 -0.150372 -1.483863 1.00
20.53 -1.853879 -0.022185 -3.317523 -0.153965 -1.498019 1.00
20.54 -1.871258 -0.025976 -2.368684 -0.417292 -0.781493 1.00
20.55 -1.899937 -0.026653 -2.558499 -0.123717 -1.240793 1.00
20.56 -1.931422 -0.026461 -3.008342 -0.075637 -1.471991 1.00
20.57 -1.963398 -0.026430 -3.272209 -0.126773 -1.507184 1.00
20.58 -1.981132 -0.026532 -2.386376 -0.183886 -1.149687 1.00
20.59 -2.010033 -0.026507 -2.741909 -0.088999 -1.408667 1.00
20.60 -2.027613 -0.026464 -2.181318 -0.135812 -1.173357 1.00
20.61 -2.056882 -0.026437 -2.719117 -0.076709 -1.444040 1.00
20.62 -2.074703 -0.022685 -2.206872 0.090591 -1.573839 1.00
20.63 -2.104170 -0.021945 -2.914939 -0.047956 -1.647270 1.00
20.64 -2.122113 -0.022074 -2.358598 -0.188842 -1.284584 1.00
20.65 -2.137350 -0.022193 -1.854340 -0.151097 -1.176958 1.00
20.66 -2.166473 -0.022103 -2.615340 -0.076371 -1.542327 1.00
20.67 -2.184539 -0.022107 -2.235395 -0.164816 -1.309591 1.00
20.68 -2.200019 -0.022171 -1.847020 -0.145219 -1.216476 1.00
20.69 -2.215263 -0.022128 -1.679145 -0.107630 -1.221025 1.00
20.70 -2.230754 -0.018310 -1.650097 0.140505 -1.616522 1.00
20.71 -2.246547 -0.013780 -1.835268 0.178875 -1.812875 1.00
20.72 -2.262526 -0.009388 -1.985071 0.138171 -1.889542 1.00
20.73 -2.292470 -0.008827 -3.016984 -0.111378 -1.917050 1.00
20.74 -2.310781 -0.012883 -2.525305 -0.515415 -1.157043 1.00
20.75 -2.340009 -0.021303 -2.800332 -0.729272 -0.834382 1.00
20.76 -2.371376 -0.026441 -2.887066 -0.526159 -1.065346 1.00
20.77 -2.388937 -0.026965 -2.069854 -0.247546 -1.172910 1.00
20.78 -2.404018 -0.030448 -1.715021 -0.359686 -0.856547 1.00
20.79 -2.419183 -0.031002 -1.481646 -0.140529 -1.072967 1.00
20.80 -2.434672 -0.027074 -1.533211 0.164177 -1.572396 1.00
20.81 -2.450579 -0.026241 -1.795250 -0.039821 -1.407007 1.00
20.82 -2.466523 -0.026361 -1.798971 -0.131851 -1.291438 1.00
20.83 -2.482227 -0.022713 -1.732383 0.097702 -1.647056 1.00
20.84 -2.497983 -0.021984 -1.872315 -0.086999 -1.465883 1.00
20.85 -2.513778 -0.022088 -1.834423 -0.160314 -1.362020 1.00
20.86 -2.515388 -0.022201 -0.805192 -0.181980 -0.996420 1.00
20.87 -2.528384 -0.022127 -1.131227 -0.067536 -1.264288 1.00
20.88 -2.544246 -0.018265 -1.538750 0.145751 -1.756345 1.00
20.89 -2.560563 -0.017565 -1.901590 -0.094657 -1.573007 1.00
20.90 -2.562619 -0.017776 -0.945777 -0.213629 -1.099558 1.00
20.91 -2.575702 -0.017821 -1.220473 -0.109599 -1.334778 1.00
20.92 -2.591501 -0.017742 -1.588884 -0.120140 -1.450557 1.00
20.93 -2.607645 -0.017777 -1.768675 -0.160576 -1.463075 1.00
20.94 -2.609562 -0.017866 -0.849856 -0.202958 -1.106268 1.00
20.95 -2.622709 -0.017820 -1.200616 -0.101929 -1.363832 1.00
20.96 -2.638602 -0.017739 -1.602547 -0.124766 -1.474154 1.00
20.97 -2.640758 -0.017814 -0.823895 -0.191334 -1.131009 1.00
20.98 -2.640059 -0.014068 -0.254563 0.106275 -1.406772 1.00
20.99 -2.653509 -0.013184 -1.182532 -0.008374 -1.577733 1.00
21.00 -2.655982 -0.009524 -0.769207 0.062278 -1.600477 1.00
21.01 -2.669846 -0.008902 -1.440641 -0.086596 -1.637771 0.00
21.02 -2.686436 -0.009297 -2.278261 -0.480103 -1.385808 0.00
21.03 -2.717046 -0.017323 -3.367244 -1.017117 -0.902804 0.00
21.04 -2.749321 -0.041617 -3.583139 -2.110102 0.882208 0.00
21.05 -2.780446 -0.061074 -2.789753 -1.779232 1.007656 0.00
21.06 -2.810978 -0.070819 -2.477748 -1.037380 0.262607 0.00
21.07 -2.828214 -0.075141 -1.811595 -0.643749 0.015658 0.00
21.08 -2.843475 -0.079032 -1.597907 -0.540691 0.004394 0.00
21.09 -2.844884 -0.083221 -0.594410 -0.547247 0.409945 0.00
21.10 -2.857872 -0.087444 -0.925584 -0.433997 0.214201 0.00
21.11 -2.859683 -0.087950 -0.342095 -0.230972 0.139890 0.00
21.12 -2.859291 -0.087764 -0.058036 -0.134998 0.100979 0.00
21.13 -2.858965 -0.087616 0.001301 -0.111309 0.086271 0.00
21.14 -2.858873 -0.087567 -0.004292 -0.111906 0.084461 0.00
21.15 -2.858862 -0.091322 -0.012423 -0.349261 0.462963 0.00
21.16 -2.844699 -0.099619 1.120786 -0.646344 1.377467 0.00
21.17 -2.841686 -0.104678 1.078759 -0.310567 1.000439 0.00
21.18 -2.813496 -0.101307 2.624233 0.201187 0.777012 0.00
21.19 -2.794928 -0.088890 2.307970 0.914492 -0.480550 0.00
21.20 -2.765640 -0.082774 2.403592 0.459226 0.073660 0.00
21.21 -2.748176 -0.082378 1.868103 0.099341 0.384063 0.00
21.22 -2.718701 -0.082757 2.676558 -0.019789 0.829453 0.00
21.23 -2.700521 -0.082833 2.329082 0.085915 0.585570 0.00
21.24 -2.670967 -0.082785 2.902104 0.053699 0.830600 0.00
21.25 -2.639071 -0.078999 3.334514 0.334507 0.548811 0.00
21.26 -2.607249 -0.074399 3.330049 0.420860 0.371449 0.00
21.27 -2.575847 -0.073686 3.223839 0.170238 0.677541 0.00
21.28 -2.544443 -0.070088 3.329697 0.336206 0.446077 0.00
21.29 -2.512991 -0.069420 3.262571 0.159301 0.666919 0.00
21.30 -2.467532 -0.069537 4.301875 0.082202 1.135416 0.00
21.31 -2.433363 -0.069512 4.030756 0.199843 0.907322 0.00
21.32 -2.388000 -0.061906 4.620640 0.640696 0.405459 0.00
21.33 -2.340621 -0.052855 4.709229 0.769655 0.134915 0.00
21.34 -2.279431 -0.047752 5.566660 0.490628 0.735473 0.00
21.35 -2.229686 -0.047242 5.294091 0.277432 0.950447 0.00
21.36 -2.182505 -0.039880 5.136279 0.684355 0.255375 0.00
21.37 -2.121754 -0.030983 5.718736 0.739396 0.254655 0.00
21.38 -2.058524 -0.025911 6.058909 0.526574 0.599467 0.00
21.39 -2.009200 -0.021617 5.357392 0.512780 0.343615 0.00
21.40 -1.948634 -0.017367 5.817744 0.426773 0.570051 0.00
21.41 -1.899512 -0.013049 5.266581 0.478041 0.275522 0.00
21.42 -1.838823 -0.008717 5.774885 0.409496 0.492878 0.00
21.43 -1.789641 -0.004366 5.229147 0.462058 0.197859 0.00
21.44 -1.742971 -0.000002 4.773402 0.414072 0.065323 0.00
21.45 -1.682380 0.000479 5.541795 0.104333 0.755327 0.00
21.46 -1.632777 0.004087 5.312667 0.378413 0.279389 0.00
21.47 -1.585789 0.004844 4.859604 0.187479 0.400061 0.00
21.48 -1.525086 0.008455 5.724821 0.306264 0.494882 0.00
21.49 -1.475572 0.012930 5.247970 0.448614 0.100097 0.00
21.50 -1.428830 0.017409 4.750097 0.408236 -0.058255 0.00
21.51 -1.368291 0.021671 5.486720 0.323123 0.256847 0.00
21.52 -1.318844 0.022253 5.077439 0.164023 0.353387 0.00
21.53 -1.271866 0.022145 4.834579 0.091010 0.399091 0.00
21.54 -1.224996 0.022042 4.778165 0.076182 0.427472 0.00
21.55 -1.177948 0.022014 4.786817 0.082621 0.447391 0.00
21.56 -1.130823 0.025786 4.803574 0.326753 0.087662 0.00
21.57 -1.097832 0.026577 3.682187 0.163336 -0.054500 0.00
21.58 -1.053440 0.026402 4.082055 -0.010049 0.334966 0.00
21.59 -1.006052 0.026238 4.573468 0.022461 0.479796 0.00
21.60 -0.958341 0.030060 4.799705 0.319777 0.116556 0.00
21.61 -0.925068 0.030931 3.715544 0.177639 -0.043177 0.00
21.62 -0.880614 0.030793 4.103345 0.005309 0.340367 0.00
21.63 -0.847265 0.030660 3.621781 0.056651 0.134722 0.00
21.64 -0.802189 0.030635 4.197822 0.012542 0.406238 0.00
21.65 -0.768615 0.030665 3.693177 0.086532 0.160100 0.00
21.66 -0.723553 0.030684 4.228457 0.033444 0.429623 0.00
21.67 -0.690024 0.030707 3.709238 0.100520 0.188088 0.00
21.68 -0.659011 0.030742 3.282131 0.067616 0.109010 0.00
21.69 -0.628113 0.030680 3.117683 0.029226 0.124474 0.00
21.70 -0.596920 0.030623 3.097973 0.018826 0.149708 0.00
21.71 -0.565539 0.030607 3.116311 0.023945 0.165947 0.00
21.72 -0.534095 0.026855 3.132930 -0.202399 0.554585 0.00
21.73 -0.502529 0.026124 3.315896 -0.001677 0.374483 0.00
21.74 -0.470969 0.026251 3.287620 0.079516 0.271290 0.00
21.75 -0.453635 0.026378 2.258698 0.103961 -0.089729 0.00
21.76 -0.424920 0.022550 2.586316 -0.242684 0.561314 0.00
21.77 -0.393220 0.017948 3.169930 -0.259423 0.868340 0.00
21.78 -0.361070 0.021127 3.500631 0.293418 0.199198 0.00
21.79 -0.343489 0.022178 2.301744 0.218298 -0.099196 0.00
21.80 -0.314916 0.025881 2.582764 0.263330 -0.114795 0.00
21.81 -0.283507 0.026450 2.852239 0.080484 0.225377 0.00
21.82 -0.251689 0.026369 3.107718 0.059845 0.354774 0.00
21.83 -0.233948 0.026389 2.272412 0.112350 0.021286 0.00
21.84 -0.219008 0.022618 1.694894 -0.186192 0.304440 0.00
21.85 -0.189864 0.021731 2.627636 -0.068645 0.481548 0.00
21.86 -0.171684 0.021838 2.219409 0.098035 0.133087 0.00
21.87 -0.156261 0.021993 1.760051 0.077316 0.016771 0.00
21.88 -0.141099 0.018194 1.559940 -0.206042 0.403204 0.00
21.89 -0.125530 0.017378 1.699676 -0.030166 0.235163 0.00
21.90 -0.109744 0.013699 1.679569 -0.187040 0.509090 0.00
21.91 -0.093959 0.013044 1.792958 0.010188 0.301249 0.00
21.92 -0.078191 0.009408 1.731776 -0.155997 0.573554 0.00
21.93 -0.062452 0.008746 1.830899 0.034356 0.370375 0.00
21.94 -0.046709 0.008861 1.769267 0.100748 0.267835 0.00
21.95 -0.031098 0.008941 1.697454 0.097202 0.256212 0.00
21.96 -0.015479 0.008944 1.672404 0.088229 0.268405 0.00
21.97 0.000204 0.005174 1.674962 -0.146797 0.655931 0.00
21.98 0.016041 0.004429 1.855603 0.050433 0.471552 0.00
21.99 0.031886 0.004547 1.825757 0.129514 0.362375 0.00
22.00 0.047540 0.004644 1.755922 0.129900 0.345879 0.00
22.01 0.063163 0.004653 1.726748 0.120591 0.357071 0.00
22.02 0.078843 0.000884 1.727075 -0.115189 0.744876 0.00
22.03 0.080646 0.000163 0.945227 0.103531 0.209980 0.00
22.04 0.093854 0.003960 1.267952 0.310901 -0.019380 0.00
22.05 0.109560 0.004709 1.431697 0.139200 0.259935 0.00
22.06 0.125546 0.000890 1.621183 -0.136536 0.763930 0.00
22.07 0.141652 0.000114 1.904227 0.076711 0.592144 0.00
22.08 0.157638 0.000253 1.900279 0.168467 0.474139 0.00
22.09 0.173323 0.004129 1.826665 0.405374 0.075995 0.00
22.10 0.188819 0.004889 1.618707 0.200740 0.277971 0.00
22.11 0.204352 0.008528 1.651811 0.356542 0.027188 0.00
22.12 0.220002 0.005421 1.560113 -0.066840 0.625229 0.00
22.13 0.221780 0.004591 0.845640 0.088758 0.198710 0.00
22.14 0.235101 0.004553 1.244658 0.068473 0.363758 0.00
22.15 0.251031 0.004560 1.610090 0.102657 0.445521 0.00
22.16 0.253150 0.000894 0.803237 -0.072032 0.479294 0.00
22.17 0.266574 -0.003630 1.361464 -0.201549 0.918051 0.00
22.18 0.282768 -0.004326 1.902120 0.093932 0.718742 0.00
22.19 0.299017 -0.000308 1.971528 0.445433 0.211581 0.00
22.20 0.314671 0.008123 1.728745 0.724713 -0.375039 0.00
22.21 0.329929 0.009526 1.377400 0.248045 0.133794 0.00
22.22 0.345402 0.009201 1.517673 0.095268 0.398011 0.00
22.23 0.347293 0.009041 0.742978 0.136189 0.094326 0.00
22.24 0.360607 0.008972 1.171299 0.061980 0.341707 0.00
22.25 0.376602 0.005161 1.586264 -0.138462 0.818192 0.00
22.26 0.378904 0.004507 0.974273 0.122820 0.280784 0.00
22.27 0.392343 0.008372 1.325868 0.345950 0.038700 0.00
22.28 0.394069 0.009174 0.517820 0.196460 -0.036959 0.00
22.29 0.407419 0.005277 1.051558 -0.187421 0.724085 0.00
22.30 0.409663 0.004430 0.776477 0.068558 0.306823 0.00
22.31 0.423498 0.004531 1.307993 0.097723 0.446746 0.00
22.32 0.425581 0.004645 0.715533 0.162678 0.165774 0.00
22.33 0.439115 0.004654 1.207825 0.091326 0.428999 0.00
22.34 0.441169 0.004649 0.677169 0.148553 0.180508 0.00
22.35 0.440745 0.004664 0.246334 0.110467 0.090606 0.00
22.36 0.454254 0.000803 1.039153 -0.188329 0.821575 0.00
22.37 0.456784 -0.003691 0.833038 -0.137738 0.763441 0.00
22.38 0.470833 -0.000523 1.536434 0.322322 0.330590 0.00
22.39 0.472917 0.004219 0.726817 0.500248 -0.250314 0.00
22.40 0.486127 0.004948 1.004736 0.154898 0.297908 0.00
22.41 0.488023 0.004742 0.550731 0.126638 0.192246 0.00
22.42 0.487712 0.004650 0.223350 0.098805 0.124200 0.00
22.43 0.487311 0.004580 0.093859 0.072266 0.118502 0.00
22.44 0.501169 0.000745 1.031893 -0.194045 0.853027 0.00
22.45 0.503889 -0.003699 0.857944 -0.128696 0.784870 0.00
22.46 0.503958 -0.000480 0.594419 0.354750 -0.002889 0.00
22.47 0.517443 0.004159 1.092888 0.403480 0.023621 0.00
22.48 0.519423 0.004901 0.460060 0.206821 0.069440 0.00
22.49 0.518988 0.004749 0.134884 0.093808 0.117177 0.00
22.50 0.518618 0.004585 0.067661 0.062919 0.139214 0.00
22.51 0.518515 0.004525 0.076564 0.063035 0.142914 0.00
22.52 0.518522 0.000756 0.088026 -0.166989 0.518200 0.00
22.53 0.518659 0.000015 0.264223 0.029039 0.325489 0.00
22.54 0.518789 0.000130 0.228391 0.105003 0.210154 0.00
22.55 0.518725 0.000220 0.153947 0.102352 0.187892 0.00
22.56 0.518640 -0.003538 0.121302 -0.143794 0.570179 0.00
22.57 0.532755 -0.004324 1.252755 0.024385 0.734452 0.00
22.58 0.535504 -0.004136 0.867901 0.206001 0.363944 0.00
22.59 0.535257 -0.000193 0.389396 0.416158 -0.140033 0.00
22.60 0.534560 0.000511 0.001448 0.166846 0.055377 0.00
22.61 0.534149 0.000317 -0.002713 0.068688 0.188583 0.00
22.62 0.534147 0.000190 0.082943 0.069872 0.217054 0.00
22.63 0.534253 -0.003580 0.127120 -0.149303 0.588539 0.00
22.64 0.534434 -0.004307 0.307106 0.050808 0.391381 0.00
22.65 0.534572 -0.004186 0.267888 0.126748 0.274871 0.00
22.66 0.534504 -0.004095 0.191260 0.123439 0.252767 0.00
22.67 0.534409 -0.004093 0.157788 0.111104 0.258298 0.00
22.68 0.534366 -0.004108 0.154252 0.106771 0.263186 0.00
22.69 0.534367 -0.007876 0.158229 -0.127222 0.641336 0.00
22.70 0.534496 -0.008622 0.333472 0.067747 0.449807 0.00
22.71 0.548656 -0.008534 1.260386 0.122012 0.685396 0.00
22.72 0.551215 -0.004601 0.833259 0.459426 0.029313 0.00
22.73 0.550818 -0.003760 0.220915 0.231052 0.121362 0.00
22.74 0.550168 -0.003932 0.070254 0.107614 0.240202 0.00
22.75 0.564013 -0.004121 1.073709 0.070262 0.627983 0.00
22.76 0.566678 -0.004073 0.764245 0.187343 0.370839 0.00
22.77 0.566549 -0.003970 0.370810 0.172084 0.261216 0.00
22.78 0.566084 -0.004005 0.187407 0.129926 0.258271 0.00
22.79 0.565841 -0.004070 0.149049 0.111287 0.271694 0.00
22.80 0.565787 -0.007862 0.156783 -0.124568 0.653946 0.00
22.81 0.565916 -0.008613 0.338626 0.071884 0.462665 0.00
22.82 0.566052 -0.008499 0.305959 0.148921 0.346933 0.00
22.83 0.565992 -0.008407 0.232115 0.146677 0.324302 0.00
22.84 0.579931 -0.008429 1.161046 0.112879 0.680277 0.00
22.85 0.582518 -0.008362 0.804509 0.214324 0.428364 0.00
22.86 0.582332 -0.008276 0.401557 0.192246 0.325040 0.00
22.87 0.581847 -0.004560 0.220800 0.383644 -0.053037 0.00
22.88 0.595511 -0.003907 0.974285 0.149754 0.502366 0.00
22.89 0.597963 -0.007728 0.665701 -0.055627 0.742502 0.00
22.90 0.597978 -0.008475 0.514983 0.121269 0.468880 0.00
22.91 0.611748 -0.004673 1.294063 0.379162 0.320802 0.00
22.92 0.613990 -0.003806 0.661947 0.274564 0.241538 0.00
22.93 0.613541 -0.003846 0.262776 0.163221 0.261040 0.00
22.94 0.627112 -0.004026 1.119070 0.097813 0.638142 0.00
22.95 0.629591 -0.004019 0.768907 0.198453 0.390343 0.00
22.96 0.629401 -0.003941 0.376748 0.180152 0.285617 0.00
22.97 0.628933 -0.003984 0.199709 0.139230 0.283199 0.00
22.98 0.642728 -0.004073 1.126147 0.099864 0.646870 0.00
22.99 0.645299 -0.004020 0.781136 0.204201 0.395087 0.00
23.00 0.645124 -0.003932 0.383294 0.184245 0.290558 0.00
23.01 0.644652 -0.003975 0.203474 0.142095 0.288890 0.00
23.02 0.658443 -0.004066 1.129533 0.102409 0.652891 0.00
23.03 0.661021 -0.007775 0.785043 -0.027331 0.778141 0.00
23.04 0.660972 -0.008433 0.560333 0.147020 0.482273 0.00
23.05 0.674650 -0.004628 1.306649 0.392957 0.339438 0.00
23.06 0.690874 -0.000040 1.632691 0.496406 0.238745 0.00
23.07 0.692921 0.000741 0.711297 0.296684 0.193982 0.00
23.08 0.706183 0.004302 1.198675 0.368197 0.204323 0.00
23.09 0.708127 0.001160 0.567607 -0.000110 0.545968 0.00
23.10 0.707788 0.000310 0.380677 0.093925 0.373111 0.00
23.11 0.707493 0.000275 0.253739 0.134138 0.278285 0.00
23.12 0.707302 -0.003462 0.182597 -0.105905 0.639423 0.00
23.13 0.707327 -0.004217 0.334851 0.079802 0.452900 0.00
23.14 0.721461 -0.007903 1.262641 -0.102559 1.069242 0.00
23.15 0.724151 -0.008480 1.012837 0.195509 0.599542 0.00
23.16 0.738035 -0.004536 1.501449 0.450099 0.358869 0.00
23.17 0.739945 0.000083 0.715411 0.545749 -0.102121 0.00
23.18 0.753196 0.004474 1.067888 0.435904 0.093320 0.00
23.19 0.755057 0.005008 0.475876 0.225833 0.173843 0.00
23.20 0.768695 0.004793 1.150683 0.105144 0.566491 0.00
23.21 0.770996 0.004724 0.738909 0.186930 0.325061 0.00
23.22 0.770725 0.004766 0.338576 0.165609 0.222265 0.00
23.23 0.770248 0.000954 0.164807 -0.108519 0.596737 0.00
23.24 0.770139 0.000145 0.304179 0.068954 0.417890 0.00
23.25 0.784240 0.000203 1.238791 0.121714 0.658474 0.00
23.26 0.786810 0.000370 0.820635 0.227187 0.379393 0.00
23.27 0.786548 0.000469 0.384152 0.194316 0.279355 0.00
23.28 0.800059 0.000385 1.160010 0.125096 0.633704 0.00
23.29 0.802439 0.000394 0.774334 0.212735 0.391661 0.00
23.30 0.802197 0.004216 0.377910 0.423965 -0.084969 0.00
23.31 0.815626 0.004887 0.993708 0.167112 0.455916 0.00
23.32 0.817897 0.004792 0.643314 0.180321 0.326787 0.00
23.33 0.817726 0.004767 0.319058 0.159550 0.249250 0.00
23.34 0.817341 0.004714 0.177691 0.130312 0.243024 0.00
23.35 0.817156 0.000903 0.148248 -0.116452 0.628014 0.00
23.36 0.831265 0.000110 1.288141 0.054817 0.791023 0.00
23.37 0.834022 0.000301 0.906084 0.237884 0.419440 0.00
23.38 0.833786 0.000484 0.427929 0.214168 0.292124 0.00
23.39 0.847239 0.004179 1.174390 0.371346 0.270006 0.00
23.40 0.849457 0.004925 0.608690 0.260403 0.222903 0.00
23.41 0.849085 0.004868 0.249592 0.161191 0.239544 0.00
23.42 0.848675 0.004728 0.151970 0.123277 0.260661 0.00
23.43 0.848543 0.000900 0.152353 -0.115451 0.644918 0.00
23.44 0.848664 -0.003620 0.337552 -0.152106 0.830420 0.00
23.45 0.848921 -0.000490 0.479477 0.354103 0.145911 0.00
23.46 0.862894 0.000435 1.159443 0.211812 0.550223 0.00
23.47 0.865242 0.000498 0.735165 0.227334 0.391306 0.00
23.48 0.864985 0.004251 0.365685 0.425474 -0.057840 0.00
23.49 0.878451 0.004901 1.004757 0.173763 0.484103 0.00
23.50 0.880750 0.004811 0.660927 0.190711 0.352042 0.00
23.51 0.880588 0.004791 0.335897 0.170641 0.273235 0.00
23.52 0.880203 0.004739 0.193122 0.141123 0.266902 0.00
23.53 0.880017 0.000928 0.163143 -0.105867 0.652024 0.00
23.54 0.880093 0.000160 0.340925 0.087117 0.464328 0.00
23.55 0.880220 0.000268 0.311690 0.164394 0.349496 0.00
23.56 0.880163 0.000359 0.240018 0.162822 0.326680 0.00
23.57 0.880074 0.000363 0.207374 0.151071 0.331662 0.00
23.58 0.880032 0.000349 0.203511 0.146743 0.336420 0.00
23.59 0.880032 -0.003419 0.207235 -0.087332 0.714597 0.00
23.60 0.880162 -0.004165 0.382415 0.107600 0.523098 0.00
23.61 0.894315 -0.000316 1.309016 0.395961 0.381705 0.00
23.62 0.896755 0.000602 0.709229 0.305023 0.293928 0.00
23.63 0.896357 0.000585 0.305531 0.195166 0.309592 0.00
23.64 0.895897 0.000436 0.193166 0.149978 0.335779 0.00
23.65 0.895739 0.000359 0.193377 0.143844 0.345270 0.00
23.66 0.895726 0.000342 0.207507 0.147455 0.345314 0.00
23.67 0.895739 0.000345 0.213377 0.149970 0.343820 0.00
23.68 0.895753 -0.003413 0.214275 -0.083513 0.720119 0.00
23.69 0.895881 -0.004157 0.386730 0.110662 0.528715 0.00
23.70 0.896000 -0.000284 0.350456 0.420383 0.036852 0.00
23.71 0.895809 0.000551 0.103463 0.223579 0.205927 0.00
23.72 0.909622 0.000416 1.068435 0.114110 0.676879 0.00
23.73 0.912273 0.000394 0.786023 0.218140 0.447203 0.00
23.74 0.912179 0.000477 0.415876 0.208040 0.338621 0.00
23.75 0.911736 0.004207 0.238721 0.403721 -0.044247 0.00
23.76 0.911376 0.004893 0.026588 0.191527 0.159220 0.00
23.77 0.911195 0.000990 0.068555 -0.120347 0.656296 0.00
23.78 0.911386 0.000149 0.323804 0.078386 0.487426 0.00
23.79 0.911614 0.000261 0.323888 0.167322 0.366532 0.00
23.80 0.911589 0.004128 0.253416 0.403471 -0.037863 0.00
23.81 0.911378 0.004883 0.043784 0.197131 0.157486 0.00
23.82 0.911212 0.000996 0.073768 -0.117751 0.654427 0.00
23.83 0.911393 0.000153 0.323724 0.078773 0.486819 0.00
23.84 0.911607 0.004023 0.322854 0.401236 -0.010458 0.00
23.85 0.911462 0.004873 0.080136 0.209084 0.153538 0.00
23.86 0.911251 0.004771 0.079417 0.121360 0.272457 0.00
23.87 0.911269 0.004668 0.147431 0.118864 0.299722 0.00
23.88 0.911352 0.004657 0.183215 0.130582 0.295908 0.00
23.89 0.911397 0.004671 0.189134 0.135529 0.291002 0.00
23.90 0.911406 0.004678 0.186211 0.135781 0.289590 0.00
23.91 0.911404 0.004679 0.183946 0.135133 0.289702 0.00
23.92 0.911401 0.004678 0.183350 0.134812 0.289948 0.00
23.93 0.911400 0.004678 0.183409 0.134768 0.290035 0.00
23.94 0.911400 0.004678 0.183519 0.134795 0.290036 0.00
23.95 0.911400 0.004678 0.183560 0.134813 0.290024 0.00
23.96 0.911400 0.004678 0.183561 0.134817 0.290019 0.00
23.97 0.911393 0.008439 0.183239 0.368917 -0.086971 0.00
23.98 0.911267 0.009184 0.010242 0.174662 0.104344 0.00
23.99 0.911141 0.009072 0.045897 0.098921 0.219279 0.00
24.00 0.911205 0.008983 0.119840 0.101432 0.241556 0.00
24.01 0.911297 0.008980 0.152618 0.113388 0.236321 0.00
24.02 0.911339 0.008995 0.156236 0.117671 0.231534 0.00
24.03 0.911339 0.012762 0.152398 0.351698 -0.146615 0.00
24.04 0.911209 0.013508 -0.022798 0.156752 0.044899 0.00
24.05 0.911080 0.013395 0.012367 0.080719 0.160079 0.00
24.06 0.911143 0.013305 0.086411 0.083203 0.182432 0.00
24.07 0.911228 0.017063 0.118995 0.329291 -0.199794 0.00
24.08 0.911144 0.017824 -0.050344 0.139339 -0.013278 0.00
24.09 0.911025 0.017718 -0.018220 0.063529 0.100489 0.00
24.10 0.911078 0.021390 0.053205 0.299445 -0.254022 0.00
24.11 0.911041 0.022132 -0.087498 0.116854 -0.067695 0.00
24.12 0.910950 0.025795 -0.048449 0.279472 -0.334464 0.00
24.13 0.910894 0.026458 -0.150915 0.087686 -0.122037 0.00
24.14 0.910849 0.030104 -0.084960 0.257326 -0.389138 0.00
24.15 0.910820 0.034535 -0.181194 0.303677 -0.557079 0.00
24.16 0.910665 0.035172 -0.289180 0.045539 -0.257151 0.00
24.17 0.910642 0.034985 -0.178059 -0.024068 -0.124531 0.00
24.18 0.896764 0.038685 -1.037697 0.245921 -0.836176 0.00
24.19 0.894131 0.043121 -0.823955 0.195494 -0.774863 0.00
24.20 0.880073 0.043708 -1.517208 -0.026648 -0.720590 0.00
24.21 0.877866 0.043476 -0.877790 -0.163056 -0.326645 0.00
24.22 0.864414 0.039621 -1.292851 -0.321578 -0.192005 0.00
24.23 0.848552 0.038906 -1.518783 -0.150649 -0.491206 0.00
24.24 0.832484 0.038962 -1.729813 -0.116720 -0.615026 0.00
24.25 0.816473 0.038983 -1.840739 -0.138364 -0.631134 0.00
24.26 0.800611 0.038951 -1.869252 -0.154165 -0.627242 0.00
24.27 0.784858 0.038926 -1.868195 -0.158946 -0.628525 0.00
24.28 0.755122 0.035179 -2.827445 -0.372641 -0.607920 0.00
24.29 0.736910 0.034347 -2.303178 -0.285900 -0.549035 0.00
24.30 0.707480 0.030626 -2.897738 -0.402773 -0.539541 0.00
24.31 0.689687 0.026166 -2.266950 -0.510208 -0.124572 0.00
24.32 0.660524 0.025529 -2.685786 -0.192794 -0.691412 0.00
24.33 0.642740 0.025704 -2.275648 -0.187538 -0.577239 0.00
24.34 0.613257 0.022027 -2.910701 -0.378899 -0.481895 0.00
24.35 0.581415 0.017519 -3.213177 -0.477475 -0.389779 0.00
24.36 0.563691 0.016754 -2.292842 -0.282084 -0.348238 0.00
24.37 0.534722 0.013188 -2.784018 -0.357342 -0.363157 0.00
24.38 0.503040 0.012587 -3.118280 -0.204180 -0.684294 0.00
24.39 0.485162 0.012603 -2.409220 -0.212345 -0.452061 0.00
24.40 0.456016 0.012677 -2.877292 -0.135520 -0.724500 0.00
24.41 0.424256 0.012725 -3.310216 -0.175353 -0.830105 0.00
24.42 0.392320 0.008887 -3.492466 -0.459240 -0.461782 0.00
24.43 0.360786 0.004298 -3.356074 -0.520914 -0.274517 0.00
24.44 0.329564 -0.000138 -3.215554 -0.490744 -0.211381 0.00
24.45 0.298337 -0.004459 -3.150419 -0.460170 -0.175297 0.00
24.46 0.267014 -0.005009 -3.124689 -0.208694 -0.511467 0.00
24.47 0.235523 -0.008590 -3.277918 -0.390886 -0.274021 0.00
24.48 0.204015 -0.009277 -3.219604 -0.220675 -0.488484 0.00
24.49 0.172573 -0.009196 -3.293562 -0.165753 -0.604434 0.00
24.50 0.141037 -0.009140 -3.372401 -0.176781 -0.633231 0.00
24.51 0.109522 -0.012916 -3.406218 -0.427026 -0.262405 0.00
24.52 0.092221 -0.017474 -2.279442 -0.497221 0.266272 0.00
24.53 0.063677 -0.021804 -2.498250 -0.360460 0.069089 0.00
24.54 0.032261 -0.022267 -2.846834 -0.119717 -0.376238 0.00
24.55 0.000322 -0.022119 -3.179008 -0.106872 -0.521373 0.00
24.56 -0.017518 -0.022146 -2.370975 -0.170823 -0.181392 0.00
24.57 -0.032487 -0.022151 -1.793803 -0.109640 -0.083176 0.00
24.58 -0.061508 -0.022015 -2.549497 -0.032487 -0.450785 0.00
24.59 -0.079565 -0.018248 -2.175227 0.111379 -0.594535 0.00
24.60 -0.109206 -0.017542 -2.924561 -0.042650 -0.660192 0.00
24.61 -0.127202 -0.021457 -2.368336 -0.420984 0.084203 0.00
24.62 -0.156342 -0.026063 -2.647167 -0.400358 0.027411 0.00
24.63 -0.173804 -0.026714 -1.953364 -0.182240 -0.037139 0.00
24.64 -0.203028 -0.026499 -2.591004 -0.047455 -0.444915 0.00
24.65 -0.220990 -0.026415 -2.180596 -0.126866 -0.215781 0.00
24.66 -0.236428 -0.026455 -1.789346 -0.108669 -0.120233 0.00
24.67 -0.251663 -0.026410 -1.621846 -0.072260 -0.123355 0.00
24.68 -0.267146 -0.026353 -1.592470 -0.058474 -0.141509 0.00
24.69 -0.282806 -0.026331 -1.604208 -0.059916 -0.152186 0.00
24.70 -0.298532 -0.022572 -1.616656 0.169409 -0.535146 0.00
24.71 -0.314389 -0.018074 -1.796427 0.205424 -0.726093 0.00
24.72 -0.330360 -0.017448 -1.937565 -0.067438 -0.425548 0.00
24.73 -0.332100 -0.021443 -0.868968 -0.399108 0.433434 0.00
24.74 -0.344903 -0.022205 -0.945583 -0.087163 -0.003630 0.00
24.75 -0.360543 -0.018233 -1.355331 0.214166 -0.616121 0.00
24.76 -0.376880 -0.017428 -1.788590 -0.024422 -0.459948 0.00
24.77 -0.393053 -0.017603 -1.831287 -0.133684 -0.333199 0.00
24.78 -0.394781 -0.017770 -0.797005 -0.162223 0.044098 0.00
24.79 -0.407780 -0.017710 -1.108662 -0.045057 -0.222496 0.00
24.80 -0.423619 -0.017607 -1.509939 -0.063559 -0.338754 0.00
24.81 -0.425771 -0.017675 -0.737097 -0.130851 0.003343 0.00
24.82 -0.439102 -0.017664 -1.132322 -0.046572 -0.245774 0.00
24.83 -0.441034 -0.013873 -0.573221 0.139228 -0.377202 0.00
24.84 -0.454724 -0.013103 -1.276416 0.006969 -0.449513 0.00
24.85 -0.456954 -0.009457 -0.722279 0.101941 -0.458570 0.00
24.86 -0.470639 -0.008799 -1.352072 -0.031138 -0.503953 0.00
24.87 -0.472774 -0.008925 -0.759304 -0.157400 -0.140562 0.00
24.88 -0.486278 -0.012758 -1.209555 -0.325094 -0.005479 0.00
24.89 -0.488151 -0.013509 -0.482574 -0.181137 0.050215 0.00
24.90 -0.501609 -0.009617 -1.045449 0.191900 -0.705757 0.00
24.91 -0.503894 -0.008785 -0.771803 -0.067456 -0.284213 0.00
24.92 -0.503702 -0.008918 -0.337305 -0.118056 -0.072440 0.00
24.93 -0.517183 -0.008923 -1.057572 -0.054749 -0.399218 0.00
24.94 -0.519492 -0.008946 -0.641099 -0.132840 -0.159668 0.00
24.95 -0.519218 -0.008996 -0.239520 -0.105522 -0.064363 0.00
24.96 -0.532765 -0.008915 -1.030764 -0.042592 -0.415281 0.00
24.97 -0.535171 -0.005171 -0.647041 0.102013 -0.548149 0.00
24.98 -0.535072 -0.000729 -0.422711 0.164853 -0.633796 0.00
24.99 -0.534841 -0.003808 -0.385542 -0.298093 0.050515 0.00
25.00 -0.548574 -0.004665 -1.031553 -0.138325 -0.367148 0.00
25.01 -0.550866 -0.004698 -0.616035 -0.152762 -0.213019 0.00
25.02 -0.550621 -0.004685 -0.255675 -0.119118 -0.140707 0.00
25.03 -0.564223 -0.004592 -1.070518 -0.062913 -0.490526 0.00
25.04 -0.566658 -0.000856 -0.691369 0.078270 -0.620191 0.00
25.05 -0.566560 -0.000180 -0.465021 -0.093324 -0.327768 0.00
25.06 -0.566208 -0.000243 -0.253642 -0.127523 -0.211771 0.00
25.07 -0.579932 -0.004004 -1.107533 -0.320148 -0.176221 0.00
25.08 -0.582294 -0.001043 -0.557646 0.015559 -0.497804 0.00
25.09 -0.582077 -0.000259 -0.364850 -0.078773 -0.321604 0.00
25.10 -0.581789 -0.000233 -0.226766 -0.114932 -0.228430 0.00
25.11 -0.581580 -0.000253 -0.151750 -0.107142 -0.213953 0.00
25.12 -0.581482 0.003520 -0.131334 0.135780 -0.596149 0.00
25.13 -0.581584 0.008039 -0.306155 0.177728 -0.785327 0.00
25.14 -0.595867 0.008701 -1.409650 -0.071107 -0.830422 0.00
25.15 -0.598563 0.008417 -0.949048 -0.250765 -0.436194 0.00
25.16 -0.612247 0.000734 -1.397535 -0.660787 0.088757 0.00
25.17 -0.628033 -0.004518 -1.441355 -0.530760 -0.020010 0.00
25.18 -0.643836 -0.008861 -1.505936 -0.458619 -0.073252 0.00
25.19 -0.645617 -0.009407 -0.588625 -0.233302 -0.067922 0.00
25.20 -0.644845 -0.009175 -0.150177 -0.103577 -0.102300 0.00
25.21 -0.658346 -0.008947 -1.019040 -0.043519 -0.477106 0.00
25.22 -0.660829 -0.008955 -0.676602 -0.148420 -0.226119 0.00
25.23 -0.660654 -0.005276 -0.285728 0.102899 -0.497170 0.00
25.24 -0.660314 -0.004490 -0.281016 -0.050341 -0.303311 0.00
25.25 -0.660203 -0.004539 -0.209338 -0.108316 -0.201376 0.00
25.26 -0.660081 -0.004598 -0.143086 -0.104287 -0.184115 0.00
25.27 -0.659999 -0.000835 -0.119269 0.139592 -0.566329 0.00
25.28 -0.674124 -0.000052 -1.253585 -0.029859 -0.729795 0.00
25.29 -0.676884 0.003520 -0.869100 0.022380 -0.735936 0.00
25.30 -0.676764 0.000322 -0.563225 -0.381955 -0.040618 0.00
25.31 -0.690216 -0.004230 -1.101218 -0.420643 -0.094916 0.00
25.32 -0.692244 -0.004953 -0.497347 -0.231500 -0.140442 0.00
25.33 -0.691845 -0.004810 -0.179440 -0.122859 -0.184580 0.00
25.34 -0.691484 -0.004652 -0.110976 -0.092618 -0.205246 0.00
25.35 -0.691388 -0.000832 -0.118494 0.141755 -0.585878 0.00
25.36 -0.705550 0.003708 -1.264440 0.199564 -1.120793 0.00
25.37 -0.708442 0.004255 -1.052218 -0.177944 -0.556491 0.00
25.38 -0.722347 -0.003539 -1.497507 -0.675709 0.088825 0.00
25.39 -0.724079 -0.008921 -0.508596 -0.569110 0.357850 0.00
25.40 -0.737167 -0.013192 -0.889549 -0.379087 0.043746 0.00
25.41 -0.739082 -0.013630 -0.372895 -0.170919 -0.060432 0.00
25.42 -0.752813 -0.013411 -1.082243 -0.062603 -0.447883 0.00
25.43 -0.755158 -0.013357 -0.674675 -0.148946 -0.201487 0.00
25.44 -0.754895 -0.013406 -0.270817 -0.127609 -0.097448 0.00
25.45 -0.754407 -0.013356 -0.094458 -0.086873 -0.095126 0.00
25.46 -0.754169 -0.013291 -0.060318 -0.069784 -0.107848 0.00
25.47 -0.754119 -0.009501 -0.068911 0.165553 -0.489657 0.00
25.48 -0.754250 -0.008751 -0.250568 -0.030917 -0.298278 0.00
25.49 -0.754386 -0.008865 -0.217712 -0.107891 -0.182566 0.00
25.50 -0.754325 -0.008957 -0.143825 -0.105617 -0.159962 0.00
25.51 -0.754234 -0.008960 -0.110684 -0.093588 -0.165169 0.00
25.52 -0.754198 -0.005184 -0.107222 0.144863 -0.546982 0.00
25.53 -0.754318 -0.004432 -0.283724 -0.049446 -0.356848 0.00
25.54 -0.754447 -0.004544 -0.250283 -0.125880 -0.241717 0.00
25.55 -0.754386 -0.004634 -0.176832 -0.123666 -0.219191 0.00
25.56 -0.754295 -0.004637 -0.143951 -0.111737 -0.224349 0.00
25.57 -0.754252 -0.004623 -0.140224 -0.107421 -0.229141 0.00
25.58 -0.754245 -0.004616 -0.143715 -0.107477 -0.230315 0.00
25.59 -0.754249 -0.004615 -0.145918 -0.108166 -0.230120 0.00
25.60 -0.754251 -0.004616 -0.146410 -0.108460 -0.229874 0.00
25.61 -0.754259 -0.000855 -0.146627 0.125613 -0.606788 0.00
25.62 -0.754385 -0.000110 -0.319510 -0.068610 -0.415477 0.00
25.63 -0.754504 -0.003984 -0.283505 -0.378432 0.076434 0.00
25.64 -0.754307 -0.008580 -0.036246 -0.415765 0.284383 0.00
25.65 -0.753962 -0.009216 0.133870 -0.133816 -0.027102 0.00
25.66 -0.753858 -0.008999 0.027886 -0.056303 -0.169100 0.00
25.67 -0.754007 -0.008900 -0.082365 -0.070842 -0.187304 0.00
25.68 -0.754145 -0.008911 -0.120961 -0.087775 -0.177082 0.00
25.69 -0.754203 -0.005172 -0.121858 0.141821 -0.547878 0.00
25.70 -0.754334 -0.004435 -0.289023 -0.051693 -0.355526 0.00
25.71 -0.754447 -0.008308 -0.250251 -0.360516 0.135947 0.00
25.72 -0.754246 -0.012903 -0.002579 -0.397516 0.343565 0.00
25.73 -0.753901 -0.013538 0.167326 -0.115568 0.032005 0.00
25.74 -0.753796 -0.013322 0.061193 -0.038105 -0.109977 0.00
25.75 -0.753946 -0.013223 -0.049098 -0.052665 -0.128165 0.00
25.76 -0.754084 -0.013234 -0.087692 -0.069601 -0.117938 0.00
25.77 -0.754135 -0.013256 -0.088258 -0.074103 -0.111742 0.00
25.78 -0.754139 -0.013264 -0.082425 -0.073361 -0.110707 0.00
25.79 -0.754126 -0.017025 -0.079309 -0.306444 0.265832 0.00
25.80 -0.753996 -0.017769 0.094106 -0.111854 0.074183 0.00
25.81 -0.753862 -0.021417 0.058550 -0.270216 0.336161 0.00
25.82 -0.753800 -0.022073 0.157442 -0.078523 0.122584 0.00
25.83 -0.753766 -0.021958 0.088976 -0.014761 0.012905 0.00
25.84 -0.753865 -0.025644 0.011740 -0.255657 0.372409 0.00
25.85 -0.753838 -0.026394 0.155487 -0.073283 0.187489 0.00
25.86 -0.753743 -0.030058 0.118737 -0.235234 0.454131 0.00
25.87 -0.739654 -0.030745 1.183872 -0.064895 0.592225 0.00
25.88 -0.736979 -0.034309 0.765099 -0.128695 0.602502 0.00
25.89 -0.737136 -0.034886 0.454451 0.036895 0.288948 0.00
25.90 -0.723565 -0.031086 1.168510 0.269692 0.153242 0.00
25.91 -0.707377 -0.030277 1.493270 0.135169 0.434470 0.00
25.92 -0.705208 -0.030248 0.749217 0.130123 0.199350 0.00
25.93 -0.691808 -0.030335 1.203521 0.044060 0.471437 0.00
25.94 -0.689806 -0.030372 0.671580 0.101878 0.222235 0.00
25.95 -0.676206 -0.030386 1.205151 0.043679 0.481703 0.00
25.96 -0.660066 -0.034163 1.645824 -0.148754 0.955355 0.00
25.97 -0.657722 -0.034802 1.032813 0.113834 0.415633 0.00
25.98 -0.644273 -0.034695 1.380747 0.102091 0.550223 0.00
25.99 -0.628402 -0.030903 1.705741 0.358574 0.257301 0.00
26.00 -0.598407 -0.026364 2.639279 0.408232 0.434950 0.00
26.01 -0.580124 -0.025594 2.182903 0.259358 0.482534 0.00
26.02 -0.564602 -0.025674 1.885106 0.167898 0.517691 0.00
26.03 -0.549220 -0.022040 1.806270 0.374197 0.162765 0.00
26.04 -0.533747 -0.021345 1.635065 0.179736 0.364166 0.00
26.05 -0.504141 -0.021488 2.644783 0.087502 0.835223 0.00
26.06 -0.485726 -0.021487 2.373142 0.200019 0.605768 0.00
26.07 -0.456070 -0.017653 2.965289 0.405155 0.475439 0.00
26.08 -0.438297 -0.013088 2.263612 0.514268 0.033333 0.00
26.09 -0.423251 -0.012416 1.683766 0.206478 0.253535 0.00
26.10 -0.394119 -0.008952 2.582283 0.302736 0.374912 0.00
26.11 -0.375987 -0.008283 2.139347 0.215226 0.346281 0.00
26.12 -0.346462 -0.008340 2.782060 0.114355 0.707769 0.00
26.13 -0.328478 -0.008367 2.333504 0.188690 0.472059 0.00
26.14 -0.299049 -0.008354 2.886371 0.141680 0.730856 0.00
26.15 -0.281213 -0.004564 2.363506 0.442931 0.102639 0.00
26.16 -0.252015 -0.000050 2.718063 0.425159 0.181882 0.00
26.17 -0.220435 0.004333 3.019859 0.431694 0.214833 0.00
26.18 -0.202696 0.004987 2.173515 0.234636 0.201521 0.00
26.19 -0.187662 0.004808 1.741489 0.110310 0.238366 0.00
26.20 -0.158435 0.004595 2.607811 0.050879 0.619689 0.00
26.21 -0.140242 0.004607 2.266404 0.157160 0.375544 0.00
26.22 -0.124712 0.004694 1.878691 0.142293 0.275950 0.00
26.23 -0.095433 0.004634 2.667048 0.082189 0.630232 0.00
26.24 -0.077326 0.004659 2.282141 0.172916 0.392480 0.00
26.25 -0.047817 0.004702 2.849207 0.130150 0.649766 0.00
26.26 -0.029951 0.004740 2.326174 0.197366 0.398143 0.00
26.27 -0.000625 0.008510 2.851979 0.373292 0.286224 0.00
26.28 0.017056 0.009270 2.155695 0.242959 0.230622 0.00
26.29 0.046251 0.012921 2.722853 0.344118 0.234302 0.00
26.30 0.064001 0.013591 2.103156 0.217264 0.200535 0.00
26.31 0.079267 0.013505 1.741724 0.118348 0.224904 0.00
26.32 0.094558 0.013363 1.651198 0.084226 0.251714 0.00
26.33 0.110142 0.009541 1.657223 -0.151039 0.641500 0.00
26.34 0.125980 0.005028 1.846491 -0.184833 0.832814 0.00
26.35 0.155990 0.004378 2.954452 0.068134 0.882062 0.00
26.36 0.174396 0.008433 2.495926 0.484373 0.116594 0.00
26.37 0.203667 0.016867 2.774465 0.702506 -0.210883 0.00
26.38 0.221016 0.018277 1.895811 0.286958 0.045145 0.00
26.39 0.250095 0.021709 2.563884 0.308420 0.192131 0.00
26.40 0.267989 0.022277 2.053938 0.195581 0.177155 0.00
26.41 0.283391 0.022201 1.731570 0.113669 0.191374 0.00
26.42 0.298734 0.022082 1.641879 0.084154 0.211937 0.00
26.43 0.300292 0.018294 0.680040 -0.130045 0.249878 0.00
26.44 0.313494 0.013698 1.219242 -0.270655 0.698374 0.00
26.45 0.329649 0.012979 1.771150 0.025874 0.501690 0.00
26.46 0.345920 0.009474 1.848879 -0.088489 0.747907 0.00
26.47 0.361842 0.012656 1.954357 0.346165 0.154947 0.00
26.48 0.377475 0.017300 1.704221 0.449438 -0.134613 0.00
26.49 0.392820 0.018012 1.487624 0.173037 0.161434 0.00
26.50 0.408367 0.017810 1.571028 0.089969 0.311683 0.00
26.51 0.410174 0.013972 0.718758 -0.108796 0.365643 0.00
26.52 0.423516 0.013156 1.288929 -0.000993 0.427932 0.00
26.53 0.439590 0.013203 1.665720 0.104483 0.417269 0.00
26.54 0.441697 0.013378 0.810722 0.169276 0.049914 0.00
26.55 0.454935 0.009610 1.168005 -0.162762 0.681720 0.00
26.56 0.456938 0.008819 0.776694 0.074760 0.250247 0.00
26.57 0.470620 0.008898 1.274987 0.088503 0.400292 0.00
26.58 0.472656 0.008990 0.684723 0.150150 0.124808 0.00
26.59 0.486189 0.008992 1.183258 0.079866 0.388741 0.00
26.60 0.502280 0.008962 1.617289 0.116320 0.490526 0.00
26.61 0.504495 0.005300 0.834308 -0.049782 0.520565 0.00
26.62 0.517939 0.008309 1.392787 0.291725 0.201675 0.00
26.63 0.519853 0.009134 0.621910 0.220199 0.033378 0.00
26.64 0.533223 0.009084 1.113866 0.079737 0.389997 0.00
26.65 0.535298 0.005240 0.636947 -0.100328 0.541516 0.00
26.66 0.549097 0.004475 1.370016 0.043004 0.608687 0.00
26.67 0.551361 0.004605 0.817184 0.185597 0.236414 0.00
26.68 0.564916 0.008460 1.269715 0.358192 0.095182 0.00
26.69 0.566796 0.009218 0.537485 0.213760 0.038282 0.00
26.70 0.580241 0.009088 1.097253 0.073862 0.417636 0.00
26.71 0.582404 0.005239 0.650428 -0.095486 0.564721 0.00
26.72 0.582210 0.004513 0.424756 0.073615 0.276651 0.00
26.73 0.595882 0.004542 1.183470 0.088604 0.510764 0.00
26.74 0.598219 0.004651 0.725874 0.176164 0.243683 0.00
26.75 0.597895 0.004719 0.295121 0.141177 0.148818 0.00
26.76 0.597376 0.004655 0.117137 0.095659 0.152588 0.00
26.77 0.597142 0.000823 0.087490 -0.155366 0.543556 0.00
26.78 0.597223 -0.003714 0.271332 -0.195674 0.733757 0.00
26.79 0.611514 -0.004376 1.379808 0.055062 0.777932 0.00
26.80 0.614216 -0.004089 0.920086 0.235338 0.383125 0.00
26.81 0.627909 -0.000166 1.368587 0.411265 0.235042 0.00
26.82 0.629789 0.004366 0.623078 0.497181 -0.198252 0.00
26.83 0.643096 0.004978 1.005013 0.160845 0.373814 0.00
26.84 0.645119 0.004775 0.593214 0.149399 0.259406 0.00
26.85 0.644869 0.000943 0.269323 -0.107244 0.561967 0.00
26.86 0.658633 0.000111 1.269713 0.038321 0.714402 0.00
26.87 0.661203 0.000257 0.854054 0.208446 0.349846 0.00
26.88 0.660907 0.004180 0.378284 0.416930 -0.150686 0.00
26.89 0.674240 0.004854 0.958009 0.147017 0.395824 0.00
26.90 0.676464 0.004744 0.603314 0.155499 0.271872 0.00
26.91 0.676286 0.004711 0.282759 0.134770 0.195606 0.00
26.92 0.675904 0.004658 0.143769 0.106276 0.189172 0.00
26.93 0.675722 0.000847 0.114859 -0.140168 0.573894 0.00
26.94 0.689838 -0.003707 1.254964 -0.202969 1.113810 0.00
26.95 0.692721 -0.004261 1.045785 0.174318 0.550918 0.00
26.96 0.706635 -0.000229 1.493694 0.438651 0.282465 0.00
26.97 0.708490 0.008169 0.678065 0.760732 -0.555114 0.00
26.98 0.721586 0.009537 0.850620 0.218139 0.212272 0.00
26.99 0.723437 0.009207 0.468556 0.125946 0.217790 0.00
27.00 0.723242 0.005278 0.221611 -0.128423 0.544047 0.00
27.01 0.723069 0.004467 0.295016 0.051533 0.340356 0.00
27.02 0.723055 0.004547 0.236327 0.120470 0.227498 0.00
27.03 0.722953 0.004623 0.163733 0.116956 0.207212 0.00
27.04 0.722866 0.000862 0.135029 -0.128356 0.589711 0.00
27.05 0.722953 0.000103 0.306002 0.062170 0.402949 0.00
27.06 0.723075 0.000209 0.274100 0.138139 0.289027 0.00
27.07 0.723015 0.000298 0.202244 0.136313 0.266520 0.00
27.08 0.722925 0.000302 0.169871 0.124623 0.271519 0.00
27.09 0.722891 -0.003473 0.166449 -0.113746 0.653227 0.00
27.10 0.723010 -0.004225 0.342860 0.080548 0.463081 0.00
27.11 0.723140 -0.004114 0.309379 0.156965 0.347960 0.00
27.12 0.723078 -0.004023 0.235921 0.154745 0.325439 0.00
27.13 0.722987 -0.004020 0.203046 0.142816 0.330600 0.00
27.14 0.722945 -0.004035 0.199318 0.138502 0.335390 0.00
27.15 0.722945 -0.007803 0.203122 -0.095543 0.713552 0.00
27.16 0.737106 -0.008574 1.340395 0.077629 0.872817 0.00
27.17 0.739857 -0.004617 0.952159 0.493561 0.123908 0.00
27.18 0.739481 0.000072 0.298356 0.508792 -0.188624 0.00
27.19 0.752679 0.004398 0.907221 0.395744 0.095755 0.00
27.20 0.754834 0.004943 0.451322 0.211597 0.185903 0.00
27.21 0.754626 0.001032 0.199390 -0.107206 0.596558 0.00
27.22 0.754476 0.000158 0.311191 0.065391 0.416327 0.00
27.23 0.768544 0.000200 1.237765 0.118943 0.653482 0.00
27.24 0.771093 0.004126 0.816901 0.458755 -0.003658 0.00
27.25 0.770701 0.004969 0.206879 0.231542 0.087561 0.00
27.26 0.770046 0.008559 0.056040 0.342408 -0.170842 0.00
27.27 0.769742 0.005381 -0.075499 -0.101587 0.434464 0.00
27.28 0.769777 0.004489 0.176339 0.028158 0.357714 0.00
27.29 0.770017 0.004522 0.227636 0.113268 0.259955 0.00
27.30 0.770062 0.004618 0.185743 0.123952 0.230393 0.00
27.31 0.770012 0.004639 0.154323 0.115804 0.230702 0.00
27.32 0.769974 0.004630 0.146294 0.111061 0.234560 0.00
27.33 0.769963 0.004623 0.147553 0.110344 0.236038 0.00
27.34 0.769964 0.004622 0.149369 0.110757 0.236102 0.00
27.35 0.769966 0.004622 0.150005 0.111044 0.235920 0.00
27.36 0.769967 0.004623 0.150026 0.111108 0.235835 0.00
27.37 0.769967 0.004623 0.149949 0.111094 0.235827 0.00
27.38 0.769967 0.004623 0.149911 0.111079 0.235834 0.00
27.39 0.769967 0.004623 0.149904 0.111074 0.235839 0.00
27.40 0.769967 0.004623 0.149905 0.111074 0.235839 0.00
27.41 0.769967 0.004623 0.149906 0.111075 0.235838 0.00
27.42 0.769967 0.004623 0.149906 0.111075 0.235838 0.00
27.43 0.769967 0.004623 0.149907 0.111075 0.235838 0.00
27.44 0.769960 0.008384 0.149591 0.345175 -0.141151 0.00
27.45 0.769833 0.009129 -0.023407 0.150921 0.050163 0.00
27.46 0.769707 0.009017 0.012246 0.075181 0.165097 0.00
27.47 0.769771 0.008928 0.086194 0.077691 0.187377 0.00
27.48 0.769863 0.008925 0.118971 0.089647 0.182140 0.00
27.49 0.769898 0.012701 0.122271 0.328031 -0.199636 0.00
27.50 0.769779 0.013453 -0.054244 0.133704 -0.009480 0.00
27.51 0.769649 0.013341 -0.020794 0.057272 0.105652 0.00
27.52 0.769710 0.013251 0.052664 0.059489 0.128177 0.00
27.53 0.769794 0.017008 0.085230 0.305519 -0.253972 0.00
27.54 0.769711 0.017768 -0.084030 0.115580 -0.067447 0.00
27.55 0.769591 0.017663 -0.051865 0.039785 0.046314 0.00
27.56 0.769645 0.021335 0.019561 0.275706 -0.308203 0.00
27.57 0.769608 0.022077 -0.121147 0.093114 -0.121878 0.00
27.58 0.769516 0.025740 -0.082097 0.255731 -0.388645 0.00
27.59 0.769460 0.026403 -0.184558 0.063945 -0.176216 0.00
27.60 0.769416 0.030049 -0.118600 0.233586 -0.443317 0.00
27.61 0.769386 0.034480 -0.214838 0.279937 -0.611260 0.00
27.62 0.769232 0.035116 -0.322826 0.021799 -0.311331 0.00
27.63 0.755177 0.034955 -1.173781 -0.026036 -0.529485 0.00
27.64 0.752708 0.034787 -0.718274 -0.117718 -0.256629 0.00
27.65 0.738979 0.038492 -1.239912 0.175811 -0.889637 0.00
27.66 0.736751 0.039221 -0.877785 -0.076897 -0.446400 0.00
27.67 0.723019 0.039115 -1.367254 -0.091349 -0.592194 0.00
27.68 0.706964 0.035284 -1.730534 -0.363154 -0.290661 0.00
27.69 0.690937 0.034457 -1.700798 -0.203276 -0.489909 0.00
27.70 0.675155 0.034507 -1.764021 -0.141660 -0.602414 0.00
27.71 0.659333 0.034569 -1.834424 -0.147075 -0.627642 0.00
27.72 0.643530 0.034563 -1.864307 -0.159883 -0.628610 0.00
27.73 0.627788 0.030783 -1.869316 -0.400002 -0.253433 0.00
27.74 0.612202 0.026265 -1.696213 -0.442258 -0.072845 0.00
27.75 0.596743 0.025626 -1.560678 -0.174270 -0.385325 0.00
27.76 0.567062 0.025848 -2.635725 -0.081661 -0.879552 0.00
27.77 0.548555 0.029613 -2.393864 0.029549 -1.022926 0.00
27.78 0.532766 0.026487 -2.200323 -0.395582 -0.346107 0.00
27.79 0.503460 0.021911 -2.774632 -0.452864 -0.395441 0.00
27.80 0.485679 0.017399 -2.172198 -0.503973 -0.064303 0.00
27.81 0.456458 0.016810 -2.640993 -0.180914 -0.655827 0.00
27.82 0.424576 0.017018 -3.218685 -0.160599 -0.891994 0.00
27.83 0.406453 0.016986 -2.544088 -0.248857 -0.563004 0.00
27.84 0.377286 0.013208 -2.964055 -0.414083 -0.430700 0.00
27.85 0.345723 0.004971 -3.191689 -0.719188 0.025361 0.00
27.86 0.314197 0.003525 -3.056569 -0.300130 -0.484770 0.00
27.87 0.282736 0.000003 -3.239995 -0.406506 -0.359735 0.00
27.88 0.251167 -0.004362 -3.246339 -0.469503 -0.221008 0.00
27.89 0.219769 -0.005020 -3.177369 -0.230799 -0.524194 0.00
27.90 0.202350 -0.004890 -2.333488 -0.191946 -0.312691 0.00
27.91 0.173394 -0.008501 -2.790864 -0.338941 -0.219706 0.00
27.92 0.155818 -0.009203 -2.101580 -0.208502 -0.167437 0.00
27.93 0.126619 -0.009085 -2.679494 -0.079298 -0.546626 0.00
27.94 0.094694 -0.005227 -3.198389 0.107495 -1.048045 0.00
27.95 0.076549 -0.008354 -2.621165 -0.403720 -0.132058 0.00
27.96 0.047478 -0.012988 -2.802908 -0.438649 -0.082257 0.00
27.97 0.016137 -0.017426 -2.990729 -0.427672 -0.100472 0.00
27.98 -0.015483 -0.018034 -3.073656 -0.193717 -0.447774 0.00
27.99 -0.047130 -0.017890 -3.253022 -0.150113 -0.584091 0.00
28.00 -0.064769 -0.021633 -2.403876 -0.431250 0.122871 0.00